id_en	shuffled_candidates_json
1001	"[{""id"":31222,""pun"":""Un prof de yoga qui ment, c'est quelqu'un qui manque de sincéri-thé."",""run"":""gemini""},{""id"":58124,""pun"":""Pourquoi les profs de yoga ne s'énervent jamais ? Parce qu'ils ont une patience élastique."",""run"":""gemini""},{""id"":41492,""pun"":""Les profs de yoga ont un emploi du temps très souple."",""run"":""gemini""},{""id"":60332,""pun"":""Le prof de yoga a été viré car il faisait trop de vagues en position du dauphin."",""run"":""gemini""},{""id"":63008,""pun"":""Au yoga, si tu n'es pas à l'heure, c'est que tu as un problème d'alignement."",""run"":""gemini""},{""id"":99619,""pun"":""Le cours de yoga a été annulé : le prof était trop tendu."",""run"":""gemini""},{""id"":51534,""pun"":""L'élève en yoga n'a pas pu venir car il avait un empêchement de taille : il n'était pas assez grand pour toucher ses pieds."",""run"":""gemini""},{""id"":62615,""pun"":""Pourquoi le yoga est-il bon pour les affaires ? Parce qu'on y apprend à gérer ses actifs et ses étirements."",""run"":""gemini""},{""id"":33238,""pun"":""Un prof de yoga qui réussit, c'est quelqu'un qui a le bras long... et la jambe aussi."",""run"":""gemini""},{""id"":15263,""pun"":""Le prof de yoga est resté bloqué dans sa position, il est dans de beaux draps... de relaxation."",""run"":""gemini""},{""id"":25196,""pun"":""Les yogis adorent le chocolat car ça les aide à garder la ligne."",""run"":""gemini""},{""id"":31599,""pun"":""Un prof de yoga est toujours prêt à faire des concessions, il est très zen-timentale."",""run"":""gemini""}]"
1002	"[{""id"":33005,""pun"":""Le collectionneur de vinyles est mort sans héritier : il n'a laissé aucune trace."",""run"":""gemini""},{""id"":52296,""pun"":""On m'a volé ma liste de 33 tours : c'est un disque dur à avaler."",""run"":""gemini""},{""id"":33344,""pun"":""Le bibliothécaire est devenu DJ car il aimait déjà beaucoup les archives."",""run"":""gemini""},{""id"":90819,""pun"":""Quand je perds un de mes albums, je m'inquiète pour mes données personnelles."",""run"":""gemini""},{""id"":22549,""pun"":""Je prends des notes sur chaque album pour ne pas perdre la face."",""run"":""gemini""},{""id"":10784,""pun"":""Ma collection de disques est si lourde que mon étagère fait un burn-out : elle est au bout du rouleau."",""run"":""gemini""},{""id"":90771,""pun"":""Écrire le nom de chaque disque sur un registre, c'est vraiment le comble du tourne-disque."",""run"":""gemini""},{""id"":90609,""pun"":""J'ai tellement de 45 tours que je ne sais plus quoi en faire. Je commence vraiment à avoir des problèmes de disques."",""run"":""gemini""},{""id"":70474,""pun"":""J'ai voulu classer mes disques de jazz, mais j'ai fini par perdre la mesure."",""run"":""gemini""},{""id"":60637,""pun"":""Je note tout sur mes vinyles pour être sûr que tout soit bien consigné."",""run"":""gemini""},{""id"":84930,""pun"":""Un DJ qui range sa collection de vinyles cherche toujours à faire bonne impression, c'est une question de sillons."",""run"":""gemini""},{""id"":76551,""pun"":""Mon oncle a classé tous ses vieux disques. Il dit que c'est une quête vaine, mais pour lui c'est dans la veine."",""run"":""gemini""}]"
1003	"[{""id"":93627,""pun"":""Le traitement de Moïse contre l'idolâtrie ? Un cure-dent contre le Veau d'or."",""run"":""gemini""},{""id"":37426,""pun"":""C'est l'histoire d'un mec qui prend des médicaments par voie orale, mais comme c'est la Bible, il prend des psaumes."",""run"":""gemini""},{""id"":15942,""pun"":""Moïse a été le premier à utiliser une tablette pour synchroniser ses données avec le Cloud."",""run"":""gemini""},{""id"":98231,""pun"":""Quel est le comble pour un pharmacien ? C'est de devoir graver ses ordonnances dans la pierre parce qu'elles sont imbuvables."",""run"":""gemini""},{""id"":25495,""pun"":""On dit que les commandements étaient gravés, mais c'était surtout pour que le message passe la rampe."",""run"":""gemini""},{""id"":75144,""pun"":""Moïse a inventé le premier écran tactile : il a suffi d'un doigt de Dieu pour que la tablette s'allume."",""run"":""gemini""},{""id"":55255,""pun"":""L'exode c'est l'histoire d'un peuple qui cherche un remède à la mer Rouge."",""run"":""gemini""},{""id"":41186,""pun"":""En cas de crise de foi, prenez deux plaquettes de Moïse."",""run"":""gemini""},{""id"":43193,""pun"":""Moïse était un précurseur : il avait déjà ses fichiers sur des supports solides."",""run"":""gemini""},{""id"":11808,""pun"":""Pourquoi Moïse ne prenait-il jamais d'aspirine ? Parce qu'il préférait les dix commandements en plaques."",""run"":""gemini""},{""id"":36628,""pun"":""Pour les maux de tête bibliques, rien ne vaut une injection de rappel des dix commandements."",""run"":""gemini""},{""id"":37691,""pun"":""Moïse est descendu du mont Sinaï avec deux comprimés de pierre pour soigner les péchés d'Israël."",""run"":""gemini""}]"
1004	"[{""id"":56225,""pun"":""Vendre des cartes de vœux, c'est un métier qui a bon dos, surtout quand on l'enveloppe."",""run"":""gemini""},{""id"":34425,""pun"":""Un fabricant de cartes qui fait faillite, c'est un homme de lettre qui perd son cachet."",""run"":""gemini""},{""id"":72564,""pun"":""Les facteurs n'aiment pas les cartes de vœux, ça les fait toujours courir au timbrage."",""run"":""gemini""},{""id"":25942,""pun"":""Le devin qui travaille chez Hallmark lit l'avenir dans les cartes, mais surtout de crédit."",""run"":""gemini""},{""id"":37653,""pun"":""Les entreprises de vœux n'ont pas de problèmes de communication, elles s'adressent à tout le monde."",""run"":""gemini""},{""id"":97026,""pun"":""Le PDG de la papeterie a reçu un massage de vœux : il était complètement timbré."",""run"":""gemini""},{""id"":52269,""pun"":""Si la papeterie brûle, le patron pourra toujours se recycler dans les faire-part de décès."",""run"":""gemini""},{""id"":66981,""pun"":""Le destin d'un fabricant de cartes de vœux est toujours scellé."",""run"":""gemini""},{""id"":44739,""pun"":""Les fabricants de cartes de vœux n'ont pas peur de l'avenir : ils savent tirer leur épingle du jeu."",""run"":""gemini""},{""id"":23241,""pun"":""Une carte de vœux qui tombe à l'eau, c'est un message qui prend l'humidité avant de prendre le pli."",""run"":""gemini""},{""id"":51794,""pun"":""Pourquoi les papetiers sont-ils sereins ? Parce qu'ils ont toujours une carte en main."",""run"":""gemini""},{""id"":46019,""pun"":""Pour une entreprise de carterie, l'avenir n'est pas flou, il est juste posté."",""run"":""gemini""}]"
1005	"[{""id"":22722,""pun"":""Un insomniaque au bord du lit a toujours une longueur d'avance sur sa chute libre."",""run"":""gemini""},{""id"":86602,""pun"":""Si tu as peur de tomber dans le coma, évite d'abord de tomber dans les pommes de terre."",""run"":""gemini""},{""id"":68076,""pun"":""Je n'arrive pas à décrocher du travail, c'est pour ça que mon réveil me suspend le sommeil."",""run"":""gemini""},{""id"":37942,""pun"":""Il n'y a que les plongeurs qui font de vraies chutes de tension en allant se coucher."",""run"":""gemini""},{""id"":28842,""pun"":""Le lit est le seul endroit où l'on peut faire une descente de lit sans appeler la police."",""run"":""gemini""},{""id"":69094,""pun"":""L'insomnie est une maladie de bord : on finit toujours par s'endormir sur la tranche du lit."",""run"":""gemini""},{""id"":78525,""pun"":""J'ai essayé de compter les moutons, mais le berger m'a réveillé pour me demander son chemin."",""run"":""gemini""},{""id"":88987,""pun"":""Si tu tombes de fatigue au milieu de la route, fais attention à ne pas faire de dodo-d'âne."",""run"":""gemini""},{""id"":36091,""pun"":""Le marchand de sable a fait faillite, il n'avait plus assez de grains de conscience."",""run"":""gemini""},{""id"":12540,""pun"":""Pour dormir sur ses deux oreilles, il faut d'abord en avoir une de chaque côté du lit."",""run"":""gemini""},{""id"":85427,""pun"":""Ceux qui dorment au bord du gouffre ne tombent pas de haut, ils tombent de sommeil."",""run"":""gemini""},{""id"":95186,""pun"":""Les insomniaques ne font jamais de rêves de grandeur : ils se contentent de graver des échelons pour ne pas tomber de sommeil."",""run"":""gemini""}]"
1006	"[{""id"":44632,""pun"":""Un mouton qui fait de la magie s'appelle un Abracadabri."",""run"":""gemini""},{""id"":20060,""pun"":""Le mouton n'est pas méchant, il est juste un peu bêle."",""run"":""gemini""},{""id"":15808,""pun"":""Le boucher est tombé dans les pommes de terre, c'est un vrai sauté d'agneau."",""run"":""gemini""},{""id"":77875,""pun"":""Les moutons préfèrent le rock, surtout pour la basse-cour."",""run"":""gemini""},{""id"":36452,""pun"":""Qu'est-ce qu'un mouton qui fait du karaté ? Un agneau-nime."",""run"":""gemini""},{""id"":87422,""pun"":""Pourquoi les moutons sont-ils nuls aux échecs ? Parce qu'ils perdent toujours leurs pions."",""run"":""gemini""},{""id"":44650,""pun"":""Pour certains, manger du mouton, c'est tout ou agneau."",""run"":""gemini""},{""id"":70156,""pun"":""Quand la brebis est contente, elle rit aux éclats, c'est une vraie côtelette."",""run"":""gemini""},{""id"":15876,""pun"":""Quel est le plat préféré des moutons ? Les spaghettis à la bologne-aise."",""run"":""gemini""},{""id"":14732,""pun"":""À la boucherie, quand il n'y a plus d'agneau, il ne reste vraiment mouton rien."",""run"":""gemini""},{""id"":53790,""pun"":""On a demandé son avis au mouton, mais il n'a rien dit, il a fait de la langue de bois."",""run"":""gemini""},{""id"":22046,""pun"":""Les éleveurs de brebis ne s'ennuient jamais, ils ont toujours du pain sur la bêle."",""run"":""gemini""}]"
1007	"[{""id"":17029,""pun"":""Ceux qui refusent de changer d'époque vivent dans le passé composé."",""run"":""gemini""},{""id"":56889,""pun"":""Le mec qui a inventé le calendrier n'avait vraiment pas de futur."",""run"":""gemini""},{""id"":59839,""pun"":""Ceux qui détestent les montres ont vraiment un mauvais quart d'heure à passer."",""run"":""gemini""},{""id"":66369,""pun"":""Pourquoi les éternels retardataires ne vieillissent-ils jamais ? Parce qu'ils n'arrivent jamais à l'heure H."",""run"":""gemini""},{""id"":95964,""pun"":""Un horloger qui prend sa retraite, c'est quelqu'un qui a enfin du temps devant lui."",""run"":""gemini""},{""id"":54215,""pun"":""Partir à point, c’est bien, mais arriver à l’heure, c’est une autre paire de manches de chemise."",""run"":""gemini""},{""id"":12623,""pun"":""Il ne faut pas demander l'heure à un boulanger, il est toujours au four et au moulin."",""run"":""gemini""},{""id"":73070,""pun"":""Les historiens de la mode sont toujours dans l'air du temps, mais surtout dans l'ère du vêtement."",""run"":""gemini""},{""id"":79009,""pun"":""Les gens qui vivent dans le futur ont souvent des problèmes de présent."",""run"":""gemini""},{""id"":54990,""pun"":""Les gens qui vivent au rythme des saisons sont des gens de bon tempérament."",""run"":""gemini""},{""id"":37736,""pun"":""C'est dur d'être à l'heure quand on travaille dans une usine de montres, on n'a jamais vu le temps passer."",""run"":""gemini""},{""id"":57489,""pun"":""Celui qui a inventé la montre à quartz est resté planté là, il n'a pas vu la pierre venir."",""run"":""gemini""}]"
1008	"[{""id"":97686,""pun"":""J'ai utilisé de l'eau gazeuse pour laver le sol : c'est un nettoyage de bulles de savon."",""run"":""gemini""},{""id"":88025,""pun"":""Un vitrier qui joue du piano a toujours des doigts de fée du logis."",""run"":""gemini""},{""id"":21062,""pun"":""Le plombier a débouché la bouteille : c'était une eau de source de revenus."",""run"":""gemini""},{""id"":78954,""pun"":""Un électricien au regard brillant ? C'est quelqu'un de courant."",""run"":""gemini""},{""id"":77597,""pun"":""Pour un ménage de printemps éclatant, je suis très friand de produits brillants."",""run"":""gemini""},{""id"":72727,""pun"":""Lavez vos verres à la bière : pour une clarté sans pression."",""run"":""gemini""},{""id"":96134,""pun"":""Il a mis du champagne dans son seau : c'est un décapage de luxe."",""run"":""gemini""},{""id"":89802,""pun"":""Le concierge est un vrai soleil : il rend tout radiant sans effort."",""run"":""gemini""},{""id"":71829,""pun"":""Nettoyer son miroir avec du cidre, c'est une idée brut."",""run"":""gemini""},{""id"":93949,""pun"":""Il a lavé son carrelage avec du kir royal pour que ça mousse."",""run"":""gemini""},{""id"":80350,""pun"":""L'astronome qui lave ses verres voit enfin des étoiles filantes."",""run"":""gemini""},{""id"":42788,""pun"":""Un nettoyeur de vitres qui boit du champagne a toujours des résultats pétillants."",""run"":""gemini""}]"
1009	"[{""id"":97222,""pun"":""J'ai voulu faire un gâteau au Pays Basque, mais j'ai complètement raté la Basque-ule."",""run"":""gemini""},{""id"":59479,""pun"":""Tu connais le sport préféré des touristes à Bilbao ? Le Basque-et."",""run"":""gemini""},{""id"":52254,""pun"":""Quand il fait trop chaud à San Sebastian, je deviens un vrai râleur de la chaleur."",""run"":""gemini""},{""id"":73156,""pun"":""Le mec qui s'est endormi sur la plage de Biarritz a fini complètement Basque-ulcul."",""run"":""gemini""},{""id"":50929,""pun"":""Cet été j'ai décidé de ne pas bronzer, je préfère rester au frais et faire du Basque-et."",""run"":""gemini""},{""id"":97809,""pun"":""Pourquoi les Espagnols ne sont-ils jamais bronzés ? Car ils restent toujours dans la Basque-cour."",""run"":""gemini""},{""id"":14032,""pun"":""Il fait si chaud au Pays Basque que même les poules restent dans la Basque-cour."",""run"":""gemini""},{""id"":98927,""pun"":""Pour les vacances, j'ai pris une option espagnole : je vais me prélasser en mode Basque-ule."",""run"":""gemini""},{""id"":98265,""pun"":""À force de bronzer à Biarritz, j'ai fini par avoir les Basque-ines qui chauffent."",""run"":""gemini""},{""id"":76916,""pun"":""Ma méthode pour ne pas bronzer en Espagne ? Je reste dans la Basque-ment."",""run"":""gemini""},{""id"":32555,""pun"":""Quand je vais en Espagne, je ne porte jamais de baskets, je préfère marcher en Basque-et."",""run"":""gemini""},{""id"":98862,""pun"":""En vacances au pays basque, j'évite le soleil pour ne pas devenir un vrai râleur à cause de la chaleur."",""run"":""gemini""}]"
1010	"[{""id"":23360,""pun"":""Le prénom le plus chat-moureux du monde."",""run"":""gemini""},{""id"":44374,""pun"":""Pour un chat qui a du chat-risme."",""run"":""gemini""},{""id"":31617,""pun"":""Un nom tout à fait chat-marrant."",""run"":""gemini""},{""id"":76348,""pun"":""C'est chat-génial comme idée."",""run"":""gemini""},{""id"":48672,""pun"":""Un résultat cat-astrophique ? Non, cat-astronomique !"",""run"":""gemini""},{""id"":82422,""pun"":""Trouvez un nom félin-telligentsia."",""run"":""gemini""},{""id"":21309,""pun"":""Un nom qui a du miaou-trant."",""run"":""gemini""},{""id"":88352,""pun"":""C'est chat-voureusement bien choisi."",""run"":""gemini""},{""id"":24440,""pun"":""C'est un choix de nom chat-crément bon."",""run"":""gemini""},{""id"":77727,""pun"":""Ne donnez pas de nom chat-loupé."",""run"":""gemini""},{""id"":93502,""pun"":""Votre chat sera chat-mblé par ce choix."",""run"":""gemini""},{""id"":28184,""pun"":""Un nom qui va faire du chat-hut."",""run"":""gemini""}]"
1011	"[{""id"":99883,""pun"":""Pourquoi les ampoules sont-elles sveltes? Parce qu'elles mangent léger."",""run"":""gemini""},{""id"":44746,""pun"":""Un briquet qui ne marche pas, c'est sans feu ni lieu."",""run"":""gemini""},{""id"":44644,""pun"":""Les fantômes sont légers car ils n'ont plus de corps de métier."",""run"":""gemini""},{""id"":66822,""pun"":""Un pneu qui pèse peu est un pneu qui a de l'air."",""run"":""gemini""},{""id"":54518,""pun"":""Un sprinter qui change de peau est un coureur de couleur."",""run"":""gemini""},{""id"":33333,""pun"":""C'est l'histoire d'un photographe très léger : il vit d'amour et d'eau fraîche, mais surtout d'exposition."",""run"":""gemini""},{""id"":39746,""pun"":""Comment appelle-t-1 un rayon de soleil qui ment ? Une lueur qui leurre."",""run"":""gemini""},{""id"":49627,""pun"":""Ma nouvelle lampe est tellement légère qu'elle plane : c'est un luminaire de vol."",""run"":""gemini""},{""id"":37642,""pun"":""Les lampes de chevet se croient supérieures car elles ont une lueur d'espoir."",""run"":""gemini""},{""id"":96837,""pun"":""Pour peser moins lourd, les peintres enlèvent une couche."",""run"":""gemini""},{""id"":31127,""pun"":""Ce régime est si brillant qu'on l'appelle la 'diète lumière'."",""run"":""gemini""},{""id"":60506,""pun"":""Les nuages sont légers parce qu'ils n'ont pas de poids sur la conscience."",""run"":""gemini""}]"
1012	"[{""id"":33856,""pun"":""L'employé alcoolique est toujours très pris : surtout de boisson."",""run"":""gemini""},{""id"":52061,""pun"":""Il ne travaille jamais à jeun, il a trop peur de faire une erreur de mise en bouteille."",""run"":""gemini""},{""id"":59303,""pun"":""Il n'est jamais débordé par le travail, seulement par sa propre coupe."",""run"":""gemini""},{""id"":95287,""pun"":""Mon collègue boit tellement au bureau qu'il est indispensable : il apporte toujours sa tournée de dossiers."",""run"":""gemini""},{""id"":64936,""pun"":""Il refuse de travailler sous pression, sauf quand elle est en fût."",""run"":""gemini""},{""id"":71924,""pun"":""On a demandé au collègue ivre de s'occuper du dossier : il était déjà complètement saturé."",""run"":""gemini""},{""id"":34997,""pun"":""Son poste est stable, mais lui, il tangue un peu."",""run"":""gemini""},{""id"":51690,""pun"":""Au bureau, il ne perd jamais le Nord, mais souvent la boussole et le bouchon."",""run"":""gemini""},{""id"":63041,""pun"":""Le comptable est ivre mort, il a encore trop abusé des chiffres ronds."",""run"":""gemini""},{""id"":89425,""pun"":""Ce stagiaire est un vrai génie de la lampe : il vide toutes les bouteilles."",""run"":""gemini""},{""id"":48278,""pun"":""Il dit qu'il a une surcharge de travail, mais c'est surtout une surcharge pondérale de vin blanc."",""run"":""gemini""},{""id"":61551,""pun"":""C'est un employé très équilibré : il a un verre dans chaque main."",""run"":""gemini""}]"
1013	"[{""id"":44280,""pun"":""Son patron critique son manque de clarté, alors qu'il est pourtant souvent bien éclairé."",""run"":""gemini""},{""id"":76972,""pun"":""C'est un employé qui ne perd jamais le nord : il finit toujours sa journée complètement à l'ouest."",""run"":""gemini""},{""id"":91361,""pun"":""Le comptable ne fait plus de calculs, il ne fait plus que des verres de contact."",""run"":""gemini""},{""id"":61269,""pun"":""C'est un expert en dossiers classés : surtout ceux qui contiennent une bouteille de Bordeaux."",""run"":""gemini""},{""id"":65934,""pun"":""Le stagiaire est toujours plein de bonne volonté, mais surtout plein tout court depuis le déjeuner."",""run"":""gemini""},{""id"":83551,""pun"":""Il travaille tellement dans la vigne qu'il finit par être un collaborateur très spiritueux."",""run"":""gemini""},{""id"":56636,""pun"":""Il souffre de bourrage de crâne, ou plutôt de barrage de canne... à sucre."",""run"":""gemini""},{""id"":81608,""pun"":""On disait qu'il était accroc au boulot, mais au bureau, il était surtout à cran... de d'gin."",""run"":""gemini""},{""id"":50352,""pun"":""On dit qu'il a une surcharge de travail, mais c'est surtout sa charge hépatique qui inquiète."",""run"":""gemini""},{""id"":93997,""pun"":""À force de boire des verres, ce collègue a fini par devenir un cadre très transparent."",""run"":""gemini""},{""id"":46738,""pun"":""Au bureau, il est débordé : entre sa pile de dossiers et sa descente de coude."",""run"":""gemini""},{""id"":81473,""pun"":""Il ne lève jamais le pied au bureau, sauf pour lever le coude."",""run"":""gemini""}]"
1014	"[{""id"":86225,""pun"":""L'orthodontiste est resté sans voix : son patient avait un sacré caractère, mais surtout une mauvaise haleine de fer."",""run"":""gemini""},{""id"":32780,""pun"":""Pour son appareil dentaire, l'enfant n'était pas emballé, mais le dentiste l'a vite mis au courant avec son fil."",""run"":""gemini""},{""id"":99950,""pun"":""Mon dentiste est un vrai magicien : il fait apparaître des sourires grâce à ses tours de broches."",""run"":""gemini""},{""id"":28617,""pun"":""À la fin du rendez-vous, l'orthodontiste a conclu : « C'est bon, on a fait le pont. »"",""run"":""gemini""},{""id"":35891,""pun"":""L'enfant ne voulait pas de son appareil, mais son père a insisté : « Il faut que tu te tiennes à carreau, ou plutôt à bagues. »"",""run"":""gemini""},{""id"":40223,""pun"":""Pourquoi l'orthodontiste est-il toujours calme ? Parce qu'il a les nerfs d'acier."",""run"":""gemini""},{""id"":32615,""pun"":""Le dentiste a dit à son patient : « Ne t'inquiète pas, on va mettre les bouchées doubles pour ton alignement. »"",""run"":""gemini""},{""id"":15096,""pun"":""L'appareil était si serré que l'enfant a fini par avoir un rire jaune métal."",""run"":""gemini""},{""id"":15070,""pun"":""Un bon orthodontiste, c'est quelqu'un qui a toujours un fil à la patte."",""run"":""gemini""},{""id"":73162,""pun"":""Le gamin n'arrêtait pas de se plaindre de ses bagues ; il était vraiment dur de la feuille d'acier."",""run"":""gemini""},{""id"":19555,""pun"":""On a demandé à l'orthodontiste s'il aimait son métier. Il a répondu : « Oui, c'est mon gagne-pain, car je redresse les torts. »"",""run"":""gemini""},{""id"":63882,""pun"":""Le petit garçon était stressé par ses bagues : il craignait d'avoir un sourire qui ne manque pas de sel, mais de fer."",""run"":""gemini""}]"
1015	"[{""id"":21781,""pun"":""Elle a de si longs orteils qu'elle ne fait pas des pointes, elle fait des lances."",""run"":""gemini""},{""id"":52855,""pun"":""Elle chausse du 47 : dès qu'elle fait un pas, c'est un exploit de taille."",""run"":""gemini""},{""id"":11899,""pun"":""Vendre des chaussures taille 48 ? C'est une affaire qui marche, mais à grands pas."",""run"":""gemini""},{""id"":56186,""pun"":""Elle a de tels pieds que pour elle, chaque pas est un kilomètre-effort."",""run"":""gemini""},{""id"":48303,""pun"":""Elle chausse du 50, alors ses chaussures ne sont pas des souliers, ce sont des paquebots."",""run"":""gemini""},{""id"":31109,""pun"":""Pour ses pieds immenses, trouver une chaussure à son pied est un paradoxe."",""run"":""gemini""},{""id"":84543,""pun"":""Avec ses pieds de géante, elle ne fait jamais de vagues, elle fait des raz-de-marée."",""run"":""gemini""},{""id"":93909,""pun"":""Trouver des talons en 46, c'est le talon d'Achille de son shopping."",""run"":""gemini""},{""id"":30449,""pun"":""Trouver des escarpins en 45 pour ma femme, c'était un vrai casse-pieds."",""run"":""gemini""},{""id"":74452,""pun"":""Quand elle a enfin trouvé ses bottines géantes, elle a pris son pied au sens propre."",""run"":""gemini""},{""id"":65149,""pun"":""Elle a de si grands pieds qu'elle ne vit pas sur un grand pied, elle vit sur un piédestal."",""run"":""gemini""},{""id"":59479,""pun"":""Chercher du 48 en magasin, c'est s'exposer à une fin de non-recevoir de plain-pied."",""run"":""gemini""}]"
1016	"[{""id"":63942,""pun"":""« C'est ici que je suis né », dit-il avec localité."",""run"":""gemini""},{""id"":68586,""pun"":""« Je n'ai plus d'argent », dit-il avec pauvreté."",""run"":""gemini""},{""id"":58489,""pun"":""« Je n'aime pas le poisson », dit-il d'un ton tranchant."",""run"":""gemini""},{""id"":13850,""pun"":""« J'ai trop mangé de poulet », dit-il avec émotion."",""run"":""gemini""},{""id"":79136,""pun"":""« Ma récolte de blé est un désastre », dit le fermier en se lamentant."",""run"":""gemini""},{""id"":75026,""pun"":""« Je ne crois plus au Père Noël », dit-il avec désenchantement."",""run"":""gemini""},{""id"":80452,""pun"":""« Qu'importe la pluie, restons zen », dit-il d'un ton flegmatique."",""run"":""gemini""},{""id"":73243,""pun"":""« J'adore le camping », dit-il intensément."",""run"":""gemini""},{""id"":22664,""pun"":""« Cette viande est trop dure », dit-il avec fermeté."",""run"":""gemini""},{""id"":48578,""pun"":""« On va se régaler », dit-il de bonne grâce."",""run"":""gemini""},{""id"":95509,""pun"":""« Ce vin est délicieux », dit-il avec ivresse."",""run"":""gemini""},{""id"":15455,""pun"":""« Ce jardin est propre », dit-il avec clarté."",""run"":""gemini""}]"
1017	"[{""id"":22821,""pun"":""Le business de la divination est plein d'avenirs."",""run"":""gemini""},{""id"":71335,""pun"":""Pour un oracle, le succès est une question de bonne fortune."",""run"":""gemini""},{""id"":15285,""pun"":""Plus un médium est riche, plus il a de l'esprit."",""run"":""gemini""},{""id"":33952,""pun"":""Les revenus d'un voyant sont souvent basés sur la revue de presse."",""run"":""gemini""},{""id"":28986,""pun"":""Une voyante qui gagne beaucoup d'argent fait preuve de clair-vaillance."",""run"":""gemini""},{""id"":26073,""pun"":""Un astrologue milliardaire a toujours la tête dans les étoiles."",""run"":""gemini""},{""id"":37854,""pun"":""Un médium qui ne travaille pas n'a pas de boules de cristal, il a les boules."",""run"":""gemini""},{""id"":67862,""pun"":""L'oracle a investi dans l'or-acle pour assurer son capital."",""run"":""gemini""},{""id"":40888,""pun"":""Les voyants en crise finissent par perdre la face alors qu'ils auraient dû perdre la fesse."",""run"":""gemini""},{""id"":41033,""pun"":""Un cartomancien qui fait faillite n'a plus aucune carte en main."",""run"":""gemini""},{""id"":81404,""pun"":""Pour augmenter sa marge, l'oracle doit savoir lire entre les lignes."",""run"":""gemini""},{""id"":53423,""pun"":""Les voyants doivent surveiller leur profétabilité."",""run"":""gemini""}]"
1018	"[{""id"":74340,""pun"":""Les banquiers français sont toujours très francs, ils n'ont pas de retenue d'argent."",""run"":""gemini""},{""id"":67538,""pun"":""Je n'ai pas confiance en ce banquier : il n'a jamais été très franc avec mon or liquide."",""run"":""gemini""},{""id"":90342,""pun"":""Dans le milieu de la finance, être franc est une devise que peu respectent."",""run"":""gemini""},{""id"":33727,""pun"":""Le banquier m'a dit ses quatre vérités : il m'a rendu mes quatre derniers francs."",""run"":""gemini""},{""id"":11163,""pun"":""Pour un banquier, être franc, c'est avant tout une question de valeur refuge."",""run"":""gemini""},{""id"":85691,""pun"":""L'avantage des banquiers suisses, c'est qu'ils sont francs sans être trop monétaires."",""run"":""gemini""},{""id"":72882,""pun"":""Les pièces de théâtre sur la monnaie sont rares, car les acteurs ne sont pas assez francs."",""run"":""gemini""},{""id"":62455,""pun"":""On a demandé son avis au banquier : il a été très franc, mais ça nous a coûté cher."",""run"":""gemini""},{""id"":39188,""pun"":""Pourquoi les anciens banquiers sont-ils sincères ? Parce qu'ils ont gardé leur vieux franc."",""run"":""gemini""},{""id"":38537,""pun"":""Le banquier était si honnête qu'on l'appelait le Franc-Sonneur."",""run"":""gemini""},{""id"":67424,""pun"":""Depuis le passage à l'euro, les banquiers français ont perdu une partie de leur franchise."",""run"":""gemini""},{""id"":58749,""pun"":""Un banquier qui dit la vérité, c'est un homme qui a du liquide dans ses paroles et du franc-parler."",""run"":""gemini""}]"
1019	"[{""id"":58023,""pun"":""Le courrier est devenu fou, il a fini par se jeter dans la boîte aux lettres de noblesse."",""run"":""gemini""},{""id"":68458,""pun"":""Pourquoi la poste est-elle en colère ? Parce qu'on lui a piqué son timbre."",""run"":""gemini""},{""id"":84861,""pun"":""Pour ne pas devenir fou à la poste, il faut garder son sang-froid... ou son pli."",""run"":""gemini""},{""id"":76985,""pun"":""Pourquoi le facteur est-il dingue ? Parce qu'il est toujours entre deux colis-res."",""run"":""gemini""},{""id"":76837,""pun"":""On m'a dit que le service postal était excentrique, c'est sûrement une question de cachet."",""run"":""gemini""},{""id"":44864,""pun"":""C'est l'histoire d'un postier qui a perdu la tête, il était complètement dé-malle-é."",""run"":""gemini""},{""id"":20462,""pun"":""Une lettre d'amour qui se perd, c'est un coup de foudre sans adresse."",""run"":""gemini""},{""id"":18096,""pun"":""Travailler à la poste rend fou : à force de voir des gens timbrés, on finit par perdre l'adresse."",""run"":""gemini""},{""id"":82642,""pun"":""Un facteur qui perd les pédales, c'est un homme de lettres qui n'a plus de suite dans les idées."",""run"":""gemini""},{""id"":72582,""pun"":""Le centre de tri est en plein délire, c'est du courrier d'aliéné."",""run"":""gemini""},{""id"":17472,""pun"":""Le facteur est un peu instable, il ne sait jamais sur quel pied d'enveloppe danser."",""run"":""gemini""},{""id"":28133,""pun"":""Ma factrice est obsédée par son poids, elle veut toujours rester dans la bonne case postale."",""run"":""gemini""}]"
1020	"[{""id"":51568,""pun"":""Une querelle de brasserie, c'est souvent beaucoup de mousse pour rien."",""run"":""gemini""},{""id"":82193,""pun"":""Ce barman est insupportable, il brasse toujours du vent."",""run"":""gemini""},{""id"":36469,""pun"":""On m'a dit que la bière rendait agressif, c'est de la pure pression atmosphérique."",""run"":""gemini""},{""id"":56209,""pun"":""Quand deux piliers de bar se disputent, c'est souvent un conflit de canettes."",""run"":""gemini""},{""id"":58498,""pun"":""Entre deux bouteilles, il n'y a pas de dialogue, juste un mal-entendu."",""run"":""gemini""},{""id"":79542,""pun"":""À force de boire, il a fini par se brouiller avec son ombre au tableau noir du pub."",""run"":""gemini""},{""id"":78838,""pun"":""Ils ne se supportent plus, ils font pils à part."",""run"":""gemini""},{""id"":87891,""pun"":""Le couple de brasseurs s'est séparé parce qu'ils n'avaient plus la même pression."",""run"":""gemini""},{""id"":29760,""pun"":""Les amateurs de bière ne sont jamais d'accord, ils sont toujours en bière-bille."",""run"":""gemini""},{""id"":30560,""pun"":""Il ne faut pas juger les brasseurs, ils ont leurs propres amertumes."",""run"":""gemini""},{""id"":43236,""pun"":""Le brasseur a été acquitté parce qu'il n'y avait aucune preuve, juste des ale-gations."",""run"":""gemini""},{""id"":71246,""pun"":""L'ivrogne a été arrêté pour avoir frappé un policier : il a confondu une garde à vue avec une garde à bière."",""run"":""gemini""}]"
1021	"[{""id"":29984,""pun"":""En analyse, l'important n'est pas de percer, mais de ne pas se trouer dans son moi."",""run"":""gemini""},{""id"":49455,""pun"":""Quand Freud est en colère, il ne crie pas, il fait une scène primitive."",""run"":""gemini""},{""id"":69472,""pun"":""Freud ne pouvait pas se retenir, il était complètement sur le divan."",""run"":""gemini""},{""id"":47124,""pun"":""Freud a arrêté de fumer le cigare, il avait peur de faire un tabac au subconscient."",""run"":""gemini""},{""id"":68064,""pun"":""Freud a dû faire un complexe, car il ne trouvait jamais la clé de son moi."",""run"":""gemini""},{""id"":25723,""pun"":""Freud aimait beaucoup les trains, ça lui permettait de ne pas rater son transfert."",""run"":""gemini""},{""id"":97383,""pun"":""C'est l'histoire d'un psychanalyste qui refoulait du goulot : il ne supportait pas ses propres envies."",""run"":""gemini""},{""id"":10946,""pun"":""Un psychanalyste qui n'a plus de clients, c'est quelqu'un qui a perdu son sens de l'égo."",""run"":""gemini""},{""id"":16847,""pun"":""Le complexe d'Oedipe, c'est quand on finit par voir sa mère en peinture et son père en portrait."",""run"":""gemini""},{""id"":16428,""pun"":""Freud était tellement obsédé par le refoulement qu'il a fini par bloquer à la douane."",""run"":""gemini""},{""id"":62562,""pun"":""L'ego de Freud était si gros qu'il ne pouvait plus se voir en peinture, seulement en psychanalyse."",""run"":""gemini""},{""id"":98111,""pun"":""Le patient de Freud était un vrai cas d'école : il n'avait aucune retenue, même pour ses refoulements."",""run"":""gemini""}]"
1022	"[{""id"":23569,""pun"":""C'est une amélioration beurrée, car tout est fin de série."",""run"":""gemini""},{""id"":96160,""pun"":""Ils ont mis le paquet sur le jaune d'œuf, c'est un travail de génie."",""run"":""gemini""},{""id"":18627,""pun"":""Un pays où le gras est toujours plus vert ailleurs."",""run"":""gemini""},{""id"":94256,""pun"":""Ils ont baratté le record du monde de vitesse."",""run"":""gemini""},{""id"":38243,""pun"":""C'est le pays du beurre au logis."",""run"":""gemini""},{""id"":49999,""pun"":""Il n'y a rien de meilleur que le laitage... c'est pour ça qu'on porte des pulls en lainage."",""run"":""gemini""},{""id"":57192,""pun"":""Un beurre de qualité supérieure... c'est du beurre de sous-prieur."",""run"":""gemini""},{""id"":40439,""pun"":""Un pays de lait-tout-beurre."",""run"":""gemini""},{""id"":78234,""pun"":""Un peuple qui a du lait sur la planche."",""run"":""gemini""},{""id"":35336,""pun"":""Leur beurre est tellement optimal qu'ils l'appellent l'opti-miel."",""run"":""gemini""},{""id"":33410,""pun"":""La crème de la crème, sans la crème de la crème contre le soleil."",""run"":""gemini""},{""id"":34641,""pun"":""C'est un pays de tartinades... et de tartes-à-nades."",""run"":""gemini""}]"
1023	"[{""id"":33702,""pun"":""Un cowboy qui tombe de cheval en allant vers le soleil couchant, c'est un occident de Far West."",""run"":""gemini""},{""id"":27346,""pun"":""Quand un Breton percute un Américain au milieu de l'océan, c'est un choc des occidents."",""run"":""gemini""},{""id"":69859,""pun"":""Si tu tombes dans le Pacifique en regardant le coucher du soleil, c'est un occident de voyage."",""run"":""gemini""},{""id"":55944,""pun"":""L'inventeur de la boussole a fait une erreur vers l'Ouest, un véritable occident technique."",""run"":""gemini""},{""id"":21156,""pun"":""Le GPS de Christophe Colomb était cassé, il a découvert l'Amérique par occident."",""run"":""gemini""},{""id"":81380,""pun"":""Les explorateurs perdus à l'Ouest n'ont pas eu de chance, c'était un grave occident de parcours."",""run"":""gemini""},{""id"":97944,""pun"":""Pourquoi les marins ne vont-ils jamais vers l'Ouest ? Pour éviter les occidents de mer."",""run"":""gemini""},{""id"":19022,""pun"":""Il voulait aller à l'Est mais il a tourné du mauvais côté par pur occident."",""run"":""gemini""},{""id"":70776,""pun"":""Un naufrage en Californie ? Quel triste occident de la route du rhum."",""run"":""gemini""},{""id"":51030,""pun"":""Les gens qui habitent à l'Ouest ont souvent des occidents de voiture."",""run"":""gemini""},{""id"":22971,""pun"":""Ma fusée pour les USA est très élégante, c'est une vraie rocket coquette."",""run"":""gemini""},{""id"":97308,""pun"":""Il a traversé tout l'Atlantique et a atterri en France par pur occident."",""run"":""gemini""}]"
1024	"[{""id"":17950,""pun"":""C'est un moteur très poli : il marche à l'eau de rose."",""run"":""gemini""},{""id"":91946,""pun"":""Le sous-marin était en panne de moteur : le capitaine avait l'eau à la bouche mais pas dans le réservoir."",""run"":""gemini""},{""id"":95766,""pun"":""Pourquoi le moteur est-il triste ? Parce qu'il est liquide de peur."",""run"":""gemini""},{""id"":91551,""pun"":""Un mécano qui travaille dans l'eau est un excellent metteur en scène hydraulique."",""run"":""gemini""},{""id"":92230,""pun"":""Ma voiture fonctionne à l'eau de pluie : c'est un moteur monteur de nuages."",""run"":""gemini""},{""id"":68519,""pun"":""L'eau, c'est l'essence même de la vie, mais ça ne fait pas avancer ma voiture."",""run"":""gemini""},{""id"":13886,""pun"":""Boire de l'eau, c'est faire le plein de vitalité sans passer à la pompe."",""run"":""gemini""},{""id"":49255,""pun"":""Il est devenu tout liquide quand il a vu la facture d'eau."",""run"":""gemini""},{""id"":56531,""pun"":""Il n'a plus d'essence, il est à bout de souffle : c'est ce qu'on appelle un manque d'élance."",""run"":""gemini""},{""id"":42924,""pun"":""Je suis en pleine séance de sport, je carbure à la sueur."",""run"":""gemini""},{""id"":59353,""pun"":""Un moteur à eau ? C'est une idée qui coule de source."",""run"":""gemini""},{""id"":75584,""pun"":""Pour un moteur marin, l'hydrogène c'est l'essence du futur."",""run"":""gemini""}]"
1025	"[{""id"":42489,""pun"":""Pour un enterrement réussi, le secret c'est le ficelage du scénario."",""run"":""gemini""},{""id"":46802,""pun"":""Le corbillard est tombé en panne, il a fallu faire une répétition générale pour le remorquer."",""run"":""gemini""},{""id"":36049,""pun"":""Les cercueils en kit, c'est pour les répétitions de dernière minute."",""run"":""gemini""},{""id"":31353,""pun"":""Au théâtre des morts, on ne dit pas 'répétition', on dit qu'on fait une mise en bière de la pièce."",""run"":""gemini""},{""id"":33930,""pun"":""Un enterrement raté ? C'est juste un manque de filage."",""run"":""gemini""},{""id"":88862,""pun"":""Les acteurs de pompes funèbres ne font jamais de rappels."",""run"":""gemini""},{""id"":90180,""pun"":""Mon oncle était croquemort, il a toujours aimé faire de la figuration dans les bières."",""run"":""gemini""},{""id"":70084,""pun"":""Dans les pompes funèbres, on n'apprend pas son texte, on l'enterre."",""run"":""gemini""},{""id"":52879,""pun"":""Les pompes funèbres ne boivent que de la bière en répétition."",""run"":""gemini""},{""id"":48021,""pun"":""Le metteur en scène des obsèques exige toujours un filage parfait du convoi."",""run"":""gemini""},{""id"":52262,""pun"":""Les croquemorts sont des gens de scène : avant l'enterrement, ils font toujours un filage du corps."",""run"":""gemini""},{""id"":32523,""pun"":""Pourquoi les croquemorts aiment le théâtre ? Pour le plaisir des planches."",""run"":""gemini""}]"
1026	"[{""id"":44821,""pun"":""Mon montreur d'ours est au chômage : il a fini son temps, mais il n'a plus de seconde peau."",""run"":""gemini""},{""id"":79540,""pun"":""L'astronome qui n'avait plus de temps pour ses recherches a simplement décidé de prendre de l'espace."",""run"":""gemini""},{""id"":92557,""pun"":""Il m'a dit qu'il serait là dans une seconde. J'aurais dû lui demander de quelle vie il parlait."",""run"":""gemini""},{""id"":24464,""pun"":""Un couturier qui prend son temps finit toujours par perdre le fil."",""run"":""gemini""},{""id"":33988,""pun"":""Pourquoi les horlogers sont-ils toujours calmes ? Parce qu'ils savent que leur heure viendra."",""run"":""gemini""},{""id"":24194,""pun"":""Vendre des calendriers est un métier d'avenir, mais on n'a que peu de jours devant soi."",""run"":""gemini""},{""id"":62671,""pun"":""Le boulanger qui fait son pain trop lentement finit toujours par avoir du pain sur la planche."",""run"":""gemini""},{""id"":86933,""pun"":""- Tu as vu l'heure ? - Non, elle est passée trop vite pour que je la reconnaisse."",""run"":""gemini""},{""id"":97382,""pun"":""- Si vous n'êtes pas trop long, je vous attendrai toute ma vie. - C'est dommage, je fais un bon mètre quatre-vingt-dix."",""run"":""gemini""},{""id"":39131,""pun"":""Les musiciens sont des gens formidables : ils passent leur temps à chercher la bonne mesure."",""run"":""gemini""},{""id"":54619,""pun"":""Un sablier est un excellent moyen de voir le temps s'écouler sans se mouiller."",""run"":""gemini""},{""id"":61387,""pun"":""J'ai demandé à un marathonien s'il avait le temps. Il m'a répondu qu'il courait après."",""run"":""gemini""}]"
1027	"[{""id"":71959,""pun"":""Le sondeur a l'esprit de sel : il adore les échantillons gratuits."",""run"":""gemini""},{""id"":90699,""pun"":""Il a fait un sondage sur la banquise : les résultats sont encore gelés."",""run"":""gemini""},{""id"":88410,""pun"":""Pourquoi le sondeur vit-il en Arctique ? Pour faire un sondage d'opinion glacée."",""run"":""gemini""},{""id"":12547,""pun"":""Un sondeur qui n'a pas de données, c'est un homme qui a touché le fond."",""run"":""gemini""},{""id"":79401,""pun"":""Les sondeurs sont des gens très froids : ils n'ont que des chiffres et des lettres de cachet."",""run"":""gemini""},{""id"":79085,""pun"":""Le statisticien est un homme de glace : il ne traite que des données brutes."",""run"":""gemini""},{""id"":99087,""pun"":""Il y a un froid polaire entre ces deux sondeurs."",""run"":""gemini""},{""id"":69776,""pun"":""Ces deux instituts de sondage ne se parlent plus : ils sont aux pôles opposés."",""run"":""gemini""},{""id"":58674,""pun"":""Entre le sondeur et le recteur, il y a une différence de scrutin."",""run"":""gemini""},{""id"":63122,""pun"":""L'institut de sondage est en faillite, ils ont perdu le Nord."",""run"":""gemini""},{""id"":56193,""pun"":""Le sondeur était glacé : il n'avait que des intentions de voute."",""run"":""gemini""},{""id"":98751,""pun"":""Ce politicien n'aime que les lecteurs, surtout les électeurs."",""run"":""gemini""}]"
1028	"[{""id"":30442,""pun"":""Galois n'avait pas d'amis, il n'avait que des relations d'équivalence."",""run"":""gemini""},{""id"":67898,""pun"":""Pourquoi les mathématiciens n'aiment-ils pas la foule ? Parce qu'ils préfèrent rester dans leur groupe restreint."",""run"":""gemini""},{""id"":89257,""pun"":""Galois a raté son duel car il n'était pas dans son état normal."",""run"":""gemini""},{""id"":54751,""pun"":""Galois était très sociable : il passait son temps à chercher l'élément neutre de la soirée."",""run"":""gemini""},{""id"":20919,""pun"":""Pourquoi Galois est-il mort en duel ? Parce qu'il n'avait pas l'esprit d'anneau."",""run"":""gemini""},{""id"":92545,""pun"":""Pourquoi la symétrie est-elle stressée ? Parce qu'elle a peur de perdre la face."",""run"":""gemini""},{""id"":41296,""pun"":""Que dit un sous-groupe à son groupe ? 'Je fais partie du clan.'"",""run"":""gemini""},{""id"":53031,""pun"":""Un algébriste qui se noie crie : 'Vite, un corps !'"",""run"":""gemini""},{""id"":32598,""pun"":""Pour Galois, la vie est un ensemble de problèmes sans solution de continuité."",""run"":""gemini""},{""id"":43736,""pun"":""C'est un cercle qui rencontre un autre cercle : 'On tourne en rond, non ?'"",""run"":""gemini""},{""id"":94364,""pun"":""Galois ne cuisinait jamais : il détestait les noyaux de cerises."",""run"":""gemini""},{""id"":22348,""pun"":""Un mathématicien ne déménage pas, il effectue une translation."",""run"":""gemini""}]"
1029	"[{""id"":53087,""pun"":""Le jardinier a été viré car il ne cessait de prendre de la terre au sérieux."",""run"":""gemini""},{""id"":20026,""pun"":""Un jardinier n'est jamais seul car il a toujours ses plantes pour lui tenir la jambe."",""run"":""gemini""},{""id"":15739,""pun"":""Les jardiniers ne font jamais de politique car ils préfèrent rester dans le concret avec leurs racines."",""run"":""gemini""},{""id"":92456,""pun"":""Un jardinier qui n'a pas la main verte finit toujours par faire chou blanc."",""run"":""gemini""},{""id"":92288,""pun"":""Quand un jardinier est fatigué, on dit qu'il a besoin de se refaire une santé de fer... de hache."",""run"":""gemini""},{""id"":25664,""pun"":""Les jardiniers n'ont pas besoin de GPS, ils connaissent toujours le terrain."",""run"":""gemini""},{""id"":17244,""pun"":""Pourquoi les jardiniers sont-ils généreux ? Parce qu'ils aiment toujours donner un coup de pouce vert."",""run"":""gemini""},{""id"":89639,""pun"":""Les botanistes sont des gens qui savent poser un lapin... car ils connaissent bien les choux."",""run"":""gemini""},{""id"":24141,""pun"":""Pour être un bon paysagiste, il faut savoir garder les pieds sur terre."",""run"":""gemini""},{""id"":48721,""pun"":""Comment appelle-t-on un jardinier qui fait de la musculation ? Un culturiste de terre."",""run"":""gemini""},{""id"":15773,""pun"":""Un jardinier qui réussit est un homme qui a de la graine de champion."",""run"":""gemini""},{""id"":88704,""pun"":""Pour les jardiniers, la vie est un long fleuve tranquille... mais avec beaucoup de courants d'air."",""run"":""gemini""}]"
1030	"[{""id"":54663,""pun"":""En été, les jardiniers font toujours grasse matinée car ils aiment le semi-tard."",""run"":""gemini""},{""id"":37648,""pun"":""Pourquoi les fleurs n'utilisent-elles pas d'ordinateurs ? Elles ont peur du virus des racines."",""run"":""gemini""},{""id"":59785,""pun"":""Pour les fleurs, le printemps n'est pas une saison, c'est une renaissance."",""run"":""gemini""},{""id"":90294,""pun"":""Les jardiniers malhonnêtes aiment beaucoup les pots-de-vin."",""run"":""gemini""},{""id"":74373,""pun"":""Les jardiniers sont très pieux : ils ne jurent que par la foi/fois de croissance."",""run"":""gemini""},{""id"":63503,""pun"":""Que dit un jardinier qui n'arrive pas à dormir ? Je vais bêcher un somme."",""run"":""gemini""},{""id"":26342,""pun"":""Quel est le sport préféré des roses ? L'es-prime."",""run"":""gemini""},{""id"":73546,""pun"":""Il n'y a pas de quoi en faire un plat, c'est juste un potager."",""run"":""gemini""},{""id"":16632,""pun"":""Un jardinier qui tombe, c'est un homme qui se plante."",""run"":""gemini""},{""id"":98373,""pun"":""Le jardinier a été arrêté : il avait trop de dossiers sur le terreau-risme."",""run"":""gemini""},{""id"":79528,""pun"":""Les botanistes ne font jamais de sport, car ils préfèrent la gym nosperme."",""run"":""gemini""},{""id"":57700,""pun"":""Un jardinier qui se bat utilise sa force de fraise."",""run"":""gemini""}]"
1031	"[{""id"":73080,""pun"":""Gauss a été convié car il sait parfaitement comment faire passer le courant."",""run"":""gemini""},{""id"":25842,""pun"":""Gauss ne rate jamais un gala : il adore quand les regards sont braqués sur ses bobines."",""run"":""gemini""},{""id"":53113,""pun"":""Gauss a été invité car il est très polarisé : on ne voit que lui au pôle Nord des mondanités."",""run"":""gemini""},{""id"":76671,""pun"":""Gauss est venu car il voulait vérifier sa cote : il aime bien être dans le sens du champ."",""run"":""gemini""},{""id"":50563,""pun"":""On a invité Gauss pour son charme : il est passé maître dans l'art de l'aimantation."",""run"":""gemini""},{""id"":34027,""pun"":""Les organisateurs voulaient Gauss car il a une aura magnétique : il attire les foules sans résistance."",""run"":""gemini""},{""id"":46020,""pun"":""Gauss est un invité de marque car il a un potentiel énorme."",""run"":""gemini""},{""id"":54974,""pun"":""On a dû inviter Gauss car il avait une personnalité très attirante : il est passé en un éclair de l'induction au séduction."",""run"":""gemini""},{""id"":20226,""pun"":""On a demandé à Gauss de venir car il avait un champ d'action électrisant."",""run"":""gemini""},{""id"":29285,""pun"":""L'invitation de Gauss était inévitable : sa présence crée toujours une tension positive."",""run"":""gemini""},{""id"":75233,""pun"":""Quand Gauss entre dans une pièce, l'ambiance n'est jamais neutre, il a un flux incroyable."",""run"":""gemini""},{""id"":25941,""pun"":""Gauss est venu à la soirée car il ne supporte pas d'être mis au courant en dernier."",""run"":""gemini""}]"
1032	"[{""id"":36220,""pun"":""Quand un géologue est triste, il broie du noir de fumée."",""run"":""gemini""},{""id"":22018,""pun"":""Les spécialistes des sols sont des gens très terre-à-terre."",""run"":""gemini""},{""id"":88535,""pun"":""Pour un expert des roches, la vie est une question de strates-égie."",""run"":""gemini""},{""id"":21786,""pun"":""Il ne faut pas prendre les géologues pour des billes, ils ont de la bouteille mais surtout du grès."",""run"":""gemini""},{""id"":70251,""pun"":""Un géologue qui fait une erreur, c'est une faute de quart-z."",""run"":""gemini""},{""id"":17888,""pun"":""Le géologue a quitté sa femme car il n'avait plus d'atomes crochus, juste des roches sédimentaires."",""run"":""gemini""},{""id"":91108,""pun"":""Ne discute jamais avec un volcanologue, il finit toujours par l'éruption."",""run"":""gemini""},{""id"":99169,""pun"":""Un expert en cailloux qui réussit, c'est quelqu'un qui a la bosse du gisement."",""run"":""gemini""},{""id"":89929,""pun"":""Les géologues sont au fond très sédimentaux."",""run"":""gemini""},{""id"":59972,""pun"":""Un géologue amoureux a toujours un cœur de pierre."",""run"":""gemini""},{""id"":52056,""pun"":""Les minéralogistes ne meurent jamais, ils se cristallisent."",""run"":""gemini""},{""id"":54775,""pun"":""C'est dur d'être géologue: on travaille toujours sous pression."",""run"":""gemini""}]"
1033	"[{""id"":20306,""pun"":""Pour les géologues, la vie est une mine d'or."",""run"":""gemini""},{""id"":74411,""pun"":""La géologie, c'est vraiment du solide."",""run"":""gemini""},{""id"":44000,""pun"":""Le géologue n'a pas peur de la pression, il en fait des diamants."",""run"":""gemini""},{""id"":17200,""pun"":""Un caillou timide ? C'est une pierre de gêne."",""run"":""gemini""},{""id"":37951,""pun"":""Ma passion pour les pierres est gravée dans le marbre."",""run"":""gemini""},{""id"":95970,""pun"":""La géologie, c'est le seul métier où on peut avoir un cœur de pierre et être sympa."",""run"":""gemini""},{""id"":32926,""pun"":""La géologie, c'est l'étude des couches, même si on n'est pas des bébés."",""run"":""gemini""},{""id"":59458,""pun"":""Les géologues sont des gens très terre-à-terre."",""run"":""gemini""},{""id"":36773,""pun"":""Un géologue qui ne travaille pas, c'est un sédiment d'identité."",""run"":""gemini""},{""id"":65861,""pun"":""La géologie, c'est génial, on ne s'ennuie jamais d'une semelle."",""run"":""gemini""},{""id"":61743,""pun"":""Les géologues ont toujours un mot pour rire, ils sont très strata-géniques."",""run"":""gemini""},{""id"":69293,""pun"":""J'ai une dent contre les géologues, ils me font toujours voir des vertes et des pas mures."",""run"":""gemini""}]"
1034	"[{""id"":84500,""pun"":""Je suis nul en géométrie, je ne sais jamais sur quel pied d'égalité danser avec un triangle isocèle."",""run"":""gemini""},{""id"":47219,""pun"":""On m'a dit de me ranger, alors j'ai choisi un polygone."",""run"":""gemini""},{""id"":86706,""pun"":""Si tu sors avec un cercle, fais gaffe, il va finir par te faire tourner en bourrique."",""run"":""gemini""},{""id"":39914,""pun"":""À force de faire de la géométrie, j'ai fini par perdre la règle."",""run"":""gemini""},{""id"":58386,""pun"":""En géométrie, on est parfois bien seul dans son coin."",""run"":""gemini""},{""id"":46354,""pun"":""Ma passion pour les triangles ? C'est juste une question de point de vue... ou de sommet."",""run"":""gemini""},{""id"":48954,""pun"":""Je déteste les parallèles, elles n'ont absolument rien en commun."",""run"":""gemini""},{""id"":27271,""pun"":""Les profs de géométrie ne sont pas autoritaires, ils posent juste des limites."",""run"":""gemini""},{""id"":82549,""pun"":""Un cercle qui ne tourne pas rond, c'est forcément un cercle vicieux."",""run"":""gemini""},{""id"":63296,""pun"":""Les profs de maths sont sympas, ils ne font jamais d'histoires... sauf de géométrie."",""run"":""gemini""},{""id"":87465,""pun"":""Un angle droit qui se trompe de chemin, c'est un angle obtus ?"",""run"":""gemini""},{""id"":86277,""pun"":""Ma vie manque d'angles droits, c'est pour ça que je ne suis jamais carré."",""run"":""gemini""}]"
1035	"[{""id"":46316,""pun"":""Pourquoi Bush a-t-il attaqué ? Parce qu'il n'avait plus d'Irak-tion."",""run"":""gemini""},{""id"":38644,""pun"":""George Bush a envahi le pays car il trouvait la situation Iraq-on-dable."",""run"":""gemini""},{""id"":76480,""pun"":""Saddam ne voulait rien lâcher, il était Bagdad-stiné à la guerre."",""run"":""gemini""},{""id"":53412,""pun"":""Les deux chefs ne s'entendaient plus, c'était une rupture Iraq-tiale."",""run"":""gemini""},{""id"":77201,""pun"":""Saddam était coincé dans une situation Iraq-u-able."",""run"":""gemini""},{""id"":56068,""pun"":""Entre les deux présidents, il y avait un sérieux Iraq-tus."",""run"":""gemini""},{""id"":48247,""pun"":""Entre Bush et Saddam, c'était vraiment l'Irak-cord total."",""run"":""gemini""},{""id"":60715,""pun"":""L'armée américaine était venue pour une mission d'Iraq-tification."",""run"":""gemini""},{""id"":89224,""pun"":""En pleine guerre, Saddam a fini par perdre la Bagdad-euse."",""run"":""gemini""},{""id"":31218,""pun"":""La guerre a commencé car Saddam était trop Iraq-scible."",""run"":""gemini""},{""id"":68930,""pun"":""Difficile de faire la paix quand on est d'Irak-teur si belliqueux."",""run"":""gemini""},{""id"":18448,""pun"":""Bush voulait le pétrole, c'était son Iraq-tion préférée."",""run"":""gemini""}]"
1036	"[{""id"":65549,""pun"":""Pourquoi Westinghouse était-il un leader si attirant ? Parce que c'était un magnat-ique."",""run"":""gemini""},{""id"":77718,""pun"":""Les ouvriers de Westinghouse font souvent grève : ils trouvent que leur patron a un cœur de glace."",""run"":""gemini""},{""id"":84029,""pun"":""Le roi du frigo est mort, on a perdu un grand aimant de l'industrie."",""run"":""gemini""},{""id"":53647,""pun"":""Ma femme est un vrai frigo : dès que je m'approche, elle fait un froid de canard et la lumière s'éteint."",""run"":""gemini""},{""id"":38531,""pun"":""Westinghouse était un génie du marketing : il savait toujours comment attirer le client avec ses idées pures et polaires."",""run"":""gemini""},{""id"":58222,""pun"":""C'est l'histoire d'un magnat du frigo qui était très coincé... il ne se dégelait jamais en public."",""run"":""gemini""},{""id"":33773,""pun"":""Le magnat du frigo a été arrêté par la police : il gérait ses comptes de manière très givrée."",""run"":""gemini""},{""id"":75709,""pun"":""L'inventeur du frigo était très riche, il avait vraiment les moyens de se payer un buffet froid."",""run"":""gemini""},{""id"":74710,""pun"":""Comment appelle-t-on un industriel du froid qui réussit ? Un magnat-frique."",""run"":""gemini""},{""id"":19221,""pun"":""Westinghouse n'avait aucun ennemi car il avait une personnalité très polaire... ou plutôt, il était très polarisé."",""run"":""gemini""},{""id"":25980,""pun"":""Un fabricant de réfrigérateurs est tombé amoureux. Il a eu un coup de foudre, mais il a fini par jeter un froid."",""run"":""gemini""},{""id"":35493,""pun"":""Pourquoi les frigos de luxe sont-ils si fiers ? Parce qu'ils ont un magnat caché derrière la porte."",""run"":""gemini""}]"
1037	"[{""id"":40987,""pun"":""Une peau si lisse qu'elle en devient gliss-tinctive."",""run"":""gemini""},{""id"":71338,""pun"":""Gilette : La crème de la crème pour vos gambettes."",""run"":""gemini""},{""id"":17083,""pun"":""Rase-motte ? Non, rase-douce."",""run"":""gemini""},{""id"":14379,""pun"":""Legs-perience ultime : une peau sans défense."",""run"":""gemini""},{""id"":59952,""pun"":""L'amour est un long fleuve tranquille, votre rasage aussi."",""run"":""gemini""},{""id"":43825,""pun"":""Soyez pile-poil avec votre peau."",""run"":""gemini""},{""id"":11761,""pun"":""Une épilation tellement intime qu'elle devient peau-pulaire."",""run"":""gemini""},{""id"":92551,""pun"":""Franchissez le ras-du-sol avec tendresse."",""run"":""gemini""},{""id"":77901,""pun"":""Gel de rasage : l'ami qui vous veut du bien-être."",""run"":""gemini""},{""id"":24298,""pun"":""Pour vos jambes, passez en mode peau-se détente."",""run"":""gemini""},{""id"":35525,""pun"":""Le rasage, c'est l'art d'être bien dans sa poil."",""run"":""gemini""},{""id"":93690,""pun"":""Rasage : Une affaire très peau-nelle."",""run"":""gemini""}]"
1038	"[{""id"":23193,""pun"":""Ne ratez pas le bzzz-ness du siècle avec nos miels bio."",""run"":""gemini""},{""id"":54368,""pun"":""Le miel est à l'honneur : une actualité qui ne manque pas de piquant."",""run"":""gemini""},{""id"":71351,""pun"":""Évitez le bourrage de crâne, passez au butinage d'infos."",""run"":""gemini""},{""id"":72467,""pun"":""Alerte tendance : le jaune et noir est le nouveau noir."",""run"":""gemini""},{""id"":12944,""pun"":""Info ou infox ? Ne vous faites pas mener par le bout de l'aile."",""run"":""gemini""},{""id"":80119,""pun"":""Abeilles en danger : ne restez pas cloué au sol, prenez votre envol."",""run"":""gemini""},{""id"":63999,""pun"":""C'est la nouvelle tendance : gardez la bonne tangence avec nos abeilles."",""run"":""gemini""},{""id"":92388,""pun"":""Nos abeilles font le vizzz : découvrez les saveurs qui font grand bruit."",""run"":""gemini""},{""id"":36144,""pun"":""On m'a dit que la reine fume ? Non, c'est juste une rumeur de ruche."",""run"":""gemini""},{""id"":22065,""pun"":""Voulez-vous les derniers potins ? On a de quoi vous mettre la puce à l'oreille... ou l'abeille !"",""run"":""gemini""},{""id"":78918,""pun"":""Si vous avez le bourdon, venez voir ce qui se trame dans la ruche."",""run"":""gemini""},{""id"":28427,""pun"":""Faites le bourdonnement : l'actu qui pique est sur notre page."",""run"":""gemini""}]"
1039	"[{""id"":48786,""pun"":""La carte bancaire qui vous met au volant sans passer par la case départ."",""run"":""gemini""},{""id"":70855,""pun"":""La carte de crédit qui n'est pas une carotte."",""run"":""gemini""},{""id"":85312,""pun"":""Prenez la carte qui vous donne quartier libre."",""run"":""gemini""},{""id"":23713,""pun"":""Une carte qui roule pour vous."",""run"":""gemini""},{""id"":37935,""pun"":""Ne restez pas sur la touche, touchez votre voiture avec notre carte."",""run"":""gemini""},{""id"":87708,""pun"":""Payez par carte, partez par quatre chemins."",""run"":""gemini""},{""id"":48491,""pun"":""Une carte tellement grise qu'elle va vous faire voir la vie en rose."",""run"":""gemini""},{""id"":96722,""pun"":""Votre future voiture tient dans votre portefeuille."",""run"":""gemini""},{""id"":98071,""pun"":""Avec cette carte, vous avez enfin les pleins pouvoirs... et le plein d'essence."",""run"":""gemini""},{""id"":55878,""pun"":""La seule carte qui ne finit pas sur la paille, mais sur l'asphalte."",""run"":""gemini""},{""id"":62187,""pun"":""Une carte à puce qui a du moteur."",""run"":""gemini""},{""id"":39178,""pun"":""C'est la carte qui conduit vos envies."",""run"":""gemini""}]"
1040	"[{""id"":90035,""pun"":""L'archéologue n'a plus rien à faire : il a atteint le vide professionnel."",""run"":""gemini""},{""id"":68489,""pun"":""Travailler dans une mine, c'est vraiment un boulot de fond."",""run"":""gemini""},{""id"":16561,""pun"":""Le chef de chantier est épuisé, il vit une période de grand vide."",""run"":""gemini""},{""id"":27778,""pun"":""Le jardinier a fini de planter : il a enfin creusé la question."",""run"":""gemini""},{""id"":91579,""pun"":""Pour un fossoyeur, finir sa journée c'est vraiment aller au bout du tunnel."",""run"":""gemini""},{""id"":21049,""pun"":""Il voulait boucher tous les trous du projet, mais il a fini par toucher le fond."",""run"":""gemini""},{""id"":94484,""pun"":""Un spéléologue qui termine son rapport, c'est une enquête qui s'approfondit."",""run"":""gemini""},{""id"":97747,""pun"":""Le maçon était au bout du rouleau, mais il a quand même bétonné son dossier."",""run"":""gemini""},{""id"":37590,""pun"":""Il travaille avec une telle ardeur qu'il s'en fait des trous au cerveau."",""run"":""gemini""},{""id"":45485,""pun"":""Il a réussi à boucher le trou dans son emploi du temps : un vrai travail de fosse."",""run"":""gemini""},{""id"":11995,""pun"":""Le dentiste a fait un travail de fond pour combler ma carie."",""run"":""gemini""},{""id"":61851,""pun"":""Une nouvelle brèche ? C'est une info toute fraîche !"",""run"":""gemini""}]"
1041	"[{""id"":40678,""pun"":""Le maître demandait à son chien de rapporter le bois, car il voulait un chien de branche."",""run"":""gemini""},{""id"":52273,""pun"":""Le chien a mangé le bâton : c'est ce qu'on appelle avoir du goût pour le bois."",""run"":""gemini""},{""id"":91239,""pun"":""Lance le bâton ! cria-t-elle avec beaucoup d'entrain, car elle aimait les chiens qui ont la patte agile."",""run"":""gemini""},{""id"":44079,""pun"":""Le chien n'a pas voulu rapporter l'os, il a préféré faire de la résistance de moelle."",""run"":""gemini""},{""id"":16333,""pun"":""Mon chien est un vrai génie, il a fait de la prison car il refusait de rapporter, il préférait garder le silence."",""run"":""gemini""},{""id"":72049,""pun"":""Il dresse son chien pour qu'il soit poli, car il veut un chien de garde-à-vous."",""run"":""gemini""},{""id"":54619,""pun"":""Va chercher ! ordonna-t-il, car il aimait les chiens qui font preuve de rapport qualité-prix."",""run"":""gemini""},{""id"":91145,""pun"":""Cherche ! dit-il d'un air charmant, son chien était un retriever de séduction."",""run"":""gemini""},{""id"":12679,""pun"":""Mon chien est assureur : quand il rapporte, il propose un contrat multirisque-os."",""run"":""gemini""},{""id"":91803,""pun"":""Ne siffle pas ton chien s'il est sourd, il risque de faire la sourde oreille de cocker."",""run"":""gemini""},{""id"":13980,""pun"":""Quand je lance une branche à mon chien, il est bois-versé."",""run"":""gemini""},{""id"":22582,""pun"":""Va chercher le bâton ! cria-t-il d'un ton rapporteur."",""run"":""gemini""}]"
1042	"[{""id"":54107,""pun"":""Un chien qui rapporte des fleurs n'est pas un bâtard, c'est un bouquet-tier."",""run"":""gemini""},{""id"":70510,""pun"":""Un chien qui rapporte un dictionnaire est un animal qui a du mot-vacant."",""run"":""gemini""},{""id"":34609,""pun"":""Mon chien est un vrai génie : quand je lui demande de rapporter, il me fait un compte-rendu."",""run"":""gemini""},{""id"":84754,""pun"":""Le berger allemand ne rapporte jamais rien gratuitement, il veut toujours une commission."",""run"":""gemini""},{""id"":34501,""pun"":""J'ai acheté un frisbee à mon chien, mais il n'a pas capté le disque : il est totalement déconnecté."",""run"":""gemini""},{""id"":81887,""pun"":""Cherche la baballe ! cria-t-il d'un air charmant, ce qui rendait le chien très attrapant."",""run"":""gemini""},{""id"":55315,""pun"":""Mon labrador adore le cinéma, surtout quand le film a un bon dénouement."",""run"":""gemini""},{""id"":41771,""pun"":""Au concours de lancer de bâton, mon chien a eu un succès fou : il était très rapportable."",""run"":""gemini""},{""id"":18911,""pun"":""Va chercher le bâton ! demanda le maître d'un ton rapporteur."",""run"":""gemini""},{""id"":53123,""pun"":""Le chien a mangé la télécommande, maintenant il ne fait que zapper le bâton."",""run"":""gemini""},{""id"":26693,""pun"":""Le caniche est allé chez le coiffeur pour se faire une coupe au poil."",""run"":""gemini""},{""id"":27371,""pun"":""Le maître demandait le bâton avec une telle élégance qu'on l'appelait le chic-en."",""run"":""gemini""}]"
1043	"[{""id"":20634,""pun"":""Quand un putois devient riche, on dit qu'il a enfin touché le gros lot d'odeur."",""run"":""gemini""},{""id"":39732,""pun"":""Le spécialiste des arômes est toujours au senteur du monde."",""run"":""gemini""},{""id"":46763,""pun"":""Élever des putois, c'est un investissement qui sent le roussi."",""run"":""gemini""},{""id"":21953,""pun"":""Vendre des parfums, c'est un métier qui a du flair."",""run"":""gemini""},{""id"":20917,""pun"":""Les marchands de putois ont un métier qui a beaucoup de sens."",""run"":""gemini""},{""id"":98959,""pun"":""L'écrivain qui a écrit ce livre sur la puanteur est un drôle d'odeur."",""run"":""gemini""},{""id"":80032,""pun"":""L'usine de fromage a fermé car elle n'était plus en odeur de sainteté auprès du fisc."",""run"":""gemini""},{""id"":70427,""pun"":""Le parfumeur qui a raté son mélange a fait une erreur de senteur."",""run"":""gemini""},{""id"":65817,""pun"":""Un fabricant de parfum qui fait faillite, c'est quelqu'un qui a perdu le sens des affaires."",""run"":""gemini""},{""id"":29142,""pun"":""Vendre des fleurs, c'est faire du profit à vue de nez."",""run"":""gemini""},{""id"":53105,""pun"":""Le parfumeur a été renvoyé car il ne pouvait plus voir ses clients en peinture, seulement en fragrance."",""run"":""gemini""},{""id"":83648,""pun"":""Travailler dans la morgue, c'est un métier sans odeur ni saveur."",""run"":""gemini""}]"
1044	"[{""id"":66806,""pun"":""Le sel a été arrêté : il a commis une batterie de cuisine."",""run"":""gemini""},{""id"":14195,""pun"":""Le poivre a porté plainte contre le sel : il y avait un grain de violence."",""run"":""gemini""},{""id"":33370,""pun"":""Pourquoi le poivre est-il en prison ? Pour s'être rendu coupable d'un assaut de sel."",""run"":""gemini""},{""id"":38358,""pun"":""Un sel qui attaque un poivre, c'est un assassel-nat."",""run"":""gemini""},{""id"":94471,""pun"":""Quand le sel insulte le poivre, c'est un crime de lèse-majesté ou juste une mise en sel ?"",""run"":""gemini""},{""id"":31267,""pun"":""Se faire poivrer par un cuisinier, c'est une véritable agression au gros sel."",""run"":""gemini""},{""id"":24680,""pun"":""Pourquoi la salière est-elle agressive ? Parce qu'elle a le sang-sel."",""run"":""gemini""},{""id"":22751,""pun"":""Le juge a demandé au sel : 'Pourquoi ces coups et blessures ?' Le sel a répondu : 'J'avais un compte à régler avec le moulin.'"",""run"":""gemini""},{""id"":64839,""pun"":""L'assaisonnement est devenu violent, c'est un vrai sel-f défense."",""run"":""gemini""},{""id"":49896,""pun"":""Le sel est un vrai criminel : il mérite la chaise é-sel-trique."",""run"":""gemini""},{""id"":50276,""pun"":""Ne faites jamais confiance au sel, il finit toujours par vous salir."",""run"":""gemini""},{""id"":87845,""pun"":""Entre le poivre et le sel, c'est toujours la guerre : ils se mènent un combat de condiments."",""run"":""gemini""}]"
1045	"[{""id"":36388,""pun"":""Vendre son bateau sur un coup de tête, c'est vraiment mener une vie de galère."",""run"":""gemini""},{""id"":49790,""pun"":""Changer de voilier pour un plus petit, c'est r)duire la voilure de son budget."",""run"":""gemini""},{""id"":19389,""pun"":""Le capitaine qui refuse de vendre son navire reste fermement sur ses positions de flottaison."",""run"":""gemini""},{""id"":99161,""pun"":""Le mari de la sir(ne est un homme-sandwich, parce qu'il vit entre deux eaux."",""run"":""gemini""},{""id"":42239,""pun"":""Le marin qui a perdu son embarcation est compl(tement d)barqu)."",""run"":""gemini""},{""id"":97954,""pun"":""Quand un marin est ivre, on peut dire qu'il a une sacr)e descente de lit... de rivi(re."",""run"":""gemini""},{""id"":44397,""pun"":""Un canot qui se prend pour une star, c'est une vedette de cin)ma."",""run"":""gemini""},{""id"":23585,""pun"":""Un vendeur de bateaux qui vous drague, c'est avant tout un sp)cialiste du peloteur de flotteur."",""run"":""gemini""},{""id"":39958,""pun"":""Renouer avec son ex-capitaine de bateau, c'est l'assurance de ramer encore longtemps."",""run"":""gemini""},{""id"":25149,""pun"":""Il a voulu changer de barque, mais il a fini par mener tout le monde en bateau."",""run"":""gemini""},{""id"":28783,""pun"":""On m'a propos) un voilier gratuit, mais j'ai peur qu'il y ait une anguille sous roche."",""run"":""gemini""},{""id"":56927,""pun"":""Il a jet) l'ancre pour devenir pr(tre, il voulait enfin trouver le salut."",""run"":""gemini""}]"
1046	"[{""id"":40596,""pun"":""Quand je me lave les yeux, j'ai beaucoup d'humour, mais ce n'est pas très riant-rinçage."",""run"":""gemini""},{""id"":35361,""pun"":""J'ai reçu du savon : ma vue est trouble, c'est un vrai shampoing de bataille."",""run"":""gemini""},{""id"":84092,""pun"":""Un aveugle qui se lave : c'est un problème de lavage ou de levage de paupières ?"",""run"":""gemini""},{""id"":19644,""pun"":""On m'a savonné les yeux : c'est propre, mais c'est une blague de mauvais goût qui mousse."",""run"":""gemini""},{""id"":78051,""pun"":""Le savon m'a aveuglé, j'ai dû procéder à un lavage de cerveau."",""run"":""gemini""},{""id"":43355,""pun"":""Avoir du savon dans l'œil, c'est l'histoire d'un mec qui se frotte et qui s'en lave les mains."",""run"":""gemini""},{""id"":98322,""pun"":""J'ai du shampoing dans l'œil, c'est moussant, mais ce n'est pas pour autant amusant."",""run"":""gemini""},{""id"":93828,""pun"":""Une bulle qui éclate dans l'œil, c'est un coup à ne plus se sentir savon-claque."",""run"":""gemini""},{""id"":87971,""pun"":""Le savon m'a piqué l'œil, j'en ai fait une mousse de sang-froid."",""run"":""gemini""},{""id"":29967,""pun"":""Prendre du savon dans l'œil ? On ne peut pas dire que ça nous bulles."",""run"":""gemini""},{""id"":73305,""pun"":""Se mettre du savon dans l'œil, ce n'est vraiment pas une affaire de mousse."",""run"":""gemini""},{""id"":17822,""pun"":""Le savon me pique la vue : c'est une mousse à double tranchant."",""run"":""gemini""}]"
1047	"[{""id"":43245,""pun"":""Travailler dans un manoir m'a rendu allergique au petit-déjeuner. À force de surveiller les braconniers, je finis par trouver que tous les œufs sont brouillés par nature."",""run"":""gemini""},{""id"":76073,""pun"":""On m'a proposé de gérer un domaine, mais j'ai refusé. Les œufs m'ont dégoûté : je ne supporte plus de voir un garde-chasse car je préfère les œufs à la coque."",""run"":""gemini""},{""id"":83386,""pun"":""En gérant ce domaine, j'ai fini par détester la cuisine. À force d'être dans les bois, je ne rêve que de faire le bois mort, pas de battre les blancs en neige."",""run"":""gemini""},{""id"":95138,""pun"":""J'ai quitté mon poste de gardien de domaine. On me demandait sans cesse de pondre des rapports, alors que je ne suis pas une poule de luxe."",""run"":""gemini""},{""id"":21561,""pun"":""Je ne peux plus être garde-chasse, l'odeur du gibier me rappelle trop mon ex : une vraie poule faisane qui me menait en bateau."",""run"":""gemini""},{""id"":41891,""pun"":""Mon nouveau poste de garde-chasse m'a coupé l'appétit. Je ne peux plus manger d'œufs au plat, car passer ma journée dans la plaine me donne des indigestions de platitude."",""run"":""gemini""},{""id"":34767,""pun"":""Le garde-chasse est resté sur sa faim. Il voulait un œuf de Pâques, mais il n'a trouvé que des bois de cerf."",""run"":""gemini""},{""id"":66850,""pun"":""Pourquoi le régisseur ne mange-t-il plus d'œufs ? Parce qu'il en a marre de se faire mener par le bout du nez par des poules d'eau."",""run"":""gemini""},{""id"":29182,""pun"":""Le garde-chasse a raté son omelette. Il faut dire qu'il a toujours eu du mal à casser les œufs sans braconner le jaune."",""run"":""gemini""},{""id"":82475,""pun"":""Il travaille dans un domaine mais déteste les œufs mollets. Il a peur que son autorité ne devienne trop molle."",""run"":""gemini""},{""id"":92134,""pun"":""Depuis que je suis régisseur, je déteste les œufs durs. C'est normal, la vie de château est bien trop tendre."",""run"":""gemini""},{""id"":32521,""pun"":""Un régisseur de domaine qui n'aime pas les œufs ? C'est un comble pour quelqu'un qui doit veiller au grain."",""run"":""gemini""}]"
1048	"[{""id"":99681,""pun"":""Dans cette imprimerie de flyers, on ne monte pas les marches, on les distribue à la ronde."",""run"":""gemini""},{""id"":45150,""pun"":""Les employés du dépôt de flyers sont fatigués, ils font tout le temps des heures réclames."",""run"":""gemini""},{""id"":28868,""pun"":""Le gérant de la boîte de tracts a fait faillite, il a fini sur la paille... publicitaire."",""run"":""gemini""},{""id"":68423,""pun"":""Le règlement du dépôt de papiers est strict : toute circulaire doit rester dans le périmètre."",""run"":""gemini""},{""id"":22989,""pun"":""Au palais du prospectus, l'ascenseur est en panne, il faut prendre l'avis-calier."",""run"":""gemini""},{""id"":61363,""pun"":""Pour entrer dans l'usine de brochures, il faut suivre le tract-eur."",""run"":""gemini""},{""id"":41554,""pun"":""Monter au premier étage du stock de tracts demande un certain déploiement de force."",""run"":""gemini""},{""id"":20055,""pun"":""J'ai glissé sur un tas de brochures, c'était une véritable chute de reins papier."",""run"":""gemini""},{""id"":82778,""pun"":""L'architecte du dépôt de prospectus a fait un plan circulaire, c'est pour ça qu'on tourne en rond."",""run"":""gemini""},{""id"":46636,""pun"":""L'escalier du dépôt de spams est tellement raide qu'on appelle ça une pub-licité montante."",""run"":""gemini""},{""id"":53719,""pun"":""J'ai demandé un plan pour le stock de brochures, mais le guide m'a fait une pub gratuite."",""run"":""gemini""},{""id"":50608,""pun"":""Pour livrer les tracts au sommet, on utilise un monte-charge publicitaire."",""run"":""gemini""}]"
1049	"[{""id"":27337,""pun"":""Obtenir son permis, c'est enfin avoir le droit de cité... et de stationnement."",""run"":""gemini""},{""id"":58233,""pun"":""Rater son permis de conduire, c'est rester sur le bas-côté de la société."",""run"":""gemini""},{""id"":13552,""pun"":""L'élève qui stresse au volant fait un rite de passage à vide."",""run"":""gemini""},{""id"":13503,""pun"":""L'examen du permis de conduire ? C'est un rite d'initiation qui roule tout seul."",""run"":""gemini""},{""id"":96972,""pun"":""L'inspecteur du permis a toujours le dernier mot, car c'est lui qui donne le feu vert."",""run"":""gemini""},{""id"":94429,""pun"":""Obtenir son permis, c'est un véritable rite de passage de vitesse."",""run"":""gemini""},{""id"":95641,""pun"":""Conduire sans permis est un privilège qui coûte cher en amendes honorables."",""run"":""gemini""},{""id"":52537,""pun"":""Un moniteur d'auto-école a toujours de l'autorité, mais il ne faut pas qu'il perde les pédales."",""run"":""gemini""},{""id"":64522,""pun"":""Ma voiture est très religieuse : tous les dimanches, elle va à la pompe."",""run"":""gemini""},{""id"":57976,""pun"":""Passer son permis, c'est une question de licence poétique du code."",""run"":""gemini""},{""id"":92995,""pun"":""En France, le permis n'est pas un droit, c'est un con-duit."",""run"":""gemini""},{""id"":81640,""pun"":""Le code de la route, c'est la Bible des conducteurs : on y croit ou on y prie d'avoir son permis."",""run"":""gemini""}]"
1050	"[{""id"":70368,""pun"":""- Je vais prendre un steak à point. - Très bien, je te donne un stylo pour le dessiner."",""run"":""gemini""},{""id"":39033,""pun"":""- Serveur, je voudrais un café gourmand. - Désolé, les nôtres sont tous très impolis."",""run"":""gemini""},{""id"":92452,""pun"":""- Je vais prendre la sole du patron. - Ne fais pas ça, il va avoir froid au pied tout le service."",""run"":""gemini""},{""id"":76968,""pun"":""- Je vais prendre un café serré. - Fais attention, il risque d'étouffer s'il n'a pas d'air."",""run"":""gemini""},{""id"":65767,""pun"":""- J'ai commandé le dessert. - Ah, tu l'as déjà commencé ? T'aurais pu m'attendre."",""run"":""gemini""},{""id"":83995,""pun"":""- Je commande un avocat. - Fais attention, les honoraires vont coûter plus cher que le plat."",""run"":""gemini""},{""id"":70424,""pun"":""- Je vais prendre la salade César. - Tu devrais lui rendre, il va être furieux de ne plus rien avoir à manger."",""run"":""gemini""},{""id"":18451,""pun"":""- Je vais prendre la mousse du chef. - Pose ça tout de suite, il en a besoin pour se raser !"",""run"":""gemini""},{""id"":95824,""pun"":""- Je vais prendre une assiette de crudités. - C'est malin, elles vont rougir si tu les regardes trop."",""run"":""gemini""},{""id"":79713,""pun"":""- Serveur, je vais prendre un canard. - Coin-coin !"",""run"":""gemini""},{""id"":61447,""pun"":""- Je vais prendre une religieuse. - Laisse-la tranquille, elle n'a rien demandé et elle est en train de prier."",""run"":""gemini""},{""id"":41648,""pun"":""- Je vais prendre le dessert de la maison. - Mais tu n'as même pas de clé pour y entrer !"",""run"":""gemini""}]"
1051	"[{""id"":15381,""pun"":""Mon coiffeur est un vrai tyran : il m'a tondu sans sommation."",""run"":""gemini""},{""id"":86775,""pun"":""Coiffé par un sauvage : il n'y va pas avec le dos du peigne."",""run"":""gemini""},{""id"":64298,""pun"":""Il rase tout le monde violemment, c'est un barbier barbare."",""run"":""gemini""},{""id"":51613,""pun"":""Il m'a coupé les cheveux de manière barbante."",""run"":""gemini""},{""id"":20524,""pun"":""Le barbier m'a fait une coupe à la hache."",""run"":""gemini""},{""id"":63038,""pun"":""Il m'a fait une coupe sauvage, c'est du grand art-barbare."",""run"":""gemini""},{""id"":21185,""pun"":""Une coupe si ratée qu'elle en devient barbare."",""run"":""gemini""},{""id"":34418,""pun"":""Le coiffeur était tellement méchant qu'il m'a coupé court."",""run"":""gemini""},{""id"":49104,""pun"":""Il m'a coupé les cheveux de force, c'était un barbier-bare."",""run"":""gemini""},{""id"":12840,""pun"":""Le coiffeur a été impitoyable, il m'a fait une coupe à blanc."",""run"":""gemini""},{""id"":91703,""pun"":""Il m'a rasé de près, c'est barbare !"",""run"":""gemini""},{""id"":47476,""pun"":""On m'a coupé les cheveux avec une cruauté capillaire."",""run"":""gemini""}]"
1052	"[{""id"":83155,""pun"":""« Ce fromage est trop salé ! » s'écria-t-il, un peu féta."",""run"":""gemini""},{""id"":39466,""pun"":""« Je déteste le Gruyère » dit-il d'un ton percé."",""run"":""gemini""},{""id"":19028,""pun"":""« Ce camembert est très coulant » dit-il avec souplesse."",""run"":""gemini""},{""id"":77451,""pun"":""« Le Roquefort est bleu » dit-il de manière persillée."",""run"":""gemini""},{""id"":61376,""pun"":""« Je n'aime pas le fromage sans croûte » dit-il, de manière tranchée."",""run"":""gemini""},{""id"":97230,""pun"":""« Donnez-moi du fromage industriel » dit-il avec kraft."",""run"":""gemini""},{""id"":94553,""pun"":""« On n'a plus de fromage de chèvre ! » s'écria-t-il, l'air canaille."",""run"":""gemini""},{""id"":28258,""pun"":""« J'adore ce fromage hollandais ! » dit-il, avec Gouda."",""run"":""gemini""},{""id"":39690,""pun"":""« Ce fromage est vraiment fort ! » dit-il avec du pif."",""run"":""gemini""},{""id"":90341,""pun"":""« Prête-moi ton couteau à brie » dit-il, pour lui tirer les vers du nez."",""run"":""gemini""},{""id"":65522,""pun"":""« J'ai fait tomber ma mimolette » dit-il d'un air abattu."",""run"":""gemini""},{""id"":27186,""pun"":""« On va manger une fondue ? » demanda-t-il avec appareil."",""run"":""gemini""}]"
1053	"[{""id"":96140,""pun"":""Faire des compliments à une locomotive, c'est lui mettre un coup d'estime."",""run"":""gemini""},{""id"":66096,""pun"":""Quand on flatte un humoriste, on lui donne de la vanneur."",""run"":""gemini""},{""id"":24152,""pun"":""Lâcher de la vapeur sur quelqu'un pour le féliciter, c'est une preuve de grosse estime."",""run"":""gemini""},{""id"":26558,""pun"":""L'ouvrier qui pose des pavés dans le brouillard est un grand vapeur."",""run"":""gemini""},{""id"":26939,""pun"":""Un moteur qui fait de la danse, c'est un moteur à valseur."",""run"":""gemini""},{""id"":18819,""pun"":""Un réalisateur qui répare sa voiture devient un metteur en moteur."",""run"":""gemini""},{""id"":22112,""pun"":""Si tu veux flatter un chauffeur de train, parle-lui de sa vapeur de valeur."",""run"":""gemini""},{""id"":71154,""pun"":""Comment appelle-t-on un mécanicien qui ment tout le temps? Un monteur de moteur."",""run"":""gemini""},{""id"":44750,""pun"":""Les jongleurs n'ont pas beaucoup de succès car ils manquent de valeur."",""run"":""gemini""},{""id"":49208,""pun"":""Un moteur qui se plaint tout le temps, c'est un vrai moteur de râleur."",""run"":""gemini""},{""id"":77535,""pun"":""Le moteur était si fier qu'il avait une grande estime de soi, surtout quand il était sous pression."",""run"":""gemini""},{""id"":94371,""pun"":""C'est dur d'avoir de l'estime pour une chaudière : elle finit toujours par nous lâcher."",""run"":""gemini""}]"
1054	"[{""id"":18584,""pun"":""Ma couturière est devenue une icône de mode : c'est un vrai dé à coudre sym-bolle."",""run"":""gemini""},{""id"":91350,""pun"":""Le couturier était tellement lent qu'on l'appelait le tanneur de temps."",""run"":""gemini""},{""id"":43202,""pun"":""Le tailleur qui a raté les costumes du mariage a été jeté en prison : il a trop tiré sur la bobine."",""run"":""gemini""},{""id"":50034,""pun"":""Pourquoi la couturière est-elle riche ? Parce qu'elle a beaucoup de mailles."",""run"":""gemini""},{""id"":58263,""pun"":""Elle a gagné le concours de couture car elle avait une aiguille dans le jeu."",""run"":""gemini""},{""id"":72475,""pun"":""Un tailleur qui dessine des graffitis sur les murs, c'est un tagueur de costards."",""run"":""gemini""},{""id"":87944,""pun"":""Le patron de la couture est très dur : il nous mène à la baguette, ou plutôt à l'épingle."",""run"":""gemini""},{""id"":77516,""pun"":""Pourquoi les couturières ne sont-elles jamais perdues ? Parce qu'elles connaissent tous les points cardinaux."",""run"":""gemini""},{""id"":89697,""pun"":""Un dé à coudre qui devient célèbre, c'est un petit symbole de réussite."",""run"":""gemini""},{""id"":77584,""pun"":""Quand la couturière a fini sa robe, elle a dit : 'C'est bon, je suis enfin au point'."",""run"":""gemini""},{""id"":24564,""pun"":""Comment appelle-t-on une aiguille qui fait de la musculation ? Un dé à coudre de force."",""run"":""gemini""},{""id"":48795,""pun"":""Ma couturière est dépressive, elle perd souvent le fil de sa pensée."",""run"":""gemini""}]"
1055	"[{""id"":58618,""pun"":""La pollution automobile, c'est le mal incarné... ou plutôt le mal en-car-né."",""run"":""gemini""},{""id"":69417,""pun"":""Il ne faut pas s'asseoir sur l'écologie, même dans un beau square."",""run"":""gemini""},{""id"":33083,""pun"":""Le moteur à combustion est un crime de lèse-majesté thermique."",""run"":""gemini""},{""id"":26764,""pun"":""Les cylindres de cette voiture sont possédés par un démon-teur de pneus."",""run"":""gemini""},{""id"":38161,""pun"":""Les écologistes détestent le moteur à explosion parce qu'il a un tempérament infernal."",""run"":""gemini""},{""id"":71236,""pun"":""Le moteur pollue, mais seul le couard refuse le square."",""run"":""gemini""},{""id"":14024,""pun"":""Le diable ne roule qu'en enfer-ari."",""run"":""gemini""},{""id"":80796,""pun"":""Un moteur qui chauffe trop finit toujours par tomber dans le péché originel."",""run"":""gemini""},{""id"":77371,""pun"":""C'est un moteur à combustion très impie."",""run"":""gemini""},{""id"":82617,""pun"":""Le monteur de moteur est devenu fou à force d'assembler des pièces infernales."",""run"":""gemini""},{""id"":98493,""pun"":""Satan a un SUV, c'est un moteur à combustion très interne."",""run"":""gemini""},{""id"":77565,""pun"":""Un mécanicien en enfer est un metteur en scène de la combustion."",""run"":""gemini""}]"
1056	"[{""id"":69759,""pun"":""On a demandé à l'inventeur de la colle s'il allait bientôt partir, il a répondu : 'Je retiens mon poste !'"",""run"":""gemini""},{""id"":37951,""pun"":""L'inventeur de la glue est très collant, dès qu'il nous voit il se fixe sur nous."",""run"":""gemini""},{""id"":99237,""pun"":""Un inventeur de colle qui part à la retraite, c'est un homme qui rompt enfin ses liens."",""run"":""gemini""},{""id"":45917,""pun"":""Comment appelle-t-on un inventeur de glue qui réussit ? Un homme de liaisons."",""run"":""gemini""},{""id"":41926,""pun"":""Pourquoi l'inventeur de la glue est-il toujours calme ? Parce qu'il a une bonne fixation."",""run"":""gemini""},{""id"":94038,""pun"":""L'inventeur de la colle forte a un grand sens de l'engagement : il ne lâche jamais rien."",""run"":""gemini""},{""id"":17220,""pun"":""Les fabricants de colle ne changent jamais de métier : ils s'y attachent."",""run"":""gemini""},{""id"":22819,""pun"":""Il faut se méfier des fabricants de scotch : ils vous scotchent dès qu'ils ouvrent la bouche."",""run"":""gemini""},{""id"":45212,""pun"":""Les spécialistes de l'adhésif ne divorcent jamais, ils préfèrent rester soudés."",""run"":""gemini""},{""id"":60683,""pun"":""Pour l'inventeur de la glue, le plus dur n'est pas de créer, c'est de se détacher de son travail."",""run"":""gemini""},{""id"":25165,""pun"":""Le mec qui a inventé la colle a un sacré caractère, il est très adhésif aux traditions."",""run"":""gemini""},{""id"":43586,""pun"":""Les créateurs de glue ont une mémoire d'acier, tout ce qu'ils apprennent leur reste collé à la peau."",""run"":""gemini""}]"
1057	"[{""id"":47430,""pun"":""Donner son sang, c'est le seul moyen d'être sûr qu'on a du cœur."",""run"":""gemini""},{""id"":42339,""pun"":""Mon ex était A positif, mais avec moi elle n'était jamais d'humeur positive."",""run"":""gemini""},{""id"":97540,""pun"":""C'est un donneur de leçons ou un donneur de sang ? Dans les deux cas, il me pompe l'air."",""run"":""gemini""},{""id"":49055,""pun"":""Je suis certain qu’il est mon type, on a la même circulation d'idées."",""run"":""gemini""},{""id"":85748,""pun"":""Trouver le grand amour, c'est comme une transfusion : il faut que le courant passe."",""run"":""gemini""},{""id"":67535,""pun"":""Je cherche un donneur universel pour un rendez-vous, mais je ne veux pas quelqu'un qui arrive de bonne heure."",""run"":""gemini""},{""id"":82148,""pun"":""Tu es O négatif ? C'est parfait, j'adore les types qui n'ont rien à apporter."",""run"":""gemini""},{""id"":60836,""pun"":""Elle cherche un donneur pour trouver le bonheur, mais elle n'est pas du genre à partager."",""run"":""gemini""},{""id"":77085,""pun"":""Il est si négatif qu'au lieu de donner son sang, il préfère le garder pour ses mauvais jours."",""run"":""gemini""},{""id"":29693,""pun"":""Elle a quitté son petit ami car il était trop sanguin, il n'était pas son type."",""run"":""gemini""},{""id"":11819,""pun"":""Un vampire qui cherche l'âme sœur fait souvent une erreur de casting : il se trompe de groupe."",""run"":""gemini""},{""id"":38353,""pun"":""Ne sois pas si négatif, tu vas finir par avoir un mauvais sang-timent."",""run"":""gemini""}]"
1058	"[{""id"":51215,""pun"":""Le serpent est très mauvais en calcul : il perd toujours ses unités pour ne garder que des dizaines d'aspi-rations."",""run"":""gemini""},{""id"":66467,""pun"":""C'est l'histoire d'un serpent qui demande à un autre : « On est venimeux ? » « Oui, pourquoi ? » « Merde, je viens de me mordre la langue ! »"",""run"":""gemini""},{""id"":54343,""pun"":""« Casse-toi ! » a dit le python, visiblement très constricté par la situation."",""run"":""gemini""},{""id"":16502,""pun"":""« Dégage, serpent ! » s'est-il exclamé en sifflant, car il avait la langue bien pendue."",""run"":""gemini""},{""id"":80038,""pun"":""Le crotale est un excellent musicien : il joue toujours au rythme de ses propres maracas."",""run"":""gemini""},{""id"":51517,""pun"":""Le serpent n'a pas pu aller au bal car il n'avait pas de tailleur."",""run"":""gemini""},{""id"":98065,""pun"":""« Va-t'en ! » s'est-il écrié, le serpent l'ayant pris pour un cobra-cobaye."",""run"":""gemini""},{""id"":62088,""pun"":""Pour faire fuir un serpent, il suffit de l'appeler : il déteste qu'on lui siffle aux oreilles."",""run"":""gemini""},{""id"":85233,""pun"":""Un serpent qui ne sait pas siffler est un serpent qui a un cheveu sur la langue."",""run"":""gemini""},{""id"":21395,""pun"":""Un serpent qui fait de la boxe, c'est un reptile de combat."",""run"":""gemini""},{""id"":40030,""pun"":""Le serpent qui veut devenir riche espère faire un bon boa-nanza."",""run"":""gemini""},{""id"":61168,""pun"":""Pourquoi les serpents n'aiment-ils pas les ordinateurs ? Parce qu'ils ont peur des souris."",""run"":""gemini""}]"
1059	"[{""id"":81846,""pun"":""Il cherchait un sport de force, il a fini par faire du bras de fer... à repasser."",""run"":""gemini""},{""id"":66393,""pun"":""Il est tellement puissant qu'il a un abonnement à la salle de muscu... rationnelle."",""run"":""gemini""},{""id"":65776,""pun"":""Il est si costaud qu'il ne se rase pas, il fait du défrichage de menton."",""run"":""gemini""},{""id"":57915,""pun"":""Pour un café intense, il faut du grain... à moudre."",""run"":""gemini""},{""id"":20057,""pun"":""Un homme robuste ne meurt pas, il s'oxyde."",""run"":""gemini""},{""id"":75392,""pun"":""Ne soyez plus musclé seulement le lundi, devenez fort... intérieur."",""run"":""gemini""},{""id"":51823,""pun"":""Le café était si corsé qu'il a commencé à faire des pompes."",""run"":""gemini""},{""id"":35845,""pun"":""Un haltérophile qui travaille trop finit par soulever des questions."",""run"":""gemini""},{""id"":15716,""pun"":""C'est un athlète très équilibré : il a autant de brioche que de tablettes de chocolat."",""run"":""gemini""},{""id"":37495,""pun"":""Pour tenir plus longtemps, soyez un haltère-ego de vous-même."",""run"":""gemini""},{""id"":72732,""pun"":""Les Power Lifters sont des gens très tendus : ils ont toujours la barre."",""run"":""gemini""},{""id"":52432,""pun"":""Plus fort, plus longtemps : soyez comme une pile, restez positif."",""run"":""gemini""}]"
1060	"[{""id"":53567,""pun"":""On a demandé au cuisinier de la NASA de lancer la fusée, il a juste jeté une salade."",""run"":""gemini""},{""id"":61479,""pun"":""Le lanceur de satellite a été arrêté : il en faisait tout un plat."",""run"":""gemini""},{""id"":54613,""pun"":""L'astronaute a raté son repas : son steak était trop spatial."",""run"":""gemini""},{""id"":35883,""pun"":""À la base spatiale, tout le monde mange des fusilli."",""run"":""gemini""},{""id"":72070,""pun"":""Le spationaute ne répondait pas au téléphone : il avait trop de pain sur la planche de bord."",""run"":""gemini""},{""id"":35856,""pun"":""Le directeur de la NASA est resté au lit, il n'avait pas l'allumage nécessaire."",""run"":""gemini""},{""id"":38500,""pun"":""Quel est le plat préféré des astronautes ? Le lancement d'agneau."",""run"":""gemini""},{""id"":84319,""pun"":""L'astronaute a été viré car il prenait trop d'espace."",""run"":""gemini""},{""id"":31023,""pun"":""La fusée n'a jamais décollé car elle n'avait pas de propulsion pour le dessert."",""run"":""gemini""},{""id"":50536,""pun"":""Le rocket-man est très poli, il dit toujours 'pardon, je décolle'."",""run"":""gemini""},{""id"":90525,""pun"":""Pourquoi la navette n'a-t-elle pas décollé ? Parce qu'elle était dans la lune."",""run"":""gemini""},{""id"":87349,""pun"":""Goddard n'a pas pu venir dîner, il était en train de mettre le feu aux poudres."",""run"":""gemini""}]"
1061	"[{""id"":29915,""pun"":""Les pâtissiers sont nuls au golf : ils font trop de brioches."",""run"":""gemini""},{""id"":89706,""pun"":""Pourquoi le golfeur apporte-t-il un couteau ? Pour couper sa trajectoire en tranches."",""run"":""gemini""},{""id"":49964,""pun"":""Quel est le dessert préféré de Tiger Woods ? Le gâteau roulé."",""run"":""gemini""},{""id"":49719,""pun"":""Si un golfeur rate son gâteau, c'est qu'il a un problème de club."",""run"":""gemini""},{""id"":82137,""pun"":""Pourquoi les golfeurs adorent-ils la crème anglaise ? Parce qu'ils visent l'île flottante."",""run"":""gemini""},{""id"":32313,""pun"":""Le boulanger a fait un trou en un avec son donut."",""run"":""gemini""},{""id"":61906,""pun"":""Le pâtissier a gagné le tournoi car il avait un swing à la crème."",""run"":""gemini""},{""id"":20912,""pun"":""Les golfeurs n'aiment pas la brioche car ils craignent d'avoir une part."",""run"":""gemini""},{""id"":26017,""pun"":""Au club-house, on ne sert que des éclairs, car ça part vite."",""run"":""gemini""},{""id"":83814,""pun"":""Le golfeur a commandé un mille-feuille pour travailler son bois."",""run"":""gemini""},{""id"":14715,""pun"":""Un golfeur qui mange de la tarte est toujours sur le green, car il cherche la bonne pâte."",""run"":""gemini""},{""id"":85147,""pun"":""On ne doit pas manger de flan sur le terrain, c'est un coup raté d'avance."",""run"":""gemini""}]"
1062	"[{""id"":82495,""pun"":""Bon pour le plaisir, mauvais pour le bois : vous allez transformer votre lit en petit bois."",""run"":""gemini""},{""id"":22271,""pun"":""Vos draps s'envolent, mais vos lattes jettent l'éponge."",""run"":""gemini""},{""id"":77158,""pun"":""C'est une bonne nouvelle pour vos ébats, mais le lit est au bout du rouleau."",""run"":""gemini""},{""id"":15680,""pun"":""Une libido de fer dans un lit qui ne l'est plus."",""run"":""gemini""},{""id"":79644,""pun"":""C'est le pied au lit, mais le lit n'a plus de pied."",""run"":""gemini""},{""id"":50543,""pun"":""Bonne nouvelle pour vos positions, mais mauvaise nouvelle pour le cadre : il ne cadre plus avec vos besoins."",""run"":""gemini""},{""id"":40540,""pun"":""Tout va bien sous la couette, mais le lit commence à prendre l’eau."",""run"":""gemini""},{""id"":69921,""pun"":""Bonne nouvelle pour votre libido, mais mauvaise nouvelle pour les ressorts : vous allez enfin passer aux choses sérieuses."",""run"":""gemini""},{""id"":70018,""pun"":""Votre couple est en feu, mais votre matelas est déjà sur la corde raide."",""run"":""gemini""},{""id"":69806,""pun"":""Génial pour vos nuits blanches, mais votre sommier a déjà rendu l'âme."",""run"":""gemini""},{""id"":49051,""pun"":""Bon pour vos performances, mais le sommier fait déjà grève."",""run"":""gemini""},{""id"":19494,""pun"":""Votre vie sexuelle s'emballe, mais votre cadre de lit perd pied."",""run"":""gemini""}]"
1063	"[{""id"":93975,""pun"":""Un policier ne se perd jamais en musique, il suit toujours la ligne de basse police."",""run"":""gemini""},{""id"":77164,""pun"":""Les policiers sont d'excellents DJ : ils savent quand envoyer la patrouille de nuit."",""run"":""gemini""},{""id"":50680,""pun"":""Quand un policier joue du tambour, il ne rate jamais l'interrogatoire : il sait comment faire parler la poudre."",""run"":""gemini""},{""id"":27820,""pun"":""L'inspecteur ne quitte jamais le tempo, c'est sa propre circonscription sonore."",""run"":""gemini""},{""id"":89422,""pun"":""Le policier batteur a été promu : il menait ses enquêtes à un rythme d'enfer."",""run"":""gemini""},{""id"":13195,""pun"":""Un bon flic est comme un métronome : il garde toujours la cadence du quartier."",""run"":""gemini""},{""id"":51403,""pun"":""Pourquoi la police arrête-t-elle les batteurs ? Pour excès de pulsation, ça devient une pulsion."",""run"":""gemini""},{""id"":87866,""pun"":""Les policiers dans la fanfare ne perdent jamais la mesure, même en garde à vue."",""run"":""gemini""},{""id"":99779,""pun"":""Un policier mélomane ne rate jamais sa patrouille car il a le quartier dans la peau."",""run"":""gemini""},{""id"":87071,""pun"":""Le policier a été viré de la chorale : il n'arrivait pas à garder le bon ton."",""run"":""gemini""},{""id"":63336,""pun"":""Le gendarme musicien a toujours un bon tempo parce qu'il connaît bien ses rondes."",""run"":""gemini""},{""id"":59379,""pun"":""Il est impossible de doubler ce policier mélomane : il a toujours un temps d'avance."",""run"":""gemini""}]"
1064	"[{""id"":77237,""pun"":""Un fossoyeur qui aime son travail, c'est quelqu'un qui a vraiment la dalle."",""run"":""gemini""},{""id"":50032,""pun"":""Pour être un bon fossoyeur, il faut savoir garder la fosse tranquille."",""run"":""gemini""},{""id"":89894,""pun"":""Le fossoyeur était fatigué : il n'en pouvait plus de faire des heures sup-mort-aires."",""run"":""gemini""},{""id"":83082,""pun"":""Au cimetière, on ne licencie personne : on préfère les mises en bière."",""run"":""gemini""},{""id"":39774,""pun"":""Travailler au cimetière, c'est dur, mais au moins l'ambiance n'est pas trop vivante."",""run"":""gemini""},{""id"":50256,""pun"":""Les fossoyeurs ne se plaignent jamais : ils sont au bout du rouleau de gazon."",""run"":""gemini""},{""id"":62180,""pun"":""Les fossoyeurs sont des gens terre-à-terre, mais ils savent creuser le sujet."",""run"":""gemini""},{""id"":71942,""pun"":""Si le fossoyeur est en grève, c'est qu'il a un os à ronger avec son patron."",""run"":""gemini""},{""id"":38510,""pun"":""Les fossoyeurs sont de bons vivants qui ne pensent qu'à la dé-fonce."",""run"":""gemini""},{""id"":87359,""pun"":""Les employés du cimetière ont un métier de mort, mais ils ne s'en enterrent pas."",""run"":""gemini""},{""id"":18558,""pun"":""Le fossoyeur a été licencié car il ne faisait que sabler le champagne au lieu de sabrer le travail."",""run"":""gemini""},{""id"":96362,""pun"":""Le fossoyeur est trop zélé : il veut toujours creuser l'écart avec ses collègues."",""run"":""gemini""}]"
1065	"[{""id"":85845,""pun"":""L'énergie cinétique, ça me transporte."",""run"":""gemini""},{""id"":57599,""pun"":""Le stockage d'énergie par gravité a besoin d'une croissance sans croyance."",""run"":""gemini""},{""id"":89016,""pun"":""Un électricien au chômage n'a plus de jus mais garde son potentiel."",""run"":""gemini""},{""id"":37365,""pun"":""Les batteries à poids sont excellentes pour garder la forme."",""run"":""gemini""},{""id"":45904,""pun"":""Stocker l'énergie au sommet d'une tour, c'est une idée de haut niveau."",""run"":""gemini""},{""id"":89972,""pun"":""Les physiciens qui étudient la gravité sont des gens très posés."",""run"":""gemini""},{""id"":34416,""pun"":""La gravité, c'est pas sorcier, c'est juste une question d'attraction."",""run"":""gemini""},{""id"":88490,""pun"":""Les batteries en hauteur ? C'est un sujet qui a énormément de potentiel."",""run"":""gemini""},{""id"":35883,""pun"":""Un générateur qui tombe, c'est une chute de tension."",""run"":""gemini""},{""id"":76574,""pun"":""Quand une batterie gravitaire tombe en panne, la situation devient vraiment grave."",""run"":""gemini""},{""id"":63487,""pun"":""Les ingénieurs en stockage ont un courant de pensée très direct."",""run"":""gemini""},{""id"":27966,""pun"":""Il ne faut pas être une lumière pour comprendre les batteries."",""run"":""gemini""}]"
1066	"[{""id"":27319,""pun"":""J'ai rompu avec la gravité, elle me mettait trop la pression pour que je reste au sol."",""run"":""gemini""},{""id"":15456,""pun"":""Les physiciens sont nuls en ambiance : dès qu'ils ramènent leur science, l'atmosphère tombe de haut."",""run"":""gemini""},{""id"":42938,""pun"":""La loi de la gravité, c'est déprimant : elle nous tire vers le bas, mais n'a aucun ressort."",""run"":""gemini""},{""id"":73759,""pun"":""C'est dur d'être une pomme de Newton : on passe son temps à se prendre des prunes par la gravité."",""run"":""gemini""},{""id"":65534,""pun"":""La balance est un juge très sévère : elle nous force à assumer tout notre poids."",""run"":""gemini""},{""id"":76543,""pun"":""Newton était un génie, mais sa théorie de l'attraction ne m'a jamais emballé."",""run"":""gemini""},{""id"":13910,""pun"":""Pourquoi la gravité est-elle si méchante ? Parce qu'elle rabaisse tout le monde sans exception."",""run"":""gemini""},{""id"":36934,""pun"":""La gravité est une force très forgée : elle nous oblige à rester terre à terre."",""run"":""gemini""},{""id"":62926,""pun"":""Un astronaute qui a des gaz, ça pèse ? Non, c'est juste un poids lourd qui s'envoie en l'air."",""run"":""gemini""},{""id"":43210,""pun"":""La gravité, c'est comme les impôts : ça finit toujours par nous tomber dessus."",""run"":""gemini""},{""id"":57430,""pun"":""À la chute libre, on ne se fait pas d'amis, on ne fait que descendre les gens."",""run"":""gemini""},{""id"":28289,""pun"":""La Terre est vraiment manipulatrice : elle nous attire juste pour nous plaquer."",""run"":""gemini""}]"
1067	"[{""id"":21753,""pun"":""Saturne est une planète très snob: elle ne sort jamais sans ses bijoux de famille galactique."",""run"":""gemini""},{""id"":89503,""pun"":""Le Soleil a rendez-vous avec la Lune, mais comme elle est souvent mal lunée, ça finit en éclipse totale de communication."",""run"":""gemini""},{""id"":30547,""pun"":""Comment appelle-t-on un combat entre deux planètes? Un choc des mondes, mais surtout un beau gâchis de croûte terrestre."",""run"":""gemini""},{""id"":57414,""pun"":""Pourquoi les astronautes ne sont jamais stressés? Parce qu'ils gardent toujours leur sang-froid dans le vide-ordures spatial."",""run"":""gemini""},{""id"":62194,""pun"":""Les batailles spatiales font rage, mais les aliens préfèrent la paix car ils ont peur de finir en steak tartare de l'espace."",""run"":""gemini""},{""id"":80348,""pun"":""Un astéroïde arrive en retard au travail: « Désolé, j'étais dans la lune. »"",""run"":""gemini""},{""id"":39376,""pun"":""Une étoile filante s'est fait arrêter par la police galactique: elle avait brûlé un feu rouge géant."",""run"":""gemini""},{""id"":22903,""pun"":""C'est l'histoire d'un astronaute qui a été licencié: il prenait trop de place et ne laissait aucun espace à ses collègues."",""run"":""gemini""},{""id"":38404,""pun"":""La Voie Lactée est en colère: quelqu'un a encore tourné le fromage de chèvre cosmique."",""run"":""gemini""},{""id"":15852,""pun"":""La Grande Ourse a porté plainte contre Orion pour harcèlement: il n'arrêtait pas de la mater du coin de l'œil céleste."",""run"":""gemini""},{""id"":46164,""pun"":""Pourquoi n'y a-t-il pas de tribunaux dans l'espace? Parce qu'on ne peut pas y faire de procès-verbal, il n'y a pas d'air."",""run"":""gemini""},{""id"":80123,""pun"":""Les guerres d'étoiles s'arrêtent toujours au dessert: c'est là qu'on sert la crème de la galaxie."",""run"":""gemini""}]"
1068	"[{""id"":37631,""pun"":""Le travail d'un cordonnier est toujours de bonne pointure, ça marche à tous les coups."",""run"":""gemini""},{""id"":52322,""pun"":""Le pâtissier a fait un gâteau si haut qu'il a atteint le sommet de son art."",""run"":""gemini""},{""id"":49197,""pun"":""L'inventeur du ventilateur a brassé beaucoup d'air, mais son œuvre a jeté un froid."",""run"":""gemini""},{""id"":69835,""pun"":""Un bon horloger fait un travail de précision qui finit toujours par pendre au nez."",""run"":""gemini""},{""id"":24498,""pun"":""Un informaticien qui fait un bon boulot a toujours la touche finale."",""run"":""gemini""},{""id"":87222,""pun"":""Le succès d'un menuisier, c'est quand on touche du bois pour que ça dure."",""run"":""gemini""},{""id"":55777,""pun"":""Une œuvre d'art sur le café est toujours un expresso-chef-d'œuvre."",""run"":""gemini""},{""id"":97770,""pun"":""Quand un électricien réussit, on peut dire qu'il est au courant de son talent."",""run"":""gemini""},{""id"":48777,""pun"":""Les créations des boulangers sont toujours du pain bénit quand elles réussissent."",""run"":""gemini""},{""id"":89549,""pun"":""Un opticien qui réussit son œuvre est quelqu'un qui a de la suite dans les idées."",""run"":""gemini""},{""id"":95018,""pun"":""Le travail d'un tailleur de pierre est un succès qui ne manque pas de cran."",""run"":""gemini""},{""id"":94159,""pun"":""Un artiste qui marche produit forcément une œuvre qui fonctionne."",""run"":""gemini""}]"
1069	"[{""id"":81126,""pun"":""Un thé qui fait de l'exercice devient un thé-thléte."",""run"":""gemini""},{""id"":72150,""pun"":""Pourquoi le thé est-il timide ? Parce qu'il est infusé de doutes."",""run"":""gemini""},{""id"":16080,""pun"":""Ce sorbet au matcha n'est pas qu'un dessert, c'est notre tasse de thé."",""run"":""gemini""},{""id"":19803,""pun"":""Un thé qui ne veut pas travailler est un thé-fainéant."",""run"":""gemini""},{""id"":47764,""pun"":""Le Earl Grey est un thé très respecté, c'est une haute thé-rité."",""run"":""gemini""},{""id"":81935,""pun"":""Le thé à la menthe est très poli, il dit toujours 'merci-thé'."",""run"":""gemini""},{""id"":63116,""pun"":""Le thé vert est très honnête, il n'a rien à ca-thé."",""run"":""gemini""},{""id"":95017,""pun"":""J'ai commandé un thé à la vanille, mais c'était un thé-ridicule."",""run"":""gemini""},{""id"":97534,""pun"":""Le matcha est un thé très ponctuel : il arrive toujours à l'heure du thé."",""run"":""gemini""},{""id"":42327,""pun"":""On a demandé son avis au matcha, mais il restait de glace."",""run"":""gemini""},{""id"":59611,""pun"":""Prendre un thé avec un fantôme, c'est une ex-thé-rience paranormale."",""run"":""gemini""},{""id"":61771,""pun"":""L'inventeur du thé glacé est mort, il est maintenant dans un état liquide."",""run"":""gemini""}]"
1070	"[{""id"":81977,""pun"":""Pour un squelette, la comédie est une seconde rotule."",""run"":""gemini""},{""id"":50187,""pun"":""Un squelette qui fait des blagues, c'est un vrai fémur de rire."",""run"":""gemini""},{""id"":94679,""pun"":""Quand un os se casse, il fait crac parce qu'il n'est pas braque."",""run"":""gemini""},{""id"":27411,""pun"":""Un os qui raconte des blagues est forcément un os-pilleur de rire."",""run"":""gemini""},{""id"":74179,""pun"":""Le médecin m'a dit que mon coude était cassé, j'ai trouvé ça peu olécrâne de sa part."",""run"":""gemini""},{""id"":41490,""pun"":""Le trader qui s'est cassé le bras a subi un krach braque."",""run"":""gemini""},{""id"":65527,""pun"":""Mon ostéopathe a beaucoup d'esprit, il travaille toujours avec la moelle."",""run"":""gemini""},{""id"":63195,""pun"":""Dans l'anatomie du rire, l'humérus est la pièce maîtresse."",""run"":""gemini""},{""id"":69299,""pun"":""Les chirurgiens de Grey's Anatomy ont beaucoup d'humérus."",""run"":""gemini""},{""id"":58575,""pun"":""Il ne faut pas rigoler avec les squelettes, c'est un humour un peu trop osseux."",""run"":""gemini""},{""id"":16773,""pun"":""Les chirurgiens orthopédiques sont des gens très dé-voués."",""run"":""gemini""},{""id"":86372,""pun"":""Les radiologues sont des gens décontractés, ils ne se cassent jamais la nénette."",""run"":""gemini""}]"
1071	"[{""id"":65886,""pun"":""Un barbecue qui ne marche pas, c’est une affaire qui jette un froid."",""run"":""gemini""},{""id"":81873,""pun"":""Les allume-feux sont en promo, c'est le moment de craquer."",""run"":""gemini""},{""id"":51889,""pun"":""Les poêles à frire sont de sortie, elles veulent toutes se faire dorer la pilule."",""run"":""gemini""},{""id"":43809,""pun"":""Les pompiers sont des gens très chaleureux, ils brûlent d'envie de vous aider."",""run"":""gemini""},{""id"":21728,""pun"":""Ce radiateur est tellement à la mode qu'il a une cote d'enfer."",""run"":""gemini""},{""id"":25579,""pun"":""Vendre des climatisations en plein été, c'est un métier qui a le vent en poupe."",""run"":""gemini""},{""id"":74848,""pun"":""Les barbecues sont l'objet du moment : tout le monde se les arrache, c’est vraiment un sujet brûlant."",""run"":""gemini""},{""id"":23014,""pun"":""La canicule transforme tout le monde en râleur de chaleur."",""run"":""gemini""},{""id"":39066,""pun"":""Le nouveau grill est très tendance, mais s'il s'approche trop du bord, il est en tangence."",""run"":""gemini""},{""id"":66748,""pun"":""Le charbon de bois ? C'est un produit qui part comme des petits pains... grillés."",""run"":""gemini""},{""id"":67534,""pun"":""Les réchauds de camping sont très populaires, ce sont vraiment des produits phares."",""run"":""gemini""},{""id"":67804,""pun"":""Le soleil est une star : on ne voit que lui et il finit toujours par faire un tabac."",""run"":""gemini""}]"
1072	"[{""id"":48186,""pun"":""Les rebelles de la jungle ne se battent jamais seuls : ils font toujours de la gorille-a-gorille."",""run"":""gemini""},{""id"":21230,""pun"":""Si tu croises un gorille armé dans la jungle, ne discute pas : c'est lui qui a la peau de banane sur la gâchette."",""run"":""gemini""},{""id"":15559,""pun"":""Le général des singes a été arrêté pour avoir organisé une guérilla très bananière."",""run"":""gemini""},{""id"":49876,""pun"":""Un singe en pleine révolution, c'est un guérill-alpha."",""run"":""gemini""},{""id"":44650,""pun"":""La tactique préférée du Silverback rebelle ? Le coup de poing américain, mais avec une banane."",""run"":""gemini""},{""id"":58336,""pun"":""Dans la jungle, la milice des primates ne fait pas de quartier : c'est la loi du plus gorille."",""run"":""gemini""},{""id"":84479,""pun"":""Les milices de grands singes sont formelles : pour gagner, il ne faut jamais lâcher la grappe."",""run"":""gemini""},{""id"":98752,""pun"":""Dans cette armée de primates, le plus dur n'est pas le combat, c'est de garder la banane devant le danger."",""run"":""gemini""},{""id"":85062,""pun"":""Comment appelle-t-on un singe qui pose des mines ? Un gora-pilleur."",""run"":""gemini""},{""id"":64277,""pun"":""Le problème avec la guérilla des singes, c'est qu'ils finissent toujours par peler le jonc de l'ennemi."",""run"":""gemini""},{""id"":32693,""pun"":""Pourquoi les singes insurgés sont-ils dangereux ? Parce qu'ils pratiquent la guerre-île-aux-singes."",""run"":""gemini""},{""id"":38445,""pun"":""Un primate qui prend les armes n'est pas un soldat, c'est un gorille de guerre."",""run"":""gemini""}]"
1073	"[{""id"":56619,""pun"":""Celui qui déteste la stout est un guinn-ignorant."",""run"":""gemini""},{""id"":41469,""pun"":""Une bière noire sans alcool, c'est un péché sans la vertu."",""run"":""gemini""},{""id"":56914,""pun"":""Un humoriste qui boit du whisky fait-il un scotch ou un sketch ?"",""run"":""gemini""},{""id"":81443,""pun"":""Quand la Guinness est bue par un saint, elle devient une bière de vertu."",""run"":""gemini""},{""id"":40583,""pun"":""Il n'est pas coupable d'aimer la stout, il est juste guinn-o-cent."",""run"":""gemini""},{""id"":93757,""pun"":""Arrêtez de boire de la Guinness, c'est guinn-admissible."",""run"":""gemini""},{""id"":58909,""pun"":""Je n'aime pas le scotch, ça me colle trop à la peau pour un sketch."",""run"":""gemini""},{""id"":69621,""pun"":""Une Guinness sans mousse, c'est comme une vertu pas vêtue : elle manque de tenue."",""run"":""gemini""},{""id"":23403,""pun"":""Au tribunal de la bière, la Guinness est toujours jugée inno-stout."",""run"":""gemini""},{""id"":19844,""pun"":""La Guinness en pression ? C'est ce qu'on appelle la pression fiscale."",""run"":""gemini""},{""id"":56015,""pun"":""Le brasseur irlandais a été acquitté, il était guinn-ocent."",""run"":""gemini""},{""id"":94896,""pun"":""Boire une pinte en secret, c'est une vertu bien mal vêtue."",""run"":""gemini""}]"
1074	"[{""id"":44883,""pun"":""Les grenades, c'est un fruit de mer ? Non, c'est pour ça que ça t'éclate la tronche."",""run"":""gemini""},{""id"":12354,""pun"":""L'armée a fini par se mettre au parfum : ils n'utilisent que de l'eau de Cologne pour leurs colonnes."",""run"":""gemini""},{""id"":73162,""pun"":""Un obus qui ne veut pas bosser, c'est un agent de mine."",""run"":""gemini""},{""id"":45633,""pun"":""Pour un artificier, trouver l'amour, c'est souvent un coup de foudre."",""run"":""gemini""},{""id"":83524,""pun"":""Quand la poudre parle, tout le monde se tait, c'est une question de détonation."",""run"":""gemini""},{""id"":80341,""pun"":""Le mec qui a inventé la dynamite était vraiment une lumière, ça a fait tilt tout de suite."",""run"":""gemini""},{""id"":68207,""pun"":""On a inventé la poudre dans un éclair de génie."",""run"":""gemini""},{""id"":29674,""pun"":""L'inventeur de la mèche était quelqu'un de très court-circuité."",""run"":""gemini""},{""id"":38385,""pun"":""Pourquoi les bombes sont-elles toujours stressées ? Parce qu'elles ont la pression."",""run"":""gemini""},{""id"":76630,""pun"":""Le fabricant de canons a été licencié car il n'avait aucune ligne de mire."",""run"":""gemini""},{""id"":21946,""pun"":""Un feu d'artifice qui rate, c'est vraiment une affaire qui part en fumée."",""run"":""gemini""},{""id"":60777,""pun"":""Celui qui a créé les explosifs avait un tempérament de feu."",""run"":""gemini""}]"
1075	"[{""id"":17774,""pun"":""Quand j'ai expliqué à mon clone que j'étais perdu, il m'a dit : \""Pareil, je suis mon propre reflet.\"""",""run"":""gemini""},{""id"":73221,""pun"":""On m'a dit que le clonage était une erreur. J'ai répondu : \""C'est vrai, ça fait double emploi.\"""",""run"":""gemini""},{""id"":37679,""pun"":""Le clonage, c'est comme le partage, mais avec un portage génétique identique."",""run"":""gemini""},{""id"":78774,""pun"":""J'ai demandé à mon clone s'il aimait sa vie. Il m'a dit : \""Je me sens très 'copies' conforme.\"""",""run"":""gemini""},{""id"":64210,""pun"":""Un clone qui se pose des questions, c'est quelqu'un qui se regarde dans le blanc des œufs."",""run"":""gemini""},{""id"":28209,""pun"":""Quand deux clones finissent une phrase en même temps, on appelle ça un doublage."",""run"":""gemini""},{""id"":97742,""pun"":""Le clonage ? C'est une question de gène... ou de gêne pour l'original."",""run"":""gemini""},{""id"":51839,""pun"":""J'ai croisé mon clone qui fuyait le laboratoire. C'était une véritable fuite des cerveaux... enfin, du même.\"""",""run"":""gemini""},{""id"":79995,""pun"":""Mon clone ne comprend rien à la biologie. Je lui ai dit : \""C'est pas grave, on fera la paire.\"""",""run"":""gemini""},{""id"":97237,""pun"":""J'ai dit à mon double que je ne voyais pas l'intérêt du clonage. Il m'a répondu : \""Moi non plus, on se ressemble trop.\"""",""run"":""gemini""},{""id"":47720,""pun"":""On a demandé à un clone s'il connaissait son origine. Il a répondu : \""Je ne suis pas très au courant, mais on est deux sur le coup.\"""",""run"":""gemini""},{""id"":36247,""pun"":""Le gars qui a inventé le clonage ? Un type qui ne savait pas s'arrêter en si bon nombre."",""run"":""gemini""}]"
1076	"[{""id"":84841,""pun"":""Les mains en prière sont déjà digitales : elles comptent sur Dieu."",""run"":""gemini""},{""id"":48347,""pun"":""Quand on prie avec les doigts, on met son destin entre de bonnes mains-frames."",""run"":""gemini""},{""id"":46493,""pun"":""À l'église, on ne tape pas sur un clavier, mais on pianote des doigts."",""run"":""gemini""},{""id"":68388,""pun"":""Dieu préfère les mains digitales : il a besoin de données."",""run"":""gemini""},{""id"":24528,""pun"":""Le prêtre s'est mis au numérique, il fait maintenant des sermons en binaire."",""run"":""gemini""},{""id"":71257,""pun"":""Un moine qui code, c'est un adepte du salut par le processeur."",""run"":""gemini""},{""id"":93851,""pun"":""Les mains jointes, c'est le premier réseau sans fil."",""run"":""gemini""},{""id"":65822,""pun"":""Les prières sont les ancêtres des SMS : c'est du texte sans contact."",""run"":""gemini""},{""id"":97117,""pun"":""Le Pape a une excellente connexion : il est toujours en ligne directe."",""run"":""gemini""},{""id"":98124,""pun"":""Pourquoi les mains qui prient sont-elles numériques ? Parce qu'elles ont dix-gitales."",""run"":""gemini""},{""id"":84652,""pun"":""Un informaticien pieux a toujours les doigts sur la touche 'Maj'."",""run"":""gemini""},{""id"":16942,""pun"":""Faire sa prière avec les doigts, c'est un toucher de grâce."",""run"":""gemini""}]"
1077	"[{""id"":41130,""pun"":""Le bourreau a été licencié car il n'avait aucune corde à son arc."",""run"":""gemini""},{""id"":66539,""pun"":""Un bourreau qui réussit est un homme qui a le sens du contact et qui sait nouer des relations."",""run"":""gemini""},{""id"":38035,""pun"":""Pourquoi les bourreaux sont-ils si bien informés ? Parce qu'ils sont toujours dans le nœud du problème."",""run"":""gemini""},{""id"":69549,""pun"":""Le travail de bourreau est éprouvant, mais au moins, on ne se prend jamais la tête."",""run"":""gemini""},{""id"":15627,""pun"":""Le bourreau est un homme de réseau : il a toujours un cercle d'amis très serré."",""run"":""gemini""},{""id"":27642,""pun"":""Il ne faut pas parler de corde dans la maison d'un pendu, c'est un sujet trop tendu."",""run"":""gemini""},{""id"":69146,""pun"":""L'exécution de ce matin ? C'était un vrai tour de force, j'en ai eu le souffle coupé."",""run"":""gemini""},{""id"":29421,""pun"":""Un condamné à la pendaison a toujours le dernier mot, mais il finit par perdre le fil."",""run"":""gemini""},{""id"":85107,""pun"":""Les bourreaux n'aiment pas l'improvisation, ils préfèrent quand c'est raccord."",""run"":""gemini""},{""id"":29479,""pun"":""Un bon bourreau ne laisse jamais ses clients en suspens."",""run"":""gemini""},{""id"":11876,""pun"":""Les bourreaux sont des gens très attachants : ils vous tiennent toujours au courant, surtout s'il y a du jus."",""run"":""gemini""},{""id"":53879,""pun"":""Le bourreau a pris sa retraite car il en avait plein le dos, ou plutôt, plein le cou."",""run"":""gemini""}]"
1078	"[{""id"":48392,""pun"":""Les deux ébénistes ont arrêté de se disputer sur le vernis : ils ont fini par trouver un terrain d'entente cordiale."",""run"":""gemini""},{""id"":35725,""pun"":""Ils ont fini par se mettre d'accord sur le design du plateau, sinon la discussion allait prendre racine."",""run"":""gemini""},{""id"":32749,""pun"":""Le charpentier a finalement accepté l'idée de son collègue, car il ne voulait pas faire d'éclats."",""run"":""gemini""},{""id"":57350,""pun"":""Quand le fabricant de chaises en a eu marre de l'aspect du bois, il a décidé de changer de siège."",""run"":""gemini""},{""id"":81668,""pun"":""Le menuisier s'est reconverti dans la police : il aimait trop faire des interrogatoires sur la sellette."",""run"":""gemini""},{""id"":67618,""pun"":""Après des heures de débat sur la table, ils ont enfin touché du bois."",""run"":""gemini""},{""id"":18981,""pun"":""Pour résoudre leur conflit sur la hauteur des pieds, les charpentiers ont convenu d'un accord de principe... de bois."",""run"":""gemini""},{""id"":20138,""pun"":""Harry ne supportait plus les critiques de Clem, alors il lui a envoyé un mail avec une pièce jointe."",""run"":""gemini""},{""id"":29836,""pun"":""Harry et Clem voulaient finir ce buffet, mais comme ils n'étaient pas d'accord, ils ont décidé de rester sur leur faim."",""run"":""gemini""},{""id"":75721,""pun"":""Le menuisier qui ne savait pas dire non acceptait toujours de faire une planche à part."",""run"":""gemini""},{""id"":77947,""pun"":""Les menuisiers ont fini par s'entendre pour ne pas se fâcher : ils ont mis leurs différends sur le tapis, puis les ont rabotés."",""run"":""gemini""},{""id"":54381,""pun"":""Clem était tellement têtu qu'Harry a dû lui rappeler que dans ce métier, on ne fait pas de vieux os, mais de vieux fûts."",""run"":""gemini""}]"
1079	"[{""id"":21979,""pun"":""On a volé mon magazine sur les chiens, je n'ai plus aucun flair de presse."",""run"":""gemini""},{""id"":97627,""pun"":""« Est-ce que mon magazine est arrivé ? » demanda-t-il périodiquement."",""run"":""gemini""},{""id"":99347,""pun"":""Le magazine de mode s'est arrêté car il n'avait plus de taille de police."",""run"":""gemini""},{""id"":21610,""pun"":""Le pigiste qui n'écrivait que sur l'astronomie avait toujours la tête dans les étoiles de presse."",""run"":""gemini""},{""id"":76505,""pun"":""Un journaliste qui fait du yoga cherche toujours l'équilibre des canards."",""run"":""gemini""},{""id"":99609,""pun"":""Le livreur de journaux est fatigué, il a trop de presse."",""run"":""gemini""},{""id"":25394,""pun"":""Le magazine sur le jardinage a été publié, il vient de paraître en terre."",""run"":""gemini""},{""id"":77075,""pun"":""Un périodique sur la couture ? C'est une parution de fil en aiguille."",""run"":""gemini""},{""id"":88602,""pun"":""Le journal sur la foudre a un tirage éclair."",""run"":""gemini""},{""id"":43900,""pun"":""Elle a rompu avec le rédacteur en chef car il avait trop de numéros."",""run"":""gemini""},{""id"":82665,""pun"":""L'abonné au journal de l'armée avait toujours un bon sens de la revue."",""run"":""gemini""},{""id"":68776,""pun"":""Mon journal de pêche est tombé à l'eau, c'est un hors-série d'eau."",""run"":""gemini""}]"
1080	"[{""id"":17878,""pun"":""Il attendait son magazine sur les céréales avec un grain d'impatience."",""run"":""gemini""},{""id"":19659,""pun"":""« Mon magazine sur le jardinage n'est pas paru », dit-il d'un ton désherbé."",""run"":""gemini""},{""id"":12278,""pun"":""« Ma revue sur la météo n'est pas arrivée », dit-il d'un air couvert."",""run"":""gemini""},{""id"":19471,""pun"":""« Mon journal de couture est en retard », s'exclama-t-il de fil en aiguille."",""run"":""gemini""},{""id"":55302,""pun"":""Il était abonné au journal de la SNCF, mais il ne le recevait que par entrées et sorties de gare."",""run"":""gemini""},{""id"":27726,""pun"":""« Je n'ai plus de nouvelles de mon journal sur la menuiserie », dit-il en faisant la planche."",""run"":""gemini""},{""id"":79704,""pun"":""Il ne lisait que des revues de boxe, juste pour le punch."",""run"":""gemini""},{""id"":33100,""pun"":""Le rédacteur en chef du magazine sur la pêche a fini par prendre la ligne."",""run"":""gemini""},{""id"":51654,""pun"":""Le mec qui vendait des journaux intimes n'avait aucun secret pour personne."",""run"":""gemini""},{""id"":14867,""pun"":""Quand son magazine sur les avions a été annulé, il a vraiment perdu ses ailes."",""run"":""gemini""},{""id"":91910,""pun"":""« Est-ce que mon magazine est arrivé ? » demanda-t-il de temps en temps."",""run"":""gemini""},{""id"":42308,""pun"":""Le pigiste qui écrivait sur les horloges travaillait toujours à temps partiel."",""run"":""gemini""}]"
1081	"[{""id"":92901,""pun"":""On a demandé au scénariste de faire mousser l'intrigue, mais il a fini par buller."",""run"":""gemini""},{""id"":74093,""pun"":""Pourquoi les producteurs de soap-operas font-ils la vaisselle ? Pour ne pas rater la mousse."",""run"":""gemini""},{""id"":26305,""pun"":""Une série sur les bulles de savon ? C’est un programme qui manque de liquide."",""run"":""gemini""},{""id"":33893,""pun"":""C'est l'histoire d'un feuilleton à l'eau de rose qui a fini par se prendre un savon."",""run"":""gemini""},{""id"":19053,""pun"":""Le feuilleton était tellement sale qu'il a fallu un lavage de cerveau à l'eau de rose."",""run"":""gemini""},{""id"":27800,""pun"":""Le soap-opera est en crise : c'est la fin du règne du propre et du figuré."",""run"":""gemini""},{""id"":32543,""pun"":""Les acteurs de soap-operas ne meurent jamais, ils se rincent simplement pour la saison suivante."",""run"":""gemini""},{""id"":88569,""pun"":""Si le feuilleton est nul, c'est normal qu'il n'y ait plus de pression dans la mousse."",""run"":""gemini""},{""id"":47277,""pun"":""Le héros du feuilleton a été lavé de tout soupçon, mais il reste très détergent."",""run"":""gemini""},{""id"":65061,""pun"":""Un soap-opera qui se passe dans un port, c'est un lever de rideau ou un levage de mousse ?"",""run"":""gemini""},{""id"":19196,""pun"":""À force de vouloir laver son honneur, le héros du soap a fini en mousse."",""run"":""gemini""},{""id"":51550,""pun"":""Les feuilletons américains sont-ils en perte de savon ? On dit que la bulle est en train de se savonner."",""run"":""gemini""}]"
1082	"[{""id"":88594,""pun"":""Les règles, c'est comme un mauvais abonnement : c'est périodique et on n'arrive jamais à se désabonner."",""run"":""gemini""},{""id"":43121,""pun"":""Utiliser Always, c'est s'offrir une protection qui dure éternellement, ou du moins, tant que le coton tient."",""run"":""gemini""},{""id"":99213,""pun"":""L'avantage des serviettes hygiéniques, c'est qu'elles ne font jamais de vagues, elles absorbent tout le flux."",""run"":""gemini""},{""id"":46349,""pun"":""Une serviette qui dure toujours, c'est une protection Always qui a trouvé la fontaine de jouvence."",""run"":""gemini""},{""id"":75760,""pun"":""Les protections périodiques, c'est comme la pluie : on attend que ça s'évapore ou que Nana s'en occupe."",""run"":""gemini""},{""id"":26832,""pun"":""Quelle est la marque préférée des vampires ? Always, pour la protection longue durée."",""run"":""gemini""},{""id"":87430,""pun"":""C'est l'histoire d'un homme qui achète des serviettes Always : il s'est dit que ça durerait pour l'éternité."",""run"":""gemini""},{""id"":59561,""pun"":""Qu'est-ce qu'une femme qui a ses règles et qui lit l'avenir ? Une voyante qui a de bonnes protections, elle voit le flux."",""run"":""gemini""},{""id"":41086,""pun"":""Pourquoi le sang ne ment jamais ? Parce qu'il coule de source."",""run"":""gemini""},{""id"":82918,""pun"":""Une éternité sans règles, c'est ce qu'on appelle un cycle éternisé."",""run"":""gemini""},{""id"":18264,""pun"":""Ma copine est très ponctuelle. Pour ses règles, elle arrive toujours à point."",""run"":""gemini""},{""id"":98973,""pun"":""Pourquoi les femmes sont-elles si calmes pendant leurs règles ? Parce qu'elles vivent un moment de sang-froid."",""run"":""gemini""}]"
1083	"[{""id"":91341,""pun"":""J'ai demandé une chambre d'hôpital avec vue sur la mer, mais on m'a dit que c'était seulement pour les cas de dessalement."",""run"":""gemini""},{""id"":68762,""pun"":""On m'a opéré du cerveau, c'était une idée de génie."",""run"":""gemini""},{""id"":94170,""pun"":""L'infirmier est très accueillant, il a toujours un pansement pour les autres."",""run"":""gemini""},{""id"":48797,""pun"":""L'anesthésiste est le seul métier où l'on gagne sa vie en endormant les gens."",""run"":""gemini""},{""id"":18499,""pun"":""L'amitié entre deux chirurgiens, c'est une greffe qui prend."",""run"":""gemini""},{""id"":65845,""pun"":""Le chirurgien était très généreux, il m'a opéré à cœur ouvert."",""run"":""gemini""},{""id"":78119,""pun"":""Les médecins font toujours des blagues sur le foie, c'est une question de tripes."",""run"":""gemini""},{""id"":30851,""pun"":""Un aveugle qui entre à l'hôpital, c'est quelqu'un qui ne voit pas d'issue."",""run"":""gemini""},{""id"":80217,""pun"":""Il m'a invité dans son ambulance très hospitalièrement."",""run"":""gemini""},{""id"":29402,""pun"":""Ma tension est montée quand j'ai vu la facture, c'était un hôpital de soins intensifs."",""run"":""gemini""},{""id"":77323,""pun"":""Le radiologue est quelqu'un de très transparent."",""run"":""gemini""},{""id"":75832,""pun"":""Le docteur m'a prescrit un régime au thé, c'est pour ma santé."",""run"":""gemini""}]"
1084	"[{""id"":71586,""pun"":""L'optométriste a été élu haut la main : il était le seul à avoir de la suite dans les idées et de la vue dans la suite."",""run"":""gemini""},{""id"":58428,""pun"":""Le candidat de l'optique a promis une réforme : il veut que tout le monde soit logé à la même enseigne lumineuse."",""run"":""gemini""},{""id"":90103,""pun"":""Le président ophtalmo a démis son ministre : leurs points de vue divergeaient trop."",""run"":""gemini""},{""id"":46273,""pun"":""Le slogan de l'ophtalmo ? Pour un pays qui voit grand sans avoir besoin de lunettes."",""run"":""gemini""},{""id"":93492,""pun"":""Votez pour l'optométriste, c'est le seul qui ne ferme jamais les yeux sur la corruption."",""run"":""gemini""},{""id"":98510,""pun"":""Il faut élire un ophtalmo comme président, il a toujours une vision claire des enjeux."",""run"":""gemini""},{""id"":26736,""pun"":""Pourquoi l'ophtalmo a-t-il gagné l'élection ? Parce qu'il savait comment redonner du focus au pays."",""run"":""gemini""},{""id"":98567,""pun"":""Un ophtalmo au pouvoir, c'est l'assurance d'un avenir qui ne manque pas d'éclat."",""run"":""gemini""},{""id"":33992,""pun"":""L'opticien est un politicien né : il sait très bien comment monter le ton et baisser les verres."",""run"":""gemini""},{""id"":15629,""pun"":""Aux élections, l'ophtalmo a tout raflé : il a eu un vrai coup d'œil sur la situation."",""run"":""gemini""},{""id"":31427,""pun"":""On a demandé à l'opticien son avis sur la dette : il a répondu qu'il fallait qu'on s'y penche de plus près."",""run"":""gemini""},{""id"":85147,""pun"":""Le candidat opticien n'a pas été élu : son programme manquait de relief, c'était trop plat pour la rétine."",""run"":""gemini""}]"
1085	"[{""id"":85789,""pun"":""Prends un autre soda, dit-il d'un ton cola-érique."",""run"":""gemini""},{""id"":15499,""pun"":""Tu veux un soda ? C'est ma-gaze-in !"",""run"":""gemini""},{""id"":80790,""pun"":""Un soda qui réfléchit trop, c'est un Coke-nitive."",""run"":""gemini""},{""id"":39431,""pun"":""Le serveur m'a servi un soda périmé, j'ai trouvé ça très dé-cola-ssé."",""run"":""gemini""},{""id"":79169,""pun"":""Il boit du cola en cachette, c'est son jardin s-id-ré."",""run"":""gemini""},{""id"":73413,""pun"":""Bois ton soda ! m'ordonna-t-il d'un air Schweppes-taculaire."",""run"":""gemini""},{""id"":87041,""pun"":""On m'a forcé à boire du soda, c'était une pression gazeuse."",""run"":""gemini""},{""id"":30837,""pun"":""C'est l'histoire d'un soda qui ne savait pas dire non, il était trop cola-boratif."",""run"":""gemini""},{""id"":37087,""pun"":""Il m'a convaincu de boire un verre, il était très per-sua-bulles."",""run"":""gemini""},{""id"":52370,""pun"":""Pourquoi le soda est-il triste ? Parce qu'il s'est fait cola-shé."",""run"":""gemini""},{""id"":40589,""pun"":""Ne bois pas de soda avant de dormir, ça va t'ex-pschitt-er."",""run"":""gemini""},{""id"":46824,""pun"":""Le soda est tombé amoureux, il a eu un coup de f-pschitt."",""run"":""gemini""}]"
1086	"[{""id"":77068,""pun"":""Tu aimes les eaux-vives ? Oui, c'est ma passion de torrent."",""run"":""gemini""},{""id"":88061,""pun"":""Il descendait le courant a toute allure, il était vraiment dans le vif du sujet."",""run"":""gemini""},{""id"":40985,""pun"":""Le rafting, c'est de l'eau précieuse : c'est du liquide qui coule à flots."",""run"":""gemini""},{""id"":22126,""pun"":""Quand la rivière s'énerve, elle prend tout au torrent."",""run"":""gemini""},{""id"":45281,""pun"":""Les poissons n'aiment pas le rafting, ça les rend courants d'air."",""run"":""gemini""},{""id"":46160,""pun"":""Faire du kayak dans les rapides, c'est l'aventure au fil de l'eau-rangeade."",""run"":""gemini""},{""id"":10341,""pun"":""Le guide de rafting est tombé à l'eau, il est maintenant dans le courant alternatif."",""run"":""gemini""},{""id"":57056,""pun"":""As-tu déjà fait du rafting ? demanda-t-il d'un ton rapide."",""run"":""gemini""},{""id"":81534,""pun"":""Il ramait si vite qu'il a fini par faire une remontada de courant."",""run"":""gemini""},{""id"":43818,""pun"":""Le rafting est un sport très sage car on y suit toujours le droit chemin de l'eau."",""run"":""gemini""},{""id"":63962,""pun"":""Il a raté son virage dans les rapides, c'était un vrai cas-cascadeur."",""run"":""gemini""},{""id"":76952,""pun"":""Pourquoi les pratiquants de rafting sont-ils toujours pressés ? Parce qu'ils ont hâte d'O."",""run"":""gemini""}]"
1087	"[{""id"":63632,""pun"":""As-tu déjà fait du rafting ? demanda-t-il avec précipitation."",""run"":""gemini""},{""id"":65226,""pun"":""Le moniteur de rafting est tombé à l'eau, il est complètement dérouté."",""run"":""gemini""},{""id"":48931,""pun"":""C'est l'histoire d'un kayakiste qui était au courant de rien."",""run"":""gemini""},{""id"":87968,""pun"":""Le courant était si rapide que le poisson a fini par prendre la fuite."",""run"":""gemini""},{""id"":98199,""pun"":""Dans les rapides, on ne perd pas de temps car l'eau est très vive."",""run"":""gemini""},{""id"":13611,""pun"":""Il descendait les rapides à toute vitesse car il était pressé par le courant."",""run"":""gemini""},{""id"":17089,""pun"":""On m'a dit que faire du rafting, ça jette un froid."",""run"":""gemini""},{""id"":55926,""pun"":""Pour aller plus vite en rivière, il faut savoir ramer pour sa pomme."",""run"":""gemini""},{""id"":34658,""pun"":""Quand la rivière s'accélère, c'est dur de garder son sang-froid dans l'eau glacée."",""run"":""gemini""},{""id"":97880,""pun"":""Il a réussi sa descente de rivière, c'était un vrai flot d'élégance."",""run"":""gemini""},{""id"":82782,""pun"":""Pourquoi le kayakiste s'est-il fâché ? Parce qu'il a pris la mouche dans les remous."",""run"":""gemini""},{""id"":49679,""pun"":""Un kayakiste qui réussit tout, c'est quelqu'un qui a le bras long."",""run"":""gemini""}]"
1088	"[{""id"":16697,""pun"":""Ce kayakiste est vraiment un génie : il a toujours une idée de génie-nie."",""run"":""gemini""},{""id"":62415,""pun"":""Il m'a demandé si j'aimais la cascade de façon très fluide."",""run"":""gemini""},{""id"":87071,""pun"":""Pour faire du rafting, il faut avoir beaucoup de liquide sur soi."",""run"":""gemini""},{""id"":34926,""pun"":""On allait descendre les rapides quand il m'a posé une question, mais je n'ai pas pu répondre : j'étais dans le courant."",""run"":""gemini""},{""id"":72711,""pun"":""C'est l'histoire d'un torrent qui est très timide : il n'ose pas se jeter à l'eau."",""run"":""gemini""},{""id"":20036,""pun"":""Quand la rivière est fâchée, elle sort de ses gonds... ou plutôt de son lit."",""run"":""gemini""},{""id"":58566,""pun"":""Il m'a demandé de ramer plus vite : il voulait vraiment mettre la gomme-me."",""run"":""gemini""},{""id"":87303,""pun"":""Tu connais l'histoire du fleuve qui n'avait pas de mémoire ? Il perdait souvent le fil."",""run"":""gemini""},{""id"":34660,""pun"":""Le guide de rafting est tombé à l'eau, on peut dire qu'il a perdu sa tong avant de faire la tombe."",""run"":""gemini""},{""id"":86147,""pun"":""Le kayakiste a été arrêté par la police : il n'avait pas ses papiers, il était en règle-eau."",""run"":""gemini""},{""id"":92627,""pun"":""Pourquoi les poissons n'aiment pas le rafting ? Parce qu'ils ont peur de se faire vider."",""run"":""gemini""},{""id"":74901,""pun"":""Il m'a demandé s'il y avait des remous d'un ton très agité."",""run"":""gemini""}]"
1089	"[{""id"":43842,""pun"":""Quel félin est le plus poli mais le plus fourbe ? Le chat-pardeur."",""run"":""gemini""},{""id"":79893,""pun"":""Quel animal est le roi de la tromperie ? Le thon, car il est toujours au centre d'une arnaque à la thon-tine."",""run"":""gemini""},{""id"":88769,""pun"":""Pourquoi le lion n'est-il jamais honnête ? Parce qu'il ment comme il rugit."",""run"":""gemini""},{""id"":13991,""pun"":""Comment appelle-t-on un lynx qui fraude le fisc ? Un lynx-pecteur des impôts."",""run"":""gemini""},{""id"":75744,""pun"":""Un crocodile qui ment, c'est un vrai sac-à-malices."",""run"":""gemini""},{""id"":72158,""pun"":""On ne peut pas faire confiance à un éléphant, il est bien trop trompeur."",""run"":""gemini""},{""id"":73939,""pun"":""Le serpent est très malhonnête, il n'a jamais de parole d'honneur, juste une langue fourchue."",""run"":""gemini""},{""id"":54536,""pun"":""Quel est le félin le plus malhonnête ? Le guépard, car c'est un vrai gai-partageur de mauvaises cartes."",""run"":""gemini""},{""id"":79687,""pun"":""C'est l'histoire d'un trappeur qui s'est fait avoir par un animal... on peut dire qu'il a été trompeur-trappeur !"",""run"":""gemini""},{""id"":23715,""pun"":""Les oiseaux migrateurs ne trichent jamais, mais ils volent beaucoup."",""run"":""gemini""},{""id"":94520,""pun"":""Quel animal est un expert en fraude fiscale ? Le loup, car il connaît toutes les failles de la meute-ualité."",""run"":""gemini""},{""id"":83510,""pun"":""Pourquoi les guépards ne jouent-ils jamais aux cartes ? Parce qu'on dit toujours qu'ils sont des tricheurs nés."",""run"":""gemini""}]"
1090	"[{""id"":36280,""pun"":""Pourquoi Harry est-il un bon céramiste ? Car il manipule la baguette... de pain d'argile."",""run"":""gemini""},{""id"":90827,""pun"":""Un sorcier qui travaille la terre ? C'est un homme qui a de la glaise dans les mains."",""run"":""gemini""},{""id"":91145,""pun"":""C'est un potier qui est devenu riche : il a touché le gros lot... de terre."",""run"":""gemini""},{""id"":30057,""pun"":""As-tu lu Baudelaire ? C'est l'histoire d'un sculpteur qui fait des Fleurs du Mâle... dans l'argile."",""run"":""gemini""},{""id"":26747,""pun"":""Harry n'est pas magicien, il est potier : il passe son temps à fabriquer des coupes de feu."",""run"":""gemini""},{""id"":64113,""pun"":""À Poudlard, les cours de poterie sont obligatoires. C'est l'école des sorciers... de terre."",""run"":""gemini""},{""id"":99122,""pun"":""Comment appelle-t-on un sorcier qui fait de la poterie ? Un Harry Pot d'colle."",""run"":""gemini""},{""id"":38011,""pun"":""On a demandé au sculpteur s'il aimait Baudelaire. Il a répondu : 'Oui, j'adore les Fleurs du Moule'."",""run"":""gemini""},{""id"":53200,""pun"":""Charles Baudelaire était-il potier ? En tout cas, il s'y connaissait en Spleen et en argile idéale."",""run"":""gemini""},{""id"":43012,""pun"":""Quel est le point commun entre un sorcier et un sculpteur ? Ils ont tous les deux un tour dans leur sac."",""run"":""gemini""},{""id"":19119,""pun"":""Les sorciers sculpteurs ne ratent jamais leur coup : ils ont toujours le bon émail."",""run"":""gemini""},{""id"":87487,""pun"":""Pourquoi les céramistes n'aiment pas Harry Potter ? Parce qu'il casse ses pots de l'art."",""run"":""gemini""}]"
1091	"[{""id"":66153,""pun"":""L'auteur préféré des jardiniers qui ne veulent pas travailler ? Jean-Jacques Repousse-eau."",""run"":""gemini""},{""id"":86348,""pun"":""Quel est le poète préféré des pépiniéristes ? Charles Baudelaire, pour ses Fleurs du moucheron."",""run"":""gemini""},{""id"":74406,""pun"":""Comment appelle-t-on un écrivain qui ne jure que par les racines ? Un auteur de souche."",""run"":""gemini""},{""id"":33690,""pun"":""Connaissez-vous l'auteur du roman sur le compost ? C'est un sacré décomposeur."",""run"":""gemini""},{""id"":89716,""pun"":""Quel auteur est spécialiste des plantes grimpantes ? Alexandre Dumas-lierre."",""run"":""gemini""},{""id"":90989,""pun"":""Quel est le comble pour un jardinier poète ? Prendre la rime au pied de la laitue."",""run"":""gemini""},{""id"":54488,""pun"":""L'écrivain qui sentait le plus fort ? C'était Victor Hu-goût, un auteur de grande haleine."",""run"":""gemini""},{""id"":76084,""pun"":""Quel poète romantique s'occupe le mieux des haies ? Alfred de Mousset."",""run"":""gemini""},{""id"":56719,""pun"":""L'écrivain qui a le plus de succès auprès des engrais ? Honoré de Balzac de terreau."",""run"":""gemini""},{""id"":66948,""pun"":""Pourquoi le poète a-t-il été arrêté dans le jardin ? Il avait l'air un peu trop herbu."",""run"":""gemini""},{""id"":71844,""pun"":""Quel est le comble pour un écrivain botaniste ? Faire une fleur à son éditeur."",""run"":""gemini""},{""id"":67972,""pun"":""Pourquoi les jardiniers aiment-ils la poésie ? Parce qu'on y trouve toujours de beaux vers de terre."",""run"":""gemini""}]"
1092	"[{""id"":15413,""pun"":""Un cannibale qui mange une horloge arrive-t-il toujours à l'heure ?"",""run"":""gemini""},{""id"":34035,""pun"":""J'ai mangé une ampoule hier soir, j'étais brillant à l'école aujourd'hui."",""run"":""gemini""},{""id"":62872,""pun"":""Les électriciens sont toujours au courant de tout."",""run"":""gemini""},{""id"":19850,""pun"":""Un boucher qui travaille trop finit par être à bout de nerfs."",""run"":""gemini""},{""id"":91880,""pun"":""Il ne faut pas raconter de blagues aux œufs, car ça les fait rire jaune."",""run"":""gemini""},{""id"":77862,""pun"":""Le boulanger a fait faillite car il n'avait plus de galette."",""run"":""gemini""},{""id"":92369,""pun"":""J'ai dévoré un livre sur la pesanteur, c'était vraiment du lourd."",""run"":""gemini""},{""id"":81623,""pun"":""C'est l'histoire d'un poisson qui travaille trop, il finit par faire un burn-truite."",""run"":""gemini""},{""id"":95670,""pun"":""As-tu déjà essayé de manger un calendrier ? C'est très journalier."",""run"":""gemini""},{""id"":39547,""pun"":""Manger une montre, c'est dur, mais ça permet de passer le temps."",""run"":""gemini""},{""id"":28920,""pun"":""Quel est le comble pour un horloger ? Ne pas avoir une minute à lui."",""run"":""gemini""},{""id"":76217,""pun"":""J'ai voulu manger une boussole, mais j'ai perdu le Nord."",""run"":""gemini""}]"
1093	"[{""id"":64706,""pun"":""Pourquoi les batteurs de baseball sont-ils si romantiques ? Parce qu'ils ont toujours le coup de foudre."",""run"":""gemini""},{""id"":43922,""pun"":""Le mariage d'un joueur de baseball est solide car il ne rate jamais ses engagements. Avec lui, c'est 'prise' de tête assurée."",""run"":""gemini""},{""id"":43372,""pun"":""Pourquoi les lanceurs sont-ils infidèles ? Ils aiment trop faire des changements de trajectoire."",""run"":""gemini""},{""id"":39943,""pun"":""Comment un joueur de baseball drague-t-il ? Il sort sa plus belle 'balle' de match."",""run"":""gemini""},{""id"":58393,""pun"":""Au baseball, on tombe amoureux au premier regard, mais c'est surtout le premier 'élan' qui compte."",""run"":""gemini""},{""id"":84691,""pun"":""Ma copine m'a quitté parce que je parlais trop de baseball. Je lui ai dit : 'C'est bon, t'es hors-jeu !'"",""run"":""gemini""},{""id"":20123,""pun"":""Les joueurs de baseball sont d'excellents amants : ils savent exactement comment faire le tour du terrain."",""run"":""gemini""},{""id"":34089,""pun"":""Ma relation avec ce joueur de baseball est un échec. Il m'a fait faux bond... en plein champ."",""run"":""gemini""},{""id"":90780,""pun"":""Un baseballeur est un mari parfait : il ramène toujours la coupe à la maison."",""run"":""gemini""},{""id"":88389,""pun"":""Pourquoi les baseballeurs ne restent-ils jamais célibataires ? Parce qu'on finit toujours par trouver leur base."",""run"":""gemini""},{""id"":95079,""pun"":""Pourquoi les sportifs sont-ils de bons partis ? Parce qu'ils ont une bonne batte-rie de compliments."",""run"":""gemini""},{""id"":86032,""pun"":""Entre un lanceur et sa copine, c'est du sérieux : il lui a déjà passé la bague... au doigt."",""run"":""gemini""}]"
1094	"[{""id"":95997,""pun"":""Le club d'origami a dû fermer. Les dettes commençaient à se multiplier."",""run"":""gemini""},{""id"":94439,""pun"":""Le fabricant d'enveloppes a fait faillite. Il ne s'est jamais senti très timbré."",""run"":""gemini""},{""id"":37852,""pun"":""Le journal local a cessé de paraître. Ils n'avaient plus de papier, et donc plus aucun canard à fouetter."",""run"":""gemini""},{""id"":24087,""pun"":""J'ai ouvert une boutique d'origami mais elle n'a pas tenu longtemps : elle s'est pliée aux exigences du marché."",""run"":""gemini""},{""id"":23978,""pun"":""La papeterie a fermé ses portes hier. Le patron a dit que c'était une page qui se tourne."",""run"":""gemini""},{""id"":23124,""pun"":""L'entreprise de fabrication de papier a finalement déposé le bilan. Elle est au bout du rouleau."",""run"":""gemini""},{""id"":98660,""pun"":""L'entreprise de recyclage de papier a fait faillite. Ils ont fini par se ramasser."",""run"":""gemini""},{""id"":38416,""pun"":""Pourquoi la boutique d'origami a-t-elle coulé ? Parce qu'ils avaient trop de charges fixes et pas assez de papier avion pour décoller."",""run"":""gemini""},{""id"":37350,""pun"":""On m'a dit que l'école d'origami fermait. C'est dommage, ils avaient un emploi du temps très souple."",""run"":""gemini""},{""id"":61174,""pun"":""L'usine de papier toilette a fait banqueroute. C'est vraiment la fin d'un règne."",""run"":""gemini""},{""id"":65283,""pun"":""Vous connaissez le site web d'origami qui a fait faillite ? Il a mis la clé sous la porte... mais elle était en papier."",""run"":""gemini""},{""id"":75861,""pun"":""Mon magasin de papier crépon vient de fermer. C'est une affaire de santé : il n'avait plus de grain."",""run"":""gemini""}]"
1095	"[{""id"":80350,""pun"":""Le film sur la constipation est bloqué au montage."",""run"":""gemini""},{""id"":34076,""pun"":""L'éditeur a refusé mon manuscrit sur les pets : l'intrigue manquait de fond, mais pas d'air."",""run"":""gemini""},{""id"":88740,""pun"":""Le film sur le laxatif est une œuvre qui va droit au but."",""run"":""gemini""},{""id"":26130,""pun"":""On m'a proposé un rôle dans 'Hémorroïdes', mais j'ai dû décliner car c'était trop dur à porter."",""run"":""gemini""},{""id"":91698,""pun"":""Tu connais le film 'Constipation' ? Normal, il n'est pas encore sorti."",""run"":""gemini""},{""id"":13656,""pun"":""J'ai lu un livre sur les laxatifs, c'est chiant mais ça se lit d'une traite."",""run"":""gemini""},{""id"":69884,""pun"":""J'ai voulu écrire un livre sur les selles, mais c'était de la merde."",""run"":""gemini""},{""id"":44849,""pun"":""Mon livre sur la diarrhée est un vrai succès, il s'est vendu par vagues."",""run"":""gemini""},{""id"":74028,""pun"":""Le roman sur l'incontinence est enfin paru, mais il a coulé l'éditeur."",""run"":""gemini""},{""id"":85631,""pun"":""Pourquoi le film sur la colique n'est-il pas sorti ? Parce qu'il a été censuré pour fuites."",""run"":""gemini""},{""id"":50042,""pun"":""Ce thriller sur la constipation est haletant : on attend la fin avec impatience."",""run"":""gemini""},{""id"":74762,""pun"":""Connaissez-vous l'auteur du livre sur les flatulences ? Non, mais il a une sacrée descente de lit."",""run"":""gemini""}]"
1096	"[{""id"":73156,""pun"":""Un terroriste qui rate son coup, c'est quelqu'un qui manque de ressort."",""run"":""gemini""},{""id"":34136,""pun"":""Vous connaissez l'histoire du missile ? Personne ne l'a encore lancée."",""run"":""gemini""},{""id"":29807,""pun"":""Une bombe qui ne fonctionne pas, c'est un échec retentissant... ou pas."",""run"":""gemini""},{""id"":78959,""pun"":""Le spécialiste des explosifs a été licencié car il n'avait aucune mèche avec son patron."",""run"":""gemini""},{""id"":60131,""pun"":""C'est l'histoire d'un démineur qui n'avait aucun tact : il aimait tout faire sauter."",""run"":""gemini""},{""id"":82839,""pun"":""J'ai une blague sur les grenades, mais elle tombe toujours à plat."",""run"":""gemini""},{""id"":74338,""pun"":""On m'a parlé d'une bombe artisanale faite avec du café : ça a fait un malheur noir."",""run"":""gemini""},{""id"":58008,""pun"":""La blague sur le C4 n'est pas passée, l'ambiance était trop lourde."",""run"":""gemini""},{""id"":21634,""pun"":""Pourquoi la bombe était-elle triste ? Elle se sentait complètement délaissée."",""run"":""gemini""},{""id"":27999,""pun"":""L'inventeur de la mine antipersonnel a eu un succès fou, il a vraiment percé."",""run"":""gemini""},{""id"":90853,""pun"":""Ma blague sur la dynamite a fait un four. C'était un pétard mouillé."",""run"":""gemini""},{""id"":99453,""pun"":""C'est l'histoire d'un obus que j'ai raconté à un ami : il n'a pas explosé de rire."",""run"":""gemini""}]"
1097	"[{""id"":61696,""pun"":""Tu connais la blague de la grenade ? Elle est restée sur l'estomac."",""run"":""gemini""},{""id"":95915,""pun"":""L'attentat au gaz a échoué. Les autorités disent que c'était juste un coup de vent."",""run"":""gemini""},{""id"":59224,""pun"":""L'inventeur de la grenade est mort. Il a fait un tabac, mais pas de la fumée."",""run"":""gemini""},{""id"":42320,""pun"":""Quel est le comble pour un terroriste ? C'est de rater son coup de foudre."",""run"":""gemini""},{""id"":14617,""pun"":""Une mine qui refuse d'exploser manque cruellement de caractère."",""run"":""gemini""},{""id"":37071,""pun"":""L'histoire du pétard mouillé ? Elle n'est vraiment pas éblouissante."",""run"":""gemini""},{""id"":39349,""pun"":""Le démineur s'est fait plaquer. Sa copine trouvait qu'il manquait de tact."",""run"":""gemini""},{""id"":91902,""pun"":""Ma bombe n'a pas explosé, je suis tombé sur un os... ou plutôt sur un retardateur de croissance."",""run"":""gemini""},{""id"":77713,""pun"":""Un kamikaze qui rate sa cible, c'est un homme qui n'a pas beaucoup d'avenir, mais surtout pas de passé."",""run"":""gemini""},{""id"":70252,""pun"":""Un obus qui ne veut pas bosser, c'est un projectile qui fait de la résistance."",""run"":""gemini""},{""id"":47669,""pun"":""On a volé le matériel de l'artificier. Il a dû porter plainte contre X-plosif."",""run"":""gemini""},{""id"":32227,""pun"":""Pourquoi les bombes sont-elles toujours stressées ? Parce qu'elles ont une mèche rebelle."",""run"":""gemini""}]"
1098	"[{""id"":88477,""pun"":""Le sel et le beurre discutent. Le sel dit : 'Tu sors ce soir ?' Le beurre répond : 'Non, je reste au frais, je ne veux pas fondre en larmes.'"",""run"":""gemini""},{""id"":15447,""pun"":""Qu'est-ce qu'une miche de pain qui propage des rumeurs ? Une langue de pain."",""run"":""gemini""},{""id"":52102,""pun"":""Tu connais la rumeur sur le beurre ? Laisse tomber, j'ai pas envie d'en faire des tartines."",""run"":""gemini""},{""id"":93315,""pun"":""On m'a dit que le beurre était en dépression. Il paraît qu'il n'est plus dans son assiette."",""run"":""gemini""},{""id"":28444,""pun"":""Quel est le comble pour un morceau de beurre ? De filer un mauvais duvet."",""run"":""gemini""},{""id"":13350,""pun"":""Comment appelle-t-on une rumeur qui fume ? Une rumeur de tabagie."",""run"":""gemini""},{""id"":49638,""pun"":""J'ai une blague sur le petit déjeuner, mais j'ai peur qu'elle ne soit pas assez croustillante."",""run"":""gemini""},{""id"":15228,""pun"":""Le beurre est très bavard, il n'arrête pas de passer de la pommade aux gens."",""run"":""gemini""},{""id"":57101,""pun"":""Pourquoi le couteau est-il fatigué ? Parce qu'il a trop de pain sur la planche."",""run"":""gemini""},{""id"":78649,""pun"":""Vous connaissez l'histoire du beurre qui ne voulait pas sortir en boîte ? Il avait peur de se faire tartiner."",""run"":""gemini""},{""id"":53918,""pun"":""Pourquoi la rumeur est-elle comme une cigarette ? Parce que quand il n'y a pas de fumée, c'est qu'il n'y a pas de rumeur."",""run"":""gemini""},{""id"":56156,""pun"":""Un couteau qui raconte des ragots, c'est un couteau qui s'étale."",""run"":""gemini""}]"
1099	"[{""id"":55180,""pun"":""Tu connais l'histoire du beurre ? Laisse tomber, je ne veux pas en faire un plat."",""run"":""gemini""},{""id"":28527,""pun"":""Un secret de crèmerie, c'est comme du beurre : si on le laisse traîner, ça finit par sentir le roussi."",""run"":""gemini""},{""id"":20806,""pun"":""Tu sais pourquoi on ne raconte rien au beurre ? Parce qu'il a la tête dans le pâté."",""run"":""gemini""},{""id"":22466,""pun"":""J'ai une blague sur les tartines, mais j'hésite à te la passer... tu pourrais la beurrer."",""run"":""gemini""},{""id"":12556,""pun"":""Le fromage est une vraie pipelette, il passe son temps à en faire tout un reblochon."",""run"":""gemini""},{""id"":96611,""pun"":""Pourquoi le beurre ne peut-il pas garder de secret ? Parce qu'il finit toujours par se mettre à table."",""run"":""gemini""},{""id"":87597,""pun"":""On m'a dit qu'il y avait un complot dans le frigo, mais c'est surement une rumeur à la noix de beurre."",""run"":""gemini""},{""id"":25791,""pun"":""La rumeur sur le laitier est fausse : c’est juste un coup d'écrémé."",""run"":""gemini""},{""id"":70930,""pun"":""Le camembert est très bavard : dès qu'on l'ouvre, il ne sait plus se couler douce."",""run"":""gemini""},{""id"":95296,""pun"":""Tu as entendu la rumeur sur le fromage ? C’est une histoire bien Comté."",""run"":""gemini""},{""id"":62148,""pun"":""C'est l'histoire d'un boucher qui court après une rumeur : il veut absolument la colporter."",""run"":""gemini""},{""id"":51676,""pun"":""Tu as entendu le ragot sur le grill-pain ? Non, c'est trop chaud pour être diffusé."",""run"":""gemini""}]"
1100	"[{""id"":37162,""pun"":""Velen a inventé une danse pour les intellectuels : la Mac'Aré-théorie."",""run"":""gemini""},{""id"":59301,""pun"":""La nouvelle danse des Draeneï est très physique ; c'est une Mac'Arène de combat."",""run"":""gemini""},{""id"":88563,""pun"":""Pourquoi Velen est-il un bon danseur ? Parce qu'il a le pied Mac'Aréen."",""run"":""gemini""},{""id"":64655,""pun"":""Velen ne danse jamais seul, il le fait toujours de manière Mac'Aréelle."",""run"":""gemini""},{""id"":67160,""pun"":""Quelle est la danse la plus compacte sur Argus ? La Mac'Arée dense."",""run"":""gemini""},{""id"":71294,""pun"":""Sur Argus, quand on a faim de danse, on mange des Mac'Aréonis."",""run"":""gemini""},{""id"":26070,""pun"":""Pourquoi les survivants d'Argus sont-ils toujours en forme ? Parce qu'ils font de la Maca-Rhéna."",""run"":""gemini""},{""id"":10516,""pun"":""Comment appelle-t-on un prophète qui danse sur Argus ? Un Mac'Arhythmique."",""run"":""gemini""},{""id"":46398,""pun"":""Velen a ouvert une boîte de nuit sur la planète des Draeneï. Il l'a appelée le Macar'Eredar."",""run"":""gemini""},{""id"":63229,""pun"":""Quand Velen danse, l'ambiance est vraiment Mac'Arée-ment géniale !"",""run"":""gemini""},{""id"":67251,""pun"":""Velen a écrit un livre sur sa chorégraphie préférée : 'Le Mac'Aréel'."",""run"":""gemini""},{""id"":90372,""pun"":""Les Draeneï adorent la Macarena, mais seulement s'ils la dansent à Mac'Aree. C'est leur Mac'Arée-né."",""run"":""gemini""}]"
