id_en	shuffled_candidates_json
1701	"[{""id"":68676,""pun"":""Quand une vache a un problème de lactation, elle cherche une solution au pis-aller."",""run"":""gemini""},{""id"":86153,""pun"":""Pourquoi les vaches ferment-elles les yeux pendant la traite ? Pour faire du lait concentré."",""run"":""gemini""},{""id"":11033,""pun"":""Les vaches adorent la musique, surtout le pis-ano."",""run"":""gemini""},{""id"":89115,""pun"":""Une vache qui ne donne rien, c'est une erreur de parcours, ou plutôt de par-meuh."",""run"":""gemini""},{""id"":85512,""pun"":""Une vache qui ne donne pas de lait, c'est un vrai bas-pis blesse."",""run"":""gemini""},{""id"":91275,""pun"":""Une vache qui refuse la traite, c'est tout simplement un pis-rit de contradiction."",""run"":""gemini""},{""id"":81830,""pun"":""Elle ne donne pas de lait car elle a un caractère de cochon, c'est un vrai mal-pis."",""run"":""gemini""},{""id"":53285,""pun"":""Quel est le comble pour une vache ? De mener une vie de meuh-de."",""run"":""gemini""},{""id"":20029,""pun"":""Pourquoi la vache est-elle triste ? Parce qu'elle est dans un état de lait-thargie."",""run"":""gemini""},{""id"":54266,""pun"":""Si une vache ne donne pas de lait, c'est peut-être qu'elle est en mode 'pis-t-être'."",""run"":""gemini""},{""id"":35220,""pun"":""Comment appelle-t-on une vache qui n'arrive pas à produire ? Une vache à lait-s-aller."",""run"":""gemini""},{""id"":85189,""pun"":""Si elle ne donne pas de lait, c'est qu'elle n'en a pas l'en-vi-pis."",""run"":""gemini""}]"
1702	"[{""id"":57422,""pun"":""Il ne faut pas que ton chien perce l'écran, sinon tu vas faire une perte de données."",""run"":""gemini""},{""id"":73205,""pun"":""Le chien qui n'aimait pas le Wi-Fi refusait de donner la connexion : il préférait donner la patte."",""run"":""gemini""},{""id"":32021,""pun"":""Pourquoi le chien regarde-t-il l'écran ? Parce qu'il cherche la souris."",""run"":""gemini""},{""id"":68621,""pun"":""Le chien de l'informaticien est très sage : il ne fait jamais de bit de travers."",""run"":""gemini""},{""id"":93882,""pun"":""Ce chien est tellement doué en informatique qu'il a déjà percer le code wifi."",""run"":""gemini""},{""id"":36122,""pun"":""Quand un chien attrape un virus informatique, il a la puce à l'oreille."",""run"":""gemini""},{""id"":44206,""pun"":""Un bouledogue spécialiste en cybersécurité, c'est un pare-feu qui a du mordant."",""run"":""gemini""},{""id"":55418,""pun"":""Le chien du hacker ne mord pas, mais il a une sacrée mémoire de saillie."",""run"":""gemini""},{""id"":90650,""pun"":""Si un chien code en binaire, sa morsure fait-elle plus de mal que son octet ?"",""run"":""gemini""},{""id"":92585,""pun"":""Le chien a mangé le disque dur : maintenant, il a un gros stockage d'os."",""run"":""gemini""},{""id"":96652,""pun"":""Un chien qui répare des ordinateurs, c'est un Saint-Bernard-informatique ?"",""run"":""gemini""},{""id"":88589,""pun"":""Mon chien est un expert en cloud : il passe son temps à chasser les cumulus."",""run"":""gemini""}]"
1703	"[{""id"":59827,""pun"":""Si les membres d'une confrérie ouvrent un café, ils servent uniquement des capu-charte."",""run"":""gemini""},{""id"":21736,""pun"":""Le patron de la confrérie est un vrai café-atout."",""run"":""gemini""},{""id"":98988,""pun"":""Une fraternité de serveurs s'appelle une con-frérie de baristas."",""run"":""gemini""},{""id"":35689,""pun"":""Une fraternité qui vend du café, c'est une caf-éternité."",""run"":""gemini""},{""id"":48581,""pun"":""Ils ont engagé un paveur pour la terrasse du café car ils voulaient de la vapeur de qualité."",""run"":""gemini""},{""id"":24803,""pun"":""Un café bu au chapitre, c'est un expresso-stolat."",""run"":""gemini""},{""id"":42074,""pun"":""Le café préféré des étudiants en confrérie ? Le cappu-sien."",""run"":""gemini""},{""id"":76626,""pun"":""Leur café favori pour initier les nouveaux ? Le macchia-potes."",""run"":""gemini""},{""id"":10659,""pun"":""S'ils renversent leur boisson, ils perdent l'estime de leurs pairs : c'est un ex-pression."",""run"":""gemini""},{""id"":11707,""pun"":""Dans cette cafétéria étudiante, on ne boit que de la mouss-quetaire."",""run"":""gemini""},{""id"":98341,""pun"":""Comment appelle-t-on un café bu entre frères ? Un expresso-cial."",""run"":""gemini""},{""id"":74746,""pun"":""Pourquoi le café de la confrérie est-il amer ? Parce qu'il est plein de grains de folie."",""run"":""gemini""}]"
1704	"[{""id"":90277,""pun"":""Quand le cheval prévoit du brouillard, il n'y voit que du feu."",""run"":""gemini""},{""id"":80715,""pun"":""Comment appelle-t-on un cheval qui n'aime pas le changement ? Un étalon-or car il est très fixe."",""run"":""gemini""},{""id"":24008,""pun"":""Où est-ce qu'un cheval se sent le plus en sécurité ? Dans une écurie bien sécurisée."",""run"":""gemini""},{""id"":77959,""pun"":""Pourquoi le cheval ne se trompe jamais sur la météo ? Parce qu'il a le nez creux et le sabot sûr."",""run"":""gemini""},{""id"":25957,""pun"":""Qu'est-ce qu'un cheval qui prédit l'avenir ? Un canasson-voyant."",""run"":""gemini""},{""id"":41598,""pun"":""Un cheval qui prédit la tempête, c'est un vrai cauchemar."",""run"":""gemini""},{""id"":92762,""pun"":""Si un poney ne peut pas promettre un beau soleil, il dit qu'il est juste un peu bas-rhum-ètre."",""run"":""gemini""},{""id"":60514,""pun"":""Quel est le comble pour un cheval météo ? C'est de prévoir des averses et de finir trempé comme une soupe au lait."",""run"":""gemini""},{""id"":27973,""pun"":""Le cheval qui prévoit la pluie ne trompe personne, car il a toujours le mors à la bouche."",""run"":""gemini""},{""id"":35209,""pun"":""Pourquoi les chevaux font-ils de bons météorologues ? Parce qu'ils savent quand le temps va poney."",""run"":""gemini""},{""id"":14053,""pun"":""Un cheval qui fait de la météo est déçu quand il fait moche, car il préfère le beau temps au trot."",""run"":""gemini""},{""id"":68429,""pun"":""Quel est l'animal le plus prévisible ? Le cheval, car sa situation est toujours stable."",""run"":""gemini""}]"
1705	"[{""id"":19344,""pun"":""Quand le juge écrit trop mal, les accusés ont peur de ne pas pouvoir lire leur condamnation à la lettre."",""run"":""gemini""},{""id"":44303,""pun"":""Le criminel grammairien redoutait par-dessus tout les propositions subordonnées."",""run"":""gemini""},{""id"":55412,""pun"":""Si un avocat parle sans s'arrêter, la cour finit par perdre le procès-verbal."",""run"":""gemini""},{""id"":25700,""pun"":""Au tribunal, les bégayeurs ont souvent du mal à finir leur sentence."",""run"":""gemini""},{""id"":79178,""pun"":""L'avocat de la défense n'utilisait jamais de points, il préférait les sursis."",""run"":""gemini""},{""id"":27483,""pun"":""Un procureur qui n'a pas de sujet finit souvent sans aucun verdict."",""run"":""gemini""},{""id"":85639,""pun"":""Le juge a refusé la grâce car il trouvait que le texte manquait de ponctuation."",""run"":""gemini""},{""id"":14383,""pun"":""En correctionnelle, on n'utilise que des stylos à bille pour éviter les peines capitales."",""run"":""gemini""},{""id"":62585,""pun"":""Le braqueur de banque a été condamné car il n'avait pas l'article pour se défendre."",""run"":""gemini""},{""id"":19184,""pun"":""L'avocat qui ne s'arrête jamais finit toujours par purger sa peine de discours."",""run"":""gemini""},{""id"":74815,""pun"":""Un avocat bavard, c'est quelqu'un qui met beaucoup de temps à rendre son dernier mot."",""run"":""gemini""},{""id"":22945,""pun"":""Un avocat qui parle trop risque de voir sa plaidoirie se terminer par une peine perdue."",""run"":""gemini""}]"
1706	"[{""id"":77242,""pun"":""Est-ce qu'un peuple ignorant est forcément un peuple de masse ?"",""run"":""gemini""},{""id"":64317,""pun"":""Si les gens d'un village sont tous idiots, peut-on dire que c'est une population bouchée ?"",""run"":""gemini""},{""id"":44583,""pun"":""Pourquoi les idiots aiment-ils les forêts ? Parce qu'ils s'y sentent bien plantés."",""run"":""gemini""},{""id"":33633,""pun"":""Les habitants sont tellement bornés qu'ils servent de limites kilométriques."",""run"":""gemini""},{""id"":36979,""pun"":""Dans ce village de crétins, la circulation est fluide mais l'esprit est coincé."",""run"":""gemini""},{""id"":72328,""pun"":""Si tout le monde est bête dans le quartier, est-ce que c'est un lotissement de têtes de bois ?"",""run"":""gemini""},{""id"":36005,""pun"":""Dans les villes de génies, on réfléchit ; dans les villes d'idiots, on est réfléchissants."",""run"":""gemini""},{""id"":78683,""pun"":""Est-ce qu'une ville peuplée d'imbéciles est un milieu très concentré ?"",""run"":""gemini""},{""id"":74042,""pun"":""Si un idiot habite en haut d'une montagne, est-ce un sot sommet ?"",""run"":""gemini""},{""id"":74295,""pun"":""Un village de gens stupides, c'est comme une soupe épaisse : il y a beaucoup de grumeaux."",""run"":""gemini""},{""id"":36488,""pun"":""Il n'y a que des génies dans cette ville ? Non, c'est juste que les idiots y sont plus denses."",""run"":""gemini""},{""id"":30973,""pun"":""Les habitants de cette ville sont tellement lents qu'ils habitent tous dans le quartier des demeurés."",""run"":""gemini""}]"
1707	"[{""id"":24712,""pun"":""Si tes soucis s'évaporent, ne respire pas trop fort ou tu vas tous les récupérer."",""run"":""gemini""},{""id"":73260,""pun"":""Il était tellement livide après avoir perdu son argent qu'il est devenu totalement liquide."",""run"":""gemini""},{""id"":58919,""pun"":""Si tes problèmes fondent comme neige au soleil, attention au dégât des soucis."",""run"":""gemini""},{""id"":48245,""pun"":""Une amitié qui fond, c'est juste une relation qui a coulé."",""run"":""gemini""},{""id"":57715,""pun"":""Les glaçons sont les seuls êtres au monde qui se liquident eux-mêmes sans problème d'argent."",""run"":""gemini""},{""id"":69618,""pun"":""Quand la situation chauffe trop, mon patron devient un vrai râleur thermique."",""run"":""gemini""},{""id"":55806,""pun"":""Pourquoi les problèmes n'aiment-ils pas l'été ? Parce qu'on les met de côté pour qu'ils fondent."",""run"":""gemini""},{""id"":30035,""pun"":""Si tes ennuis fondent au soleil, fais gaffe à ne pas finir noyé dans l'euphorie."",""run"":""gemini""},{""id"":61966,""pun"":""Quand mon découvert fond, ma banque fait une crise d'eau chaude."",""run"":""gemini""},{""id"":28758,""pun"":""L'avantage quand une dette est liquide, c'est qu'elle finit par s'évaporer."",""run"":""gemini""},{""id"":61070,""pun"":""Le mec est tellement zen que quand il a des problèmes, il les laisse décanter jusqu'à ce qu'ils soient transparents."",""run"":""gemini""},{""id"":28970,""pun"":""On m'a dit que mes ennuis allaient se dissoudre, mais j'ai peur de finir en solution finale."",""run"":""gemini""}]"
1708	"[{""id"":93171,""pun"":""Une star du hurlant qui ne trouve plus de rôle, c'est une sacrée cri-se."",""run"":""gemini""},{""id"":28226,""pun"":""Elle a un salaire de peur : chaque mois, c'est l'effroi total sur son compte."",""run"":""gemini""},{""id"":15822,""pun"":""Pour subsister, elle doit pousser le bouchon un peu trop cri."",""run"":""gemini""},{""id"":70823,""pun"":""L'actrice qui crie pour de l'argent fait-elle du cri-dits à ses fans?"",""run"":""gemini""},{""id"":11311,""pun"":""Elle avait tellement peur de ne pas être payée qu'elle a fait une grosse fraiseur."",""run"":""gemini""},{""id"":29146,""pun"":""Si une actrice de film d'horreur perd sa voix, est-ce un cri-se de vocation?"",""run"":""gemini""},{""id"":41053,""pun"":""Quand elle hurle pour payer son loyer, on peut dire qu'elle a le sens du cri-fice."",""run"":""gemini""},{""id"":72959,""pun"":""Le banquier de l'actrice de slasher est souvent mort de cri-nte."",""run"":""gemini""},{""id"":78887,""pun"":""Une actrice qui passe son temps à hurler a-t-elle des fins de mois cri-tiques?"",""run"":""gemini""},{""id"":80520,""pun"":""Une actrice spécialisée dans les hurlements gagne-t-elle sa vie à la sueur de son cri?"",""run"":""gemini""},{""id"":59103,""pun"":""Si elle ne hurle pas assez fort, elle risque de finir au cri-ble."",""run"":""gemini""},{""id"":74201,""pun"":""Travailler dans les films d'épouvante, c'est un métier qui a du cri-ant."",""run"":""gemini""}]"
1709	"[{""id"":19789,""pun"":""L'écureuil qui a perdu sa queue va au marché car il veut s'en payer une tranche."",""run"":""gemini""},{""id"":35875,""pun"":""Si un serpent perd sa queue, il finit toujours par faire la queue à la caisse."",""run"":""gemini""},{""id"":93535,""pun"":""Le chien qui cherche une nouvelle queue demande au vendeur : 'Avez-vous ce modèle en stock-os ?'"",""run"":""gemini""},{""id"":49267,""pun"":""Le renard qui a perdu son panache fait maintenant ses courses en toute discrétion."",""run"":""gemini""},{""id"":72876,""pun"":""Un rongeur qui perd son appendice va forcément faire de la vente au dé-taille."",""run"":""gemini""},{""id"":25579,""pun"":""Un lézard qui a perdu sa queue cherche un job dans le commerce car il est déjà bien amputé."",""run"":""gemini""},{""id"":11993,""pun"":""Le crocodile qui a perdu sa queue a acheté un modèle de luxe, c'est du haut de gamme."",""run"":""gemini""},{""id"":87856,""pun"":""Un castor sans queue, c'est un client qui a perdu son fond de commerce."",""run"":""gemini""},{""id"":10558,""pun"":""Pour remplacer sa queue, le chien a dû faire un chèque car il n'avait plus de liquide... de moelle."",""run"":""gemini""},{""id"":42885,""pun"":""Comment appelle-t-on un chat qui s'achète une nouvelle queue ? Un re-tailleur."",""run"":""gemini""},{""id"":66754,""pun"":""Un animal qui perd sa queue doit aller au magasin 'Queue de Pie'."",""run"":""gemini""},{""id"":48813,""pun"":""Quel est le magasin préféré des chiens sans queue ? Le boutiqu-os."",""run"":""gemini""}]"
1710	"[{""id"":55878,""pun"":""Un enfant qui creuse pour du charbon est-il doublement mineur ?"",""run"":""gemini""},{""id"":14269,""pun"":""Un adolescent qui cherche de l'anthracite, c'est un mineur en herbe ou un mineur en charbon ?"",""run"":""gemini""},{""id"":75428,""pun"":""Quand un enfant creuse trop près d'une station d'épuration, on dit : 'Attention, nous puons le puits !'"",""run"":""gemini""},{""id"":93867,""pun"":""Pourquoi les enfants ne travaillent plus au fond des puits ? Parce qu'ils sont trop mineurs pour le métier."",""run"":""gemini""},{""id"":32438,""pun"":""Est-ce qu'un enfant qui manipule de l'explosif en sous-sol est un mineur de rien ?"",""run"":""gemini""},{""id"":16027,""pun"":""Si les bébés travaillaient dans les mines, est-ce qu'on appellerait cela des mineurs ?"",""run"":""gemini""},{""id"":24020,""pun"":""Un gamin qui descend dans un trou, c'est l'essence même d'un mineur de fond."",""run"":""gemini""},{""id"":20012,""pun"":""Les enfants travaillant dans l'excavation ont toujours bonne mine."",""run"":""gemini""},{""id"":58621,""pun"":""Si un gosse fait sauter la mine, fait-il une crise d'adolescence explosive ?"",""run"":""gemini""},{""id"":36219,""pun"":""Quel est le comble pour un enfant travaillant dans un puits ? Être jugé par un tribunal pour mineurs."",""run"":""gemini""},{""id"":46823,""pun"":""Si on envoie des nourrissons dans les galeries, c'est pour extraire du charbon de bois de rose ?"",""run"":""gemini""},{""id"":97067,""pun"":""L'enfant qui cherche des diamants en classe est un mineur de graphite."",""run"":""gemini""}]"
1711	"[{""id"":91672,""pun"":""Quand un enfant trouve un filon, on dit qu'il a l'âge de raison ou l'âge d'extraction ?"",""run"":""gemini""},{""id"":48131,""pun"":""Les enfants qui extraient de l'anthracite sont-ils des mineurs de rien ?"",""run"":""gemini""},{""id"":19976,""pun"":""Si les petits creusent pour du charbon, est-ce qu'on les paye en tickets-restos ou en tickets de mine ?"",""run"":""gemini""},{""id"":62530,""pun"":""Si on fait creuser des galeries aux adolescents, est-ce qu'ils font une crise de mine ?"",""run"":""gemini""},{""id"":36966,""pun"":""Le gamin qui cherche du charbon ne manque pas d'air, mais il manque cruellement de lumière."",""run"":""gemini""},{""id"":25214,""pun"":""Est-ce qu'un bébé qui s'étouffe avec du charbon fait une mine déconfite ?"",""run"":""gemini""},{""id"":29624,""pun"":""Un bébé qui explore le sous-sol, c'est un cas de creusement de tête ?"",""run"":""gemini""},{""id"":53915,""pun"":""Si des enfants travaillent dans une mine de charbon, est-ce qu'ils deviennent des mineurs de fond ou juste des mineurs de forme ?"",""run"":""gemini""},{""id"":47607,""pun"":""Pourquoi les enfants ne travaillent-ils pas dans les carrières ? Parce qu'ils n'ont pas encore de carrière."",""run"":""gemini""},{""id"":81106,""pun"":""Un enfant qui creuse pour trouver du combustible, c'est un gamin qui a du pot (dépôt) de charbon."",""run"":""gemini""},{""id"":97237,""pun"":""Si un jeune creuse toute la journée, finit-il par avoir une petite mine ?"",""run"":""gemini""},{""id"":10637,""pun"":""Un écolier qui va à la mine, c'est un enfant qui n'a pas bonne mine."",""run"":""gemini""}]"
1712	"[{""id"":79880,""pun"":""Si les vers de terre font grève, c'est tout l'écosystème qui perd son terre-plain."",""run"":""gemini""},{""id"":27161,""pun"":""Une marmotte qui tombe dans un puits, c'est un profond malaise."",""run"":""gemini""},{""id"":74157,""pun"":""Quand un explorateur tombe dans une crevasse, il a un vide juridique."",""run"":""gemini""},{""id"":80998,""pun"":""Il ne faut pas juger un terrier à sa couverture."",""run"":""gemini""},{""id"":48962,""pun"":""Si on rebouche tous les terriers, ce sera un trou-matisme collectif."",""run"":""gemini""},{""id"":93486,""pun"":""Un rongeur qui creuse sans arrêt finit par être au bout du tunnel."",""run"":""gemini""},{""id"":69584,""pun"":""Un ver de terre qui fait de la méditation cherche son trou intérieur."",""run"":""gemini""},{""id"":90988,""pun"":""Pour les lapins, la vie en terrier c'est le grand vide."",""run"":""gemini""},{""id"":21071,""pun"":""Quand un tunnel est triste, il fait une dépression."",""run"":""gemini""},{""id"":35702,""pun"":""Les taupes n'aiment pas la télé, elles préfèrent le sou-terrain."",""run"":""gemini""},{""id"":92108,""pun"":""Si les castors disparaissent, c'est tout un pan de l'histoire qui s'écroule."",""run"":""gemini""},{""id"":23153,""pun"":""Les géologues sont des gens formidables, ils ont le cœur sur la main et les pieds sur terre."",""run"":""gemini""}]"
1713	"[{""id"":31774,""pun"":""S'il pouvait arrêter de fourrer son nez partout, il monterait sur le podium du silence."",""run"":""gemini""},{""id"":86417,""pun"":""C'est un as de l'ingérence, il a déjà raflé toutes les médailles de 'mêle-tout'."",""run"":""gemini""},{""id"":72649,""pun"":""Il adore interférer dans les conversations, c'est sa propre discipline : le saut d'humeur."",""run"":""gemini""},{""id"":81167,""pun"":""Il n'intervient pas, il 'championne' les affaires des autres."",""run"":""gemini""},{""id"":97789,""pun"":""Il mérite une médaille en or pour son culot : il est monté sur le haut du 'potin'."",""run"":""gemini""},{""id"":10837,""pun"":""C'est un expert en intrusions : il a toujours une longueur d'avance, c'est un vrai champion de l'immiscer-cible."",""run"":""gemini""},{""id"":72095,""pun"":""S'il y avait une compétition pour s'occuper de ce qui ne le regarde pas, il aurait la médaille d'omission."",""run"":""gemini""},{""id"":93249,""pun"":""On devrait lui donner un trophée pour son indiscrétion : le Grand Prix d'Harcèlement."",""run"":""gemini""},{""id"":87425,""pun"":""Il ne loupe aucune occasion de donner son avis, c'est un vrai champion de 'l'inter-fête'."",""run"":""gemini""},{""id"":32862,""pun"":""Il est tellement fort pour s'incruster qu'il a le record du monde du 100 mètres-fessier."",""run"":""gemini""},{""id"":37200,""pun"":""Sa spécialité olympique ? L'altérophilie des secrets des autres."",""run"":""gemini""},{""id"":18839,""pun"":""Il gagne toujours le ruban bleu de ceux qui se mêlent de tout : le ruban de l'embrouille."",""run"":""gemini""}]"
1714	"[{""id"":12322,""pun"":""Regardez, c'est Monsieur Carré ! S'il a tort, c'est qu'il a mal tourné."",""run"":""gemini""},{""id"":37632,""pun"":""Tiens, Monsieur Picard ! Il a toujours raison, même quand il est à l'ouest."",""run"":""gemini""},{""id"":13016,""pun"":""Salut Monsieur Précis ! Dommage que ton erreur soit si peu concise."",""run"":""gemini""},{""id"":63091,""pun"":""Ah, c'est Monsieur Parfait ! Il paraît que même quand il se trompe, il fait ça parfaitement."",""run"":""gemini""},{""id"":50309,""pun"":""Voici Monsieur Juste. Il ne se trompe jamais, il ajuste seulement la vérité."",""run"":""gemini""},{""id"":34396,""pun"":""Si c'est pas Monsieur Frappé ! Il a toujours raison, ça me frappe à chaque fois."",""run"":""gemini""},{""id"":69774,""pun"":""Voilà Monsieur Net ! C'est clair qu'avec lui, la vérité n'est jamais floue."",""run"":""gemini""},{""id"":47794,""pun"":""Encore Monsieur Légal ! C'est criminel d'avoir toujours raison à ce point."",""run"":""gemini""},{""id"":51139,""pun"":""Tiens, voilà Monsieur Dubon ! C'est toujours Dubon de savoir qu'on a raison, n'est-ce pas ?"",""run"":""gemini""},{""id"":70241,""pun"":""C'est Monsieur Vrai... mais pour une fois, il a tort, c'est faux ?"",""run"":""gemini""},{""id"":51523,""pun"":""C'est Monsieur Ledroit ! Il pense avoir tous les droits, même celui d'avoir raison."",""run"":""gemini""},{""id"":89395,""pun"":""Bonjour Monsieur Bienvu ! Avec lui, même l'erreur est une perspective mal vue."",""run"":""gemini""}]"
1715	"[{""id"":59289,""pun"":""Celui qui possède une blague a un titre de propriété, mais celui qui la raconte a un titre de transport."",""run"":""gemini""},{""id"":76453,""pun"":""Posséder un terrain d'entente, c'est le rêve de tout humoriste en copropriété."",""run"":""gemini""},{""id"":52758,""pun"":""On m'a proposé d'acheter un champ de jeux de mots, mais j'ai refusé car le terrain n'était pas assez drôle pour être exploité."",""run"":""gemini""},{""id"":82105,""pun"":""Un roi du calembour ne perd jamais son trône, il change juste de domaine."",""run"":""gemini""},{""id"":81577,""pun"":""Un terrain de blagues sans propriétaire, c'est un gag abandonné au titre de rien."",""run"":""gemini""},{""id"":14124,""pun"":""Si l'humour était immobilier, il n'y aurait plus aucun jeu de mots sans abri."",""run"":""gemini""},{""id"":32202,""pun"":""Acheter une blague d'occasion, c'est risquer d'avoir un terrain vague."",""run"":""gemini""},{""id"":51838,""pun"":""Si tu vends ton humour, fais attention à ne pas perdre tes droits de rira-ge."",""run"":""gemini""},{""id"":64857,""pun"":""Le notaire des humoristes est le seul à valider des actes de rire."",""run"":""gemini""},{""id"":73079,""pun"":""Les blagues de terroir sont les seules qui ne demandent pas de permis de construire."",""run"":""gemini""},{""id"":68314,""pun"":""Si les blagues étaient des terrains, les mauvais calembours finiraient tous en friche parce que personne n'en veut faire l'acte."",""run"":""gemini""},{""id"":45412,""pun"":""Quand un calembour est trop vieux, on dit qu'il tombe en ruine ou qu'il est tombé de haut."",""run"":""gemini""}]"
1716	"[{""id"":17127,""pun"":""Si l'argent liquide parle, est-ce qu'on peut dire qu'il a une voix de source ?"",""run"":""gemini""},{""id"":86776,""pun"":""Quel est le titre de noblesse préféré des banquiers ? Le Comte d'épargne."",""run"":""gemini""},{""id"":46260,""pun"":""On m'a dit que l'argent parle, mais dès que j'ouvre mon portefeuille, il me dit 'Adieu'."",""run"":""gemini""},{""id"":28911,""pun"":""Pourquoi les banquiers n'aiment-ils pas la forêt ? Parce qu'ils ont peur de tomber sur un loup dans leurs comptes."",""run"":""gemini""},{""id"":42836,""pun"":""Si l'argent a une voix, est-ce que les banques sont des maisons de comptes de fées ?"",""run"":""gemini""},{""id"":17133,""pun"":""Un banquier qui chante faux, c'est quelqu'un qui n'a pas le sens de la mesure, mais qui a celui des intérêts."",""run"":""gemini""},{""id"":37282,""pun"":""Un banquier qui devient écrivain, c'est normal : il a toujours aimé régler ses contes."",""run"":""gemini""},{""id"":11884,""pun"":""Si l'argent parle, pourquoi les distributeurs automatiques font-ils toujours la sourde oreille ?"",""run"":""gemini""},{""id"":54458,""pun"":""Si l'argent parle tout seul, pourquoi les banquiers racontent-ils toujours des salades pour qu'on ouvre un compte ?"",""run"":""gemini""},{""id"":83150,""pun"":""Pourquoi l'argent ne parle-t-il jamais aux pauvres ? Parce qu'il n'a pas leur adresse."",""run"":""gemini""},{""id"":76875,""pun"":""Les banquiers sont d'excellents narrateurs car ils ont beaucoup de comptes à rendre."",""run"":""gemini""},{""id"":18087,""pun"":""L'argent ne fait pas le bonheur, mais le banquier lui, il fait bien le compte."",""run"":""gemini""}]"
1717	"[{""id"":91126,""pun"":""Un comptable qui tombe en automne, c'est ce qu'on appelle une chute de résultats."",""run"":""gemini""},{""id"":10795,""pun"":""Mon jardinier est très fier : il a une descente de feuilles que j'envie."",""run"":""gemini""},{""id"":27415,""pun"":""L'orgueil tombe toujours, mais le jardinier, lui, ramasse la mise."",""run"":""gemini""},{""id"":69040,""pun"":""En automne, l'arbre se sépare de ses feuilles parce qu'il n'en a plus l'usage courant."",""run"":""gemini""},{""id"":67297,""pun"":""La chute des feuilles est la seule faillite qui arrive avec régularité."",""run"":""gemini""},{""id"":75111,""pun"":""En automne, les feuilles tombent parce qu'elles n'ont pas assez de racines pour rester à la page."",""run"":""gemini""},{""id"":73222,""pun"":""Si l'orgueil précède la chute, est-ce que l'humilité attend que l'automne arrive pour ramasser les pots cassés?"",""run"":""gemini""},{""id"":55290,""pun"":""Pourquoi les feuilles d'automne sont-elles stressées ? Parce qu'elles sont au bout de leur branche."",""run"":""gemini""},{""id"":53186,""pun"":""L'automne est là : les arbres se déshabillent parce qu'ils ne peuvent plus se voir en peinture."",""run"":""gemini""},{""id"":71469,""pun"":""Si tu tombes de haut en novembre, c'est une chute de saison."",""run"":""gemini""},{""id"":76734,""pun"":""Le hêtre est fier, mais le paraître finit toujours par tomber."",""run"":""gemini""},{""id"":55459,""pun"":""Pourquoi les arbres perdent-ils leurs feuilles ? Pour ne pas être pris pour des glands."",""run"":""gemini""}]"
1718	"[{""id"":51591,""pun"":""Le coq est en deuil, il porte la sauce noire."",""run"":""gemini""},{""id"":56102,""pun"":""C'est grave ce qui arrive aux poules, c'est carrément de la sauce-tique."",""run"":""gemini""},{""id"":24248,""pun"":""L'indignation des poulets est à son paroxysme : ils l'ont vraiment en travers du gésier."",""run"":""gemini""},{""id"":86626,""pun"":""Devant la rôtissoire, le coq s'est exclamé : Quel gâchis, c'est la fin des haricots !"",""run"":""gemini""},{""id"":31174,""pun"":""Si les coqs voyaient leurs conditions de vie, ils se retourneraient dans leur jus."",""run"":""gemini""},{""id"":16807,""pun"":""Vu le traitement des poules, le coq a décidé de porter l'affaire devant le pilon-nal."",""run"":""gemini""},{""id"":48802,""pun"":""Les poulets ne sont pas d'accord avec l'élevage industriel, ils trouvent ça très sauce-grave."",""run"":""gemini""},{""id"":95739,""pun"":""Les coqs trouvent l'élevage inhumain, ils disent que c'est une affaire de vie ou de mort-aise."",""run"":""gemini""},{""id"":52962,""pun"":""Un coq qui meurt pour ses idées finit toujours par se faire enterrer au sauce-tière."",""run"":""gemini""},{""id"":55775,""pun"":""Le sort des poules est si triste qu'on en perd nos oeufs-phemismes."",""run"":""gemini""},{""id"":81302,""pun"":""Le sort des poules est une tragédie, c'est tout simplement sauce-y-pathique."",""run"":""gemini""},{""id"":32205,""pun"":""La situation des poules est dramatique, c'est vraiment de la sauce-urologie."",""run"":""gemini""}]"
1719	"[{""id"":79052,""pun"":""Comment appelle-t-on la génitrice de l'océan ? La Bonne Mère."",""run"":""gemini""},{""id"":91060,""pun"":""Pourquoi l'océan a-t-il été élu ? Parce que c'est le seul bon maire des environs."",""run"":""gemini""},{""id"":89360,""pun"":""Si l'océan t'insulte, c'est sûrement un gros sel."",""run"":""gemini""},{""id"":76143,""pun"":""Quel est le poisson le plus grincheux de l'océan ? Le thon monte vite avec lui."",""run"":""gemini""},{""id"":89615,""pun"":""L'océan n'est jamais content, il passe son temps à faire des vagues."",""run"":""gemini""},{""id"":36699,""pun"":""Pourquoi l'océan ne prête-t-il jamais d'argent ? Parce qu'il est déjà à marée basse."",""run"":""gemini""},{""id"":80195,""pun"":""On ne peut pas discuter avec l'océan, il est toujours dans le déni."",""run"":""gemini""},{""id"":96229,""pun"":""Est-ce que l'océan a un caractère difficile ? Oui, c’est quelqu'un de très salé."",""run"":""gemini""},{""id"":74975,""pun"":""Pourquoi l'océan n'a-t-il aucun ami ? Parce qu'il est trop amer."",""run"":""gemini""},{""id"":92356,""pun"":""Pourquoi le capitaine a-t-il giflé la mer ? Parce qu'elle lui a fait une petite moue."",""run"":""gemini""},{""id"":84709,""pun"":""L'océan est très susceptible : au moindre mot, il prend la mouche... de mer."",""run"":""gemini""},{""id"":16515,""pun"":""L'océan est un très mauvais politicien : il ne pense qu'à sa propre marée."",""run"":""gemini""}]"
1720	"[{""id"":92429,""pun"":""L'hypocrite est plus proche de Dieu que vous : après tout, il a l'habitude de lever les yeux au ciel sans arrêt."",""run"":""gemini""},{""id"":52268,""pun"":""Si un hypocrite se met entre vous et l'église, c'est lui qui est le plus près du Seigneur... ça prouve qu'il a pris de l'avance pour sa confession."",""run"":""gemini""},{""id"":12186,""pun"":""Un hypocrite est comme un clocher : il est très haut placé, mais il sonne creux."",""run"":""gemini""},{""id"":44352,""pun"":""Pourquoi l'hypocrite est-il intime avec Dieu ? Parce qu'il lui raconte des histoires que même le diable ne croirait pas."",""run"":""gemini""},{""id"":54077,""pun"":""L'hypocrite à l'église ? Il est très dévot : il dévoue tout son temps à faire croire qu'il l'est."",""run"":""gemini""},{""id"":19946,""pun"":""Il ne faut pas en vouloir à l'hypocrite qui vous cache la vue de l'église : il cherche juste à être au premier rang pour le jugement dernier."",""run"":""gemini""},{""id"":74419,""pun"":""Si un menteur est devant l'autel, il est plus proche de Dieu car pour lui l'enfer c'est les autres, et le paradis c'est un décor."",""run"":""gemini""},{""id"":15311,""pun"":""L'hypocrite est si proche du Seigneur qu'il finit par se prendre pour le Saint-Esprit : on sent qu'il est là, mais on ne voit jamais ses actes."",""run"":""gemini""},{""id"":72740,""pun"":""L'hypocrite est-il plus spirituel ? Oui, il a un don pour transformer l'eau bénite en vin de messe... de façon purement imaginaire."",""run"":""gemini""},{""id"":57743,""pun"":""Celui qui prie avec hypocrisie est très proche de Dieu : il est déjà dans la phase 'pardon' sans avoir commencé."",""run"":""gemini""},{""id"":56525,""pun"":""L'hypocrite est plus près de Dieu car il pratique la religion à distance : celle qui sépare son cœur de ses paroles."",""run"":""gemini""},{""id"":12288,""pun"":""Un hypocrite devant une chapelle, c'est comme un billet de train : il est composté avant même d'entrer."",""run"":""gemini""}]"
1721	"[{""id"":11457,""pun"":""Le juge n'a pas pu terminer son verdict car il a fait une faute de condamnation."",""run"":""gemini""},{""id"":11397,""pun"":""Les bourreaux sont des gens très ponctuels car ils tiennent à ce que tout soit exécuté en temps voulu."",""run"":""gemini""},{""id"":79224,""pun"":""Il ne faut jamais couper la parole à un juge, sinon on risque de finir sa propre peine."",""run"":""gemini""},{""id"":88138,""pun"":""Le dictionnaire a été condamné par le tribunal car il contenait trop de mots suspects."",""run"":""gemini""},{""id"":50469,""pun"":""Un avocat qui perd la voix risque de perdre son procès, c’est ce qu’on appelle un vice de forme."",""run"":""gemini""},{""id"":27802,""pun"":""Un criminel qui travaille dans l'imprimerie finit souvent par faire de la prison de caractère."",""run"":""gemini""},{""id"":31111,""pun"":""Un condamné à mort qui demande un dictionnaire avant l'exécution cherche sans doute le sens de sa vie."",""run"":""gemini""},{""id"":46062,""pun"":""Il ne faut pas interrompre un juge en plein milieu d'une proposition, c'est indécent."",""run"":""gemini""},{""id"":62903,""pun"":""Si un juge vous demande d'accorder un participe, refusez, c'est de la corruption."",""run"":""gemini""},{""id"":98738,""pun"":""Au tribunal, les bégayeurs sont mal vus car ils doublent toujours leur peine."",""run"":""gemini""},{""id"":93456,""pun"":""Pourquoi les juges n'aiment-ils pas les grammairiens ? Parce qu'ils ont peur de prendre dix ans de réflexion."",""run"":""gemini""},{""id"":33413,""pun"":""Le juge était fatigué de rendre des jugements, il a fini par rendre son tablier."",""run"":""gemini""}]"
1722	"[{""id"":43425,""pun"":""Au concours de la plus belle jambe de bois, personne ne voulait lâcher le morceau."",""run"":""gemini""},{""id"":54475,""pun"":""On a demandé aux mannequins d'être plus expressifs, mais ils ont fait la sourde oreille... et tout le reste aussi."",""run"":""gemini""},{""id"":89662,""pun"":""Dans une vitrine, les mannequins ne se disputent jamais : ils sont toujours sur la même longueur d'onde... ou de pose."",""run"":""gemini""},{""id"":16759,""pun"":""Le concours de mannequins en plastique a été annulé : les organisateurs voulaient des candidats plus souples."",""run"":""gemini""},{""id"":39241,""pun"":""Être mannequin de vitrine, c'est un métier dur, on finit souvent sur les rotules... enfin, si on en a."",""run"":""gemini""},{""id"":29835,""pun"":""Le mannequin qui a perdu la compétition s'est senti complètement mis au placard."",""run"":""gemini""},{""id"":54845,""pun"":""Les mannequins qui ne travaillent pas finissent par être désarticulés de la société."",""run"":""gemini""},{""id"":55296,""pun"":""Un mannequin sans bras a gagné le prix de la beauté : il a gagné haut la main, même s'il ne les a pas."",""run"":""gemini""},{""id"":33540,""pun"":""Si un mannequin gagne un défilé, il ne pourra jamais prendre la grosse tête, elle est scellée au cou."",""run"":""gemini""},{""id"":24480,""pun"":""Les mannequins de bois font d'excellents amants : ils ont toujours la fibre."",""run"":""gemini""},{""id"":57071,""pun"":""Pour le concours de la plus belle statue de cire, l'ambiance était vraiment glaciale."",""run"":""gemini""},{""id"":20082,""pun"":""Au championnat du monde des mannequins, la concurrence était de taille, mais tout le monde est resté de marbre."",""run"":""gemini""}]"
1723	"[{""id"":39581,""pun"":""Si tu vois un manteau de luxe dans le désert, c'est sans doute une vision d'horreur ou un vison d'optique."",""run"":""gemini""},{""id"":82601,""pun"":""Le désert est l'endroit idéal pour les politiciens : on y trouve beaucoup de mirages électoraux."",""run"":""gemini""},{""id"":38928,""pun"":""Les gens qui portent des lunettes de soleil la nuit ont une vision très 'sombre' de la réalité."",""run"":""gemini""},{""id"":69487,""pun"":""On m'a dit que mes lunettes me donnaient un air intellectuel, mais c'était juste une mention d'optique."",""run"":""gemini""},{""id"":20099,""pun"":""J'ai une vision très nette de mon futur : c'est un flou artistique."",""run"":""gemini""},{""id"":48050,""pun"":""Un mirage sur l'autoroute, c'est pratique pour augmenter le millage de sa voiture sans rouler."",""run"":""gemini""},{""id"":76883,""pun"":""Ma vue baisse tellement que je ne vois plus des mirages, mais des 'pires-ages'."",""run"":""gemini""},{""id"":29807,""pun"":""Ceux qui étudient les lasers ont souvent une vision très pointue de la question."",""run"":""gemini""},{""id"":45430,""pun"":""Quand un magicien porte des lunettes, il ne fait plus d'illusions, il fait des allusions d'optique."",""run"":""gemini""},{""id"":44719,""pun"":""Un aveugle qui retrouve la vue, c'est une citation directe du miracle."",""run"":""gemini""},{""id"":53630,""pun"":""Un dromadaire qui croit voir une oasis alors qu'il n'y a rien fait une erreur de déshydra-tasme."",""run"":""gemini""},{""id"":91942,""pun"":""Les opticiens sont très cultivés : ils font souvent des allusions à la vue."",""run"":""gemini""}]"
1724	"[{""id"":46250,""pun"":""Les serviettes détestent les blagues de comptoir : elles trouvent ça trop essuie-glace."",""run"":""gemini""},{""id"":89069,""pun"":""La serviette de plage est très prétentieuse : elle passe son temps à s'étaler."",""run"":""gemini""},{""id"":69271,""pun"":""Une serviette qui sort une vanne acide, c'est du décapage à sec."",""run"":""gemini""},{""id"":52444,""pun"":""Pourquoi la serviette a-t-elle été embauchée à la radio ? Parce qu'elle avait un débit très fluide."",""run"":""gemini""},{""id"":77173,""pun"":""Les essuie-mains sont très fiers : ils pensent avoir la science infuse alors qu'ils ne font qu'absorber."",""run"":""gemini""},{""id"":21338,""pun"":""Le gant de toilette a dit à la serviette : 'T'as pas bientôt fini de te tordre de rire ?'"",""run"":""gemini""},{""id"":95518,""pun"":""C'est l'histoire d'une serviette qui fait de l'ironie : elle est toujours au courant, mais jamais mouillée."",""run"":""gemini""},{""id"":63829,""pun"":""Un drap dit à une serviette : 'Arrête ton cinéma, on voit bien que tu joues double jeu.'"",""run"":""gemini""},{""id"":14377,""pun"":""Quel est le comble pour une serviette ? C'est de tomber sur un os alors qu'elle est censée essuyer les côtes."",""run"":""gemini""},{""id"":17045,""pun"":""Pourquoi les serviettes ne rient jamais ? Parce qu'elles préfèrent rester froissées."",""run"":""gemini""},{""id"":12219,""pun"":""Une serviette qui raconte des blagues, c'est un humour de bain."",""run"":""gemini""},{""id"":56961,""pun"":""Les serviettes ont un humour très sec : dès qu'elles font une blague, tout le monde est épongé."",""run"":""gemini""}]"
1725	"[{""id"":70859,""pun"":""Un braqueur qui fait une dictée a souvent du mal avec les tirets."",""run"":""gemini""},{""id"":19563,""pun"":""L'écrivain qui parlait de revolvers utilisait toujours des points de suspension, pour le suspense."",""run"":""gemini""},{""id"":68198,""pun"":""Pour présenter son nouveau fusil, le vendeur a soigné ses puces, mais il a raté sa cible."",""run"":""gemini""},{""id"":16596,""pun"":""L'espion écrivait son rapport avec une cartouche d'encre de 9mm."",""run"":""gemini""},{""id"":13386,""pun"":""Le sniper préfère Word car il peut ajuster les marges de recul."",""run"":""gemini""},{""id"":68203,""pun"":""Le typographe a été arrêté car il utilisait des caractères de gros calibre."",""run"":""gemini""},{""id"":55492,""pun"":""Faire la mise en page d'un livre de guerre, c'est tout un arsenal de fonctions."",""run"":""gemini""},{""id"":20827,""pun"":""Il ne faut pas jouer avec les mots d'armes : on risque de faire une faute de frappe."",""run"":""gemini""},{""id"":71468,""pun"":""Pour un rapport sur les armes à feu, il est crucial d'utiliser les bonnes puces."",""run"":""gemini""},{""id"":36932,""pun"":""Pourquoi les soldats aiment-ils l'informatique ? Parce qu'ils adorent charger les fichiers."",""run"":""gemini""},{""id"":43986,""pun"":""Un texan qui fait du traitement de texte n'utilise que des polices de caractère d'assaut."",""run"":""gemini""},{""id"":79034,""pun"":""Dans l'armée, on n'utilise pas de tableur car ils ont peur des cellules de crise."",""run"":""gemini""}]"
1726	"[{""id"":48243,""pun"":""Pour un rapport sur les armes à feu, n'oubliez pas d'utiliser des puces pour vos cartouches."",""run"":""gemini""},{""id"":43999,""pun"":""Un dictionnaire qui se fait tirer dessus, c'est un ouvrage qui a perdu ses mots d'esprit de corps."",""run"":""gemini""},{""id"":42010,""pun"":""En informatique, un fusil qui bugue, c'est une arme qui fait des gaffes de frappe."",""run"":""gemini""},{""id"":57859,""pun"":""Le typographe a été arrêté car il s'occupait de trafics de caractères."",""run"":""gemini""},{""id"":80211,""pun"":""Les tireurs d'élite font de bons secrétaires : ils excellent dans l'art de poser des points d'impact."",""run"":""gemini""},{""id"":51243,""pun"":""Les soldats préfèrent word car ils aiment bien quand le texte est justifié."",""run"":""gemini""},{""id"":45216,""pun"":""Quand un pistolet n'a plus d'encre, il tire à blanc."",""run"":""gemini""},{""id"":13675,""pun"":""Pourquoi l'imprimante est-elle dangereuse ? Parce qu'elle a toujours des cartouches de rechange."",""run"":""gemini""},{""id"":72257,""pun"":""Pour tuer le temps au bureau, rien de tel qu'une rafale de mails."",""run"":""gemini""},{""id"":21183,""pun"":""On m'a dit que l'armée de l'air utilisait des polices de caractères pour ses missions de reconnaissance."",""run"":""gemini""},{""id"":81264,""pun"":""Un sniper qui écrit ses mémoires doit faire attention à ne pas sauter de ligne de mire."",""run"":""gemini""},{""id"":44409,""pun"":""Un général qui corrige un texte est un homme de lettres de cachet."",""run"":""gemini""}]"
1727	"[{""id"":17690,""pun"":""Si on est vraiment ce qu'on mange, je ne mange plus de thon, je tiens à mon intelligence."",""run"":""gemini""},{""id"":76909,""pun"":""Si l'on est ce que l'on mange, je ne touche plus aux dattes, je n'ai pas envie de vieillir trop vite."",""run"":""gemini""},{""id"":89936,""pun"":""On est ce que l'on mange ? C'est pour ça que les fous adorent les noix, ils sont déjà fêlés."",""run"":""gemini""},{""id"":92712,""pun"":""Si l'on est ce que l'on mange, évite la brioche, ou tu vas finir par prendre de la bouteille."",""run"":""gemini""},{""id"":47209,""pun"":""Si on est ce qu'on mange, les cannibales sont les seuls gens vraiment humains."",""run"":""gemini""},{""id"":49266,""pun"":""On est ce que l'on mange, donc si tu manges un éclair, tu devrais être brillant."",""run"":""gemini""},{""id"":38157,""pun"":""Si on est ce que l'on mange, pourquoi les végétariens ne sont-ils pas tous des plantes ?"",""run"":""gemini""},{""id"":18083,""pun"":""On devient ce qu'on mange : j'ai arrêté les pois cassés pour ne pas finir au chômage."",""run"":""gemini""},{""id"":80634,""pun"":""Si on devient ce que l'on mange, évite les avocats, sinon tu vas finir par coûter très cher de l'heure."",""run"":""gemini""},{""id"":72095,""pun"":""On dit qu'on est ce qu'on mange, alors je mange beaucoup de génies, mais pour l'instant je ne digère que les lampes."",""run"":""gemini""},{""id"":55037,""pun"":""On dit qu'on est ce que l'on mange, alors j'évite les glands : j'ai peur de finir au bureau."",""run"":""gemini""},{""id"":15937,""pun"":""Si l'on est ce que l'on mange, j'arrête les nouilles : j'en ai marre qu'on me mouline."",""run"":""gemini""}]"
1728	"[{""id"":99265,""pun"":""Dans un congrès sur le sommeil, il y avait tellement d'excentriques qu'on a fini par faire une réunion de lits hors-normes."",""run"":""gemini""},{""id"":98599,""pun"":""Dans un congrès de mathématiciens, on rencontre des gens très marginaux car ils vivent tous en dehors du cercle."",""run"":""gemini""},{""id"":23631,""pun"":""C'est fou le nombre de gens marginaux qu'on croise dans les salons de coiffure : ils sont tous très décalés."",""run"":""gemini""},{""id"":31137,""pun"":""À la réunion des horlogers, on trouve des gens très anticonformistes car ils n'ont pas la notion du temps."",""run"":""gemini""},{""id"":66588,""pun"":""C'est fou ce qu'il y a comme gens décalés dans les salons de l'automobile : ils ont tous un pneu de travers."",""run"":""gemini""},{""id"":85252,""pun"":""Au rassemblement des électriciens, j'ai rencontré un type vraiment atypique : il était totalement débranché."",""run"":""gemini""},{""id"":51511,""pun"":""Dans une conférence de presse, les journalistes les plus originaux sont souvent ceux qui n'ont pas de papier."",""run"":""gemini""},{""id"":36539,""pun"":""Au salon de l'agriculture, les bêtes les plus atypiques sont celles qui ne sont pas dans le moule."",""run"":""gemini""},{""id"":67600,""pun"":""Aux réunions de boulangers, les gens les plus anticonformistes ne marchent jamais à la baguette."",""run"":""gemini""},{""id"":99738,""pun"":""Dans les congrès de pharmaciens, les marginaux sont rares car ils refusent tous de suivre la cure."",""run"":""gemini""},{""id"":57654,""pun"":""Dans les conventions de plongeurs, les gens marginaux sont ceux qui n'ont pas le pied marin."",""run"":""gemini""},{""id"":93464,""pun"":""C'est incroyable le nombre de gens uniques qu'on voit aux conférences sur le clonage : ils ne ressemblent à rien."",""run"":""gemini""}]"
1729	"[{""id"":88332,""pun"":""On m'a servi un steak si dur que j'ai dû sortir les dents de la mer."",""run"":""gemini""},{""id"":28691,""pun"":""Le steak a refusé de se battre parce qu'il n'était pas assez courageux ; il était vraiment trop tendre."",""run"":""gemini""},{""id"":85386,""pun"":""J'ai demandé mon steak 'bleu' au restaurant, mais le serveur n'a pas arrêté de me raconter ses problèmes. Il était vraiment déprimant."",""run"":""gemini""},{""id"":89971,""pun"":""Si la viande est trop cuite, c'est une erreur de taille... ou plutôt de grill."",""run"":""gemini""},{""id"":75124,""pun"":""Ceux qui disent que les steaks sont toujours trop cuits font des critiques bien saignantes."",""run"":""gemini""},{""id"":66656,""pun"":""J'ai voulu faire une blague sur le steak, mais elle était un peu crue."",""run"":""gemini""},{""id"":32239,""pun"":""Pourquoi les steaks ne sont-ils jamais stressés ? Parce qu'ils restent toujours de marbre."",""run"":""gemini""},{""id"":24259,""pun"":""Les steaks sont nuls en mathématiques car ils finissent toujours en quartiers."",""run"":""gemini""},{""id"":11964,""pun"":""Un boucher qui tombe amoureux, c'est quelqu'un qui a un cœur d'aloyau."",""run"":""gemini""},{""id"":32644,""pun"":""Un boucher qui n'aime pas son travail, c'est quelqu'un qui a vraiment un moral de bifteck : il est à bout au plat."",""run"":""gemini""},{""id"":25280,""pun"":""Si tu penses qu'on rate toujours la cuisson des steaks, c'est que tu les aimes rarement."",""run"":""gemini""},{""id"":77013,""pun"":""Un steak haché qui part en vacances, c'est un steak qui prend la fuite."",""run"":""gemini""}]"
1730	"[{""id"":21493,""pun"":""Si tu perds ton médiator, ne t'inquiète pas, ce n'est pas un plectre de temps."",""run"":""gemini""},{""id"":12914,""pun"":""Un guitariste qui panique, c'est quelqu'un qui a perdu le la."",""run"":""gemini""},{""id"":85737,""pun"":""Jouer de la guitare sans fretter, c'est s'inquiéter pour rien."",""run"":""gemini""},{""id"":55337,""pun"":""Un luthier n'est jamais inquiet, il a toujours une corde à son arc."",""run"":""gemini""},{""id"":33358,""pun"":""Quand un guitariste est triste, il se met à broyer du blues."",""run"":""gemini""},{""id"":52951,""pun"":""Ne sois pas inquiet si tu rates un accord, c'est juste un contre-temps."",""run"":""gemini""},{""id"":62253,""pun"":""Le guitariste est stressé car il a peur de perdre la corde sensible."",""run"":""gemini""},{""id"":73551,""pun"":""Si tu casses ton manche, ne sois pas fâché, reste cool, ne prends pas la mouche."",""run"":""gemini""},{""id"":50126,""pun"":""Le guitariste qui ne trouve pas ses notes est dans un état de désaccord total."",""run"":""gemini""},{""id"":15118,""pun"":""Ma guitare est très anxieuse : elle est toujours sur les nerfs."",""run"":""gemini""},{""id"":78126,""pun"":""J'ai cassé une corde de mi, c'est une catastrophe, mi-sérable!"",""run"":""gemini""},{""id"":37873,""pun"":""Pourquoi la guitare est-elle en thérapie ? Parce qu'elle a trop de sillets de vie."",""run"":""gemini""}]"
1731	"[{""id"":37847,""pun"":""Quand il a vu la montagne, il a expiré de joie : c'était un sommet de satisfaction."",""run"":""gemini""},{""id"":27107,""pun"":""Le randonneur qui ne sait pas lire les courbes de niveau finit toujours par perdre la face."",""run"":""gemini""},{""id"":68511,""pun"":""« J'en ai marre de cette carte ! » s'écria-t-il avec un relief de soupir."",""run"":""gemini""},{""id"":43412,""pun"":""Le géographe était tellement stressé qu'il a pris de la hauteur : il a fini par trouver son mont de Vénus."",""run"":""gemini""},{""id"":46065,""pun"":""Pour dessiner une falaise, il faut avoir le pied marin ou l'esprit de pic."",""run"":""gemini""},{""id"":30762,""pun"":""Le cartographe est fatigué, il a trop de coordonnées à sa botte."",""run"":""gemini""},{""id"":91260,""pun"":""L'alpiniste a rendu l'âme à 4000 mètres : c'était sa dernière ascension de l'esprit."",""run"":""gemini""},{""id"":66337,""pun"":""Il étudiait la carte avec tant de souffle qu'il a fini par créer un courant d'aire géographique."",""run"":""gemini""},{""id"":83733,""pun"":""On m'a dit que l'étude des fossés était creusante."",""run"":""gemini""},{""id"":43377,""pun"":""Pourquoi les cartographes ne sont-ils jamais essoufflés ? Parce qu'ils ont toujours une bonne échelle."",""run"":""gemini""},{""id"":91311,""pun"":""Quand un sommet est trop bas, c'est une déception de taille."",""run"":""gemini""},{""id"":54623,""pun"":""Un cartographe qui soupire, c'est quelqu'un qui a besoin d'air de répartition."",""run"":""gemini""}]"
1732	"[{""id"":13546,""pun"":""« Je déteste les escaliers », dit-il d'un ton fuyant."",""run"":""gemini""},{""id"":20771,""pun"":""« Je ne supporte plus les côtes », dit-il en changeant de plateau."",""run"":""gemini""},{""id"":42594,""pun"":""L'aveugle qui a retrouvé la vue a eu un flash."",""run"":""gemini""},{""id"":35931,""pun"":""Les canards sont toujours en retard car ils sont souvent aux abois."",""run"":""gemini""},{""id"":72646,""pun"":""Le bourreau a toujours un tranchant d'avance."",""run"":""gemini""},{""id"":47416,""pun"":""« Ce fromage est trop vieux pour moi », dit-il en toute bonne foi."",""run"":""gemini""},{""id"":67405,""pun"":""« J'ai enfin fini de dessiner ces montagnes », dit-il dans un soupir de relief."",""run"":""gemini""},{""id"":41043,""pun"":""Le poisson qui ne veut pas travailler est un hareng saur."",""run"":""gemini""},{""id"":21830,""pun"":""« J'ai arrêté la menuiserie », dit-il avec un air de scie."",""run"":""gemini""},{""id"":93731,""pun"":""« Ma collection d'aimants est fantastique », dit-il d'un air attirant."",""run"":""gemini""},{""id"":78420,""pun"":""« J'adore le curling », dit-il en balayant l'argument."",""run"":""gemini""},{""id"":15710,""pun"":""Le boulanger qui a fait faillite s'est retrouvé dans le pétrin."",""run"":""gemini""}]"
1733	"[{""id"":39568,""pun"":""Celui qui brûle la chandelle par les deux bouts finit par perdre le fil."",""run"":""gemini""},{""id"":71655,""pun"":""Brûler la chandelle par les deux bouts, c'est une idée qui manque de mèche."",""run"":""gemini""},{""id"":67561,""pun"":""Si tu as une idée lumineuse en brûlant ta chandelle, ne sois pas trop ébloui par ton génie."",""run"":""gemini""},{""id"":30111,""pun"":""On dit qu'il brûle la chandelle par les deux bouts, mais il n'a jamais eu d'étincelle."",""run"":""gemini""},{""id"":36234,""pun"":""Si tu brûles les deux bouts en jouant avec le feu, tu n'es pas très joint."",""run"":""gemini""},{""id"":40805,""pun"":""Il brûlait la chandelle par les deux bouts, mais il n'était pas très chaud pour travailler."",""run"":""gemini""},{""id"":56523,""pun"":""Brûler la chandelle par les deux bouts, c'est pas très brillant."",""run"":""gemini""},{""id"":69624,""pun"":""Est-ce qu'on peut dire qu'un électricien qui brûle la chandelle par les deux bouts manque de courant?"",""run"":""gemini""},{""id"":18495,""pun"":""Il brûle la chandelle par les deux bouts car il veut toujours être au courant de tout."",""run"":""gemini""},{""id"":71947,""pun"":""Celui qui brûle sa chandelle par les deux bouts n'a pas toute sa lumière à tous les étages."",""run"":""gemini""},{""id"":26439,""pun"":""Brûler la chandelle par les deux bouts, c'est le meilleur moyen de se mettre à plat."",""run"":""gemini""},{""id"":46129,""pun"":""À force de brûler la chandelle par les deux bouts, on finit par s'éteindre prématurément."",""run"":""gemini""}]"
1734	"[{""id"":70664,""pun"":""Vous n'avez pas de pensées, vous n'avez que des pansements."",""run"":""gemini""},{""id"":96611,""pun"":""Tatouage : l'art de joindre l'utile à l'insensé."",""run"":""gemini""},{""id"":68968,""pun"":""Votre imagination est notre seule limite d'encre."",""run"":""gemini""},{""id"":94136,""pun"":""L'idée dans la peau, le tattoo dans le cerveau."",""run"":""gemini""},{""id"":77834,""pun"":""Si c'est dans ta tête, c'est bientôt sur ta crête."",""run"":""gemini""},{""id"":70039,""pun"":""On grave vos pensées avant qu'elles ne s'effacent."",""run"":""gemini""},{""id"":36630,""pun"":""On tatoue tout ce qui vous passe par la peau de l'esprit."",""run"":""gemini""},{""id"":44299,""pun"":""Un projet bien mûri, un tattoo bien nourri."",""run"":""gemini""},{""id"":29898,""pun"":""L'esprit s'envole, l'encre reste."",""run"":""gemini""},{""id"":48250,""pun"":""Votre dessin, c'est notre dessein."",""run"":""gemini""},{""id"":88880,""pun"":""Donnez corps à vos idées, littéralement."",""run"":""gemini""},{""id"":91970,""pun"":""Une idée derrière la tête ? Mettez-la sur le bras."",""run"":""gemini""}]"
1735	"[{""id"":18132,""pun"":""J'ai voulu acheter une boulangerie, mais l'agent m'a dit que c'était pas de mon ressort, car je n'avais pas assez de blé."",""run"":""gemini""},{""id"":91690,""pun"":""Pourquoi les agents immobiliers font-ils toujours du sport ? Pour garder la forme... de vente."",""run"":""gemini""},{""id"":91965,""pun"":""L'agent immobilier m'a dit : 'Cette maison est calme, vous allez l'adorer'. J'ai répondu : 'C'est sûr, elle n'a pas un poil de toit.'"",""run"":""gemini""},{""id"":97539,""pun"":""Il ne faut jamais acheter une maison à un escargot, car il n'en démord pas : il l'a toujours sur le dos."",""run"":""gemini""},{""id"":13118,""pun"":""Un agent immobilier qui tombe amoureux se sent tout de suite 'épris' par la surface."",""run"":""gemini""},{""id"":60099,""pun"":""Un courtier qui ne trouve pas de clients, c’est un 'prêt' à tout pour rien."",""run"":""gemini""},{""id"":41055,""pun"":""Ma maison est si petite que quand j'y entre, je suis déjà sorti. C'est l'immobilier en transit."",""run"":""gemini""},{""id"":25239,""pun"":""Un courtier qui gère mal son dossier finit par perdre la 'cote' part."",""run"":""gemini""},{""id"":91913,""pun"":""Si vous vendez votre logement à un jardinier, faites attention : il risque de planter la vente."",""run"":""gemini""},{""id"":48501,""pun"":""On m'a proposé un appartement au-dessus d'un magasin de pianos. J'ai dit non, je ne veux pas de bémol."",""run"":""gemini""},{""id"":69692,""pun"":""Vendre sa maison à un photographe ? C'est facile, il y a toujours un bon développement."",""run"":""gemini""},{""id"":30354,""pun"":""Si tu n'arrives pas à vendre ta villa, c'est peut-être qu'elle manque de 're-vit-alité'."",""run"":""gemini""}]"
1736	"[{""id"":40566,""pun"":""Quand la reine prépare son infusion, c'est un véritable bras-sage."",""run"":""gemini""},{""id"":62155,""pun"":""Quelle est la boisson la plus noble ? La chari-thé."",""run"":""gemini""},{""id"":59587,""pun"":""Pour couronner le mélange des saveurs, elle procède au traçage de la route des Indes."",""run"":""gemini""},{""id"":81756,""pun"":""Une reine qui n'aime pas l'infusion ? C'est une abomina-thé."",""run"":""gemini""},{""id"":31862,""pun"":""Le trône est en fait un siège très confor-thé-able."",""run"":""gemini""},{""id"":32652,""pun"":""Pourquoi la reine déteste-t-elle le café ? Parce qu'elle préfère la loyau-thé."",""run"":""gemini""},{""id"":86202,""pun"":""La reine a fini sa tasse, c'était une habili-thé remarquable."",""run"":""gemini""},{""id"":10857,""pun"":""On ne plaisante pas avec l'infusion de la reine, c'est une priori-thé."",""run"":""gemini""},{""id"":51663,""pun"":""Comment appelle-t-on le service à thé d'un monarque ? Sa Majes-thé."",""run"":""gemini""},{""id"":31749,""pun"":""On a demandé à la reine ce qu'elle voulait boire, elle a répondu : « Du thé, car c'est mon-thé-e sur le trône. »"",""run"":""gemini""},{""id"":25699,""pun"":""La reine ne boit jamais son thé seule, elle a toujours besoin de sa commu-nau-thé."",""run"":""gemini""},{""id"":58011,""pun"":""Le thé préféré des souverains ? Le Main-thé-nancier du royaume."",""run"":""gemini""}]"
1737	"[{""id"":64361,""pun"":""Les vendeurs de pièces auto ne perdent jamais le nord car ils ont toujours leurs roulements de tambour."",""run"":""gemini""},{""id"":18479,""pun"":""Un fabricant de moteurs devenu réalisateur est un excellent metteur en scène."",""run"":""gemini""},{""id"":50222,""pun"":""Un livreur de boîtes de vitesses doit savoir passer la seconde."",""run"":""gemini""},{""id"":73965,""pun"":""Un expert en vilebrequin est un homme qui a beaucoup de tour dans son sac."",""run"":""gemini""},{""id"":76629,""pun"":""Le mécanicien a perdu sa boussole, il n'a plus aucun sens de l'orientation, c'est un vrai moteur de recherche."",""run"":""gemini""},{""id"":48354,""pun"":""Il ne faut pas faire confiance aux carrossiers, ils racontent souvent des histoires de tôles."",""run"":""gemini""},{""id"":11733,""pun"":""Pour livrer des batteries, il faut être au courant de l'itinéraire."",""run"":""gemini""},{""id"":19689,""pun"":""Le monteur de pneus a été viré car il tournait toujours autour du pneu."",""run"":""gemini""},{""id"":52260,""pun"":""Si tu livres des pièces de suspension, assure-tu d'avoir assez de ressort."",""run"":""gemini""},{""id"":41814,""pun"":""Les mécaniciens qui livrent des GPS ne perdent jamais la face, ils trouvent toujours leur chemin."",""run"":""gemini""},{""id"":36784,""pun"":""On m'a volé ma roue de secours, je suis dans de beaux draps... ou plutôt dans une belle galère."",""run"":""gemini""},{""id"":38811,""pun"":""Travailler dans les pneus, c'est fatigant car on finit toujours par déraper."",""run"":""gemini""}]"
1738	"[{""id"":70278,""pun"":""Un plongeur qui n'aime pas l'eau profonde est quelqu'un de superficiel."",""run"":""gemini""},{""id"":56671,""pun"":""À force de vouloir toucher le fond, on finit par se faire une raison et quelques bosses."",""run"":""gemini""},{""id"":11941,""pun"":""Pourquoi les plongeurs sautent-ils toujours en arrière du bateau ? Parce que s'ils sautent en avant, ils tombent encore dans le bateau."",""run"":""gemini""},{""id"":23164,""pun"":""Le plongeur qui a raté son saut a fait un plat : c'était le menu du jour."",""run"":""gemini""},{""id"":62319,""pun"":""Si tu sautes dans 20 cm d'eau, c'est un saut de puces, pas un saut de l'ange."",""run"":""gemini""},{""id"":63451,""pun"":""Plonger dans une piscine vide, c'est une décision qui manque de réflexion."",""run"":""gemini""},{""id"":73134,""pun"":""Les plongeurs qui évitent les eaux profondes manquent vraiment de fond de dossier."",""run"":""gemini""},{""id"":27580,""pun"":""On m'a proposé de plonger dans le Grand Bleu, mais j'ai eu un bleu rien qu'à l'idée du choc."",""run"":""gemini""},{""id"":24172,""pun"":""On m'a dit de ne pas plonger dans cette mare, ce n'est pas profond. J'en ai tout de suite tiré une conclusion : j'ai touché le fond."",""run"":""gemini""},{""id"":99164,""pun"":""Celui qui plonge dans le néant ne risque pas de se noyer, mais d'aboutir à rien."",""run"":""gemini""},{""id"":90264,""pun"":""Sauter sans regarder, c'est s'exposer à une fin de non-recevoir par le carrelage."",""run"":""gemini""},{""id"":97057,""pun"":""Un plongeur qui n'a aucune profondeur d'esprit finit toujours par se heurter à la réalité du sol."",""run"":""gemini""}]"
1739	"[{""id"":74079,""pun"":""Les chercheurs en optique ont souvent des idées brillantes."",""run"":""gemini""},{""id"":83061,""pun"":""Pourquoi l'opticien est-il toujours calme ? Parce qu'il garde son sang-foyer."",""run"":""gemini""},{""id"":23712,""pun"":""Pour un opticien, lire un dictionnaire, c'est une lecture de vue."",""run"":""gemini""},{""id"":98950,""pun"":""En optique, si tu n'as pas de génie, il faut au moins avoir de l'éclat."",""run"":""gemini""},{""id"":46723,""pun"":""J'ai lu un livre sur les photons, c'était vraiment très léger."",""run"":""gemini""},{""id"":14484,""pun"":""Un opticien qui rate son examen, c'est quelqu'un qui a perdu la face."",""run"":""gemini""},{""id"":26778,""pun"":""L'expert en verres correcteurs a été licencié car il n'avait aucune perspective."",""run"":""gemini""},{""id"":79524,""pun"":""Quand la lumière s'en va, les physiciens sont au courant, mais ils restent dans le flou."",""run"":""gemini""},{""id"":27271,""pun"":""Étudier les lasers, c'est bien, mais ça manque de réflexion."",""run"":""gemini""},{""id"":57956,""pun"":""Les opticiens n'ont jamais de problèmes graves, ils ne voient que des choses claires."",""run"":""gemini""},{""id"":38612,""pun"":""Le spécialiste des arcs-en-ciel a fini en prison : il en a fait voir de toutes les couleurs."",""run"":""gemini""},{""id"":63268,""pun"":""Travailler dans l'optique, c'est un métier d'avenir : on y voit toujours plus loin."",""run"":""gemini""}]"
1740	"[{""id"":94333,""pun"":""Pourquoi les guitaristes ne sont jamais malades ? Parce qu'ils savent toujours comment se pincer."",""run"":""gemini""},{""id"":34721,""pun"":""Pour choisir une mélodie, le guitariste ne réfléchit pas : il se laisse pincer par l'inspiration."",""run"":""gemini""},{""id"":87933,""pun"":""Quel est le comble pour un guitariste qui n'arrive pas à choisir ? C'est de perdre le fil de ses cordes."",""run"":""gemini""},{""id"":40835,""pun"":""Un guitariste qui n'arrive pas à se décider, c'est quelqu'un qui a le médiator entre deux chaises."",""run"":""gemini""},{""id"":57966,""pun"":""Si tu ne sais pas quelle guitare acheter, demande à un accordeur : il a toujours de bons tuyaux pour que ça sonne juste."",""run"":""gemini""},{""id"":50412,""pun"":""Un guitariste qui choisit sa tenue cherche toujours l'accord parfait."",""run"":""gemini""},{""id"":13084,""pun"":""Les guitaristes adorent les banques car ils savent comment gérer leur plectre-monnaie."",""run"":""gemini""},{""id"":10601,""pun"":""Si tu veux une critique sur ta playlist, demande à un guitariste : il sait mettre le doigt là où ça fait pincer."",""run"":""gemini""},{""id"":47375,""pun"":""Pour choisir ses cordes, un guitariste ne prend jamais de gants : il préfère avoir le peps de la sélection."",""run"":""gemini""},{""id"":69658,""pun"":""Quand un guitariste hésite entre deux marques, il finit toujours par gratter un peu de temps."",""run"":""gemini""},{""id"":95991,""pun"":""J'ai demandé à un guitariste de choisir le menu, il a pris des cordes au bleu."",""run"":""gemini""},{""id"":41682,""pun"":""Pourquoi les guitaristes sont-ils de bons juges ? Parce qu'ils ont toujours le dernier médiateur."",""run"":""gemini""}]"
1741	"[{""id"":25100,""pun"":""Si un exorciste fait grève, c'est pour une revalorisation des âmes."",""run"":""gemini""},{""id"":82725,""pun"":""Si vous ne payez pas votre exorciste, vous risquez une saisie d'esprit."",""run"":""gemini""},{""id"":88909,""pun"":""L'exorciste a saisi mon appartement, il prétend qu'il y avait un vice de forme spectrale."",""run"":""gemini""},{""id"":27383,""pun"":""Pour chasser un démon fiscaliste, il faut faire un exorcisme de comptes."",""run"":""gemini""},{""id"":23093,""pun"":""L'exorciste m'a expulsé parce que mon loyer était en démon."",""run"":""gemini""},{""id"":14309,""pun"":""Un démon endetté finit toujours par rendre l'âme au fisc."",""run"":""gemini""},{""id"":44626,""pun"":""Un fantôme qui ne rembourse pas son prêt finit par se faire déposséder de son corps de logis."",""run"":""gemini""},{""id"":50706,""pun"":""J'ai une dette envers un esprit, maintenant il me hante pour un recouvrement."",""run"":""gemini""},{""id"":99959,""pun"":""Le fantôme a été expulsé, il ne payait plus son terme de vie."",""run"":""gemini""},{""id"":29427,""pun"":""Mon banquier est un vampire, il adore quand mon compte est exsangue."",""run"":""gemini""},{""id"":33380,""pun"":""Quand on ne paie pas son désenvoûteur, on finit par être possédé par ses dettes."",""run"":""gemini""},{""id"":28263,""pun"":""Le diable a fait faillite, il est tombé en démon-tation de biens."",""run"":""gemini""}]"
1742	"[{""id"":12647,""pun"":""Manger ce vieux potage est une véritable horreur pour l'odeur."",""run"":""gemini""},{""id"":27339,""pun"":""Un ragoût de deux semaines, c'est un plat qui a du vécu, mais qui n'a plus d'avenir."",""run"":""gemini""},{""id"":50828,""pun"":""Ma soupe est tellement vieille qu'elle ne mijote plus, elle complote."",""run"":""gemini""},{""id"":82467,""pun"":""Celui qui cuisine du bouillon périmé n'est pas un grand chef, c'est juste un sale odeur."",""run"":""gemini""},{""id"":59616,""pun"":""On ne dit pas une soupe de neuf jours, on dit un bouillon de culture !"",""run"":""gemini""},{""id"":72548,""pun"":""Si tu bois cette vieille soupe, tu ne vas pas l'expirer, tu vas l'expirer."",""run"":""gemini""},{""id"":15052,""pun"":""Pourquoi la vieille soupe est-elle comme un fantôme ? Parce qu'elle a mauvaise haleine (haleine / à l'aine)."",""run"":""gemini""},{""id"":23017,""pun"":""On m'a servi une soupe de neuf jours : j'en suis resté livide, car elle était bien trop liquide."",""run"":""gemini""},{""id"":49359,""pun"":""Le potage de la semaine dernière ? C'est le fond du problème."",""run"":""gemini""},{""id"":42664,""pun"":""Une soupe périmée, c'est un bouillon qui n'a plus toute sa tête."",""run"":""gemini""},{""id"":62444,""pun"":""Le client : 'Ce bouillon est rassis !' Le serveur : 'C'est normal, c'est une soupe à l'oignon qui a fait l'histoire.'"",""run"":""gemini""},{""id"":38865,""pun"":""J'ai mangé un bouillon de dix jours : mon haleine est devenue une arme de soufre."",""run"":""gemini""}]"
1743	"[{""id"":93821,""pun"":""Un avion qui s'écrase sur un hôpital, c'est grave ? Non, c'est juste un atterrissage en soins intensifs."",""run"":""gemini""},{""id"":20439,""pun"":""Quand un avion est en soins palliatifs, il reste au hall de la mort."",""run"":""gemini""},{""id"":74022,""pun"":""Le commandant de bord est au bout du rouleau, il a besoin d'une cure de piste."",""run"":""gemini""},{""id"":90414,""pun"":""On m'a diagnostiqué un cancer à l'aéroport : le médecin dit que c'est un cas terminal."",""run"":""gemini""},{""id"":36783,""pun"":""Un contrôleur aérien qui meurt fait un dernier transfert de corps de garde."",""run"":""gemini""},{""id"":39694,""pun"":""Si tu tombes malade en zone de fret, c'est un mal de hangar."",""run"":""gemini""},{""id"":20534,""pun"":""Un avion qui transporte des cercueils est toujours un vol mortel."",""run"":""gemini""},{""id"":32346,""pun"":""Je connais un steward qui est devenu croquemort. Il s'occupe toujours des passagers qui ne partent plus."",""run"":""gemini""},{""id"":37070,""pun"":""À l'aéroport, j'ai vu un homme mourir de rire devant le tableau d'affichage. C'était un vol à mourir."",""run"":""gemini""},{""id"":47370,""pun"":""Les pilotes ne meurent jamais, ils font juste un dernier vol plané vers l'au-delà : c'est leur porte de sortie."",""run"":""gemini""},{""id"":79232,""pun"":""Pourquoi les fantômes ne prennent-ils jamais l'avion ? Parce qu'ils ont peur de l'embarquement immédiat."",""run"":""gemini""},{""id"":71923,""pun"":""L'avion pour l'enfer a été annulé : il n'y avait plus de place en classe décès."",""run"":""gemini""}]"
1744	"[{""id"":16574,""pun"":""On m'a proposé un job dans une usine de stylos, j'ai dit que j'allais y réfléchir car j'ai peur de la mine."",""run"":""gemini""},{""id"":99799,""pun"":""Le DRH de la papeterie m'a trouvé très blanc, j'ai peur qu'il me mette de côté."",""run"":""gemini""},{""id"":37982,""pun"":""J'ai postulé dans une fabrique de timbres, mais le patron ne m'a pas encore tamponné."",""run"":""gemini""},{""id"":79908,""pun"":""J'ai raté mon entretien chez le relieur de livres, on n'était pas sur la même page."",""run"":""gemini""},{""id"":37440,""pun"":""Le recruteur de l'usine de caoutchouc m'a dit : Il faut être souple sur les horaires."",""run"":""gemini""},{""id"":68927,""pun"":""Entretien d'embauche chez Michelin : il ne faut pas arriver à plat."",""run"":""gemini""},{""id"":14692,""pun"":""L'entretien chez le fabricant de tampons s'est bien passé, j'ai tout de suite été marqué."",""run"":""gemini""},{""id"":99077,""pun"":""Si vous postulez pour fabriquer des encres de chine, faites attention à ne pas faire tâche."",""run"":""gemini""},{""id"":65663,""pun"":""Pour travailler dans une imprimerie, il ne suffit pas de postuler, il faut faire bonne impression."",""run"":""gemini""},{""id"":15405,""pun"":""Travailler dans la presse, c'est stressant, on finit toujours par être sous pression."",""run"":""gemini""},{""id"":30957,""pun"":""Le mec qui vend des imprimantes a de l'avenir, son succès est écrit noir sur blanc."",""run"":""gemini""},{""id"":96772,""pun"":""Pour bosser chez un fabricant de colle, il faut savoir s'attacher à l'entreprise."",""run"":""gemini""}]"
1745	"[{""id"":82856,""pun"":""Ce serrurier est vraiment sécurisé, car il a toujours une idée derrière la tête de clé."",""run"":""gemini""},{""id"":44022,""pun"":""Pourquoi le serrurier est-il si calme ? Parce qu'il a trouvé son pêne intérieur."",""run"":""gemini""},{""id"":65040,""pun"":""Le serrurier est un homme qui a toujours le vent en poulie car il sait comment lever les verrous."",""run"":""gemini""},{""id"":55629,""pun"":""On a demandé au serrurier son avis sur la politique, il a dit qu'il préférait rester dans l'entrebâillement."",""run"":""gemini""},{""id"":16436,""pun"":""Le serrurier ne se fâche jamais, il préfère mettre de l'huile sur le verrou."",""run"":""gemini""},{""id"":23421,""pun"":""Quand le serrurier est fatigué, il prend un cylindre de sommeil."",""run"":""gemini""},{""id"":31633,""pun"":""Le serrurier a été arrêté car il s'était un peu trop attaché à son loquet."",""run"":""gemini""},{""id"":76149,""pun"":""C'est dur d'être serrurier quand on n'a pas de gonds pour travailler."",""run"":""gemini""},{""id"":58607,""pun"":""Un serrurier qui tombe amoureux, c'est un coup de foudre à la première poignée."",""run"":""gemini""},{""id"":65669,""pun"":""Le serrurier est un homme de confiance, il a toutes les cartes en main, enfin, surtout les pass."",""run"":""gemini""},{""id"":11831,""pun"":""Un bon serrurier, c'est la clé du succès."",""run"":""gemini""},{""id"":70230,""pun"":""Ma serrure est fan de rock, elle ne veut que des clés de sol."",""run"":""gemini""}]"
1746	"[{""id"":75691,""pun"":""Le fleuve est fatigué, il a un gros découvert de sable."",""run"":""gemini""},{""id"":66653,""pun"":""Pourquoi les poissons ne vont-ils jamais au guichet ? Parce qu'ils ont déjà leur propre liquide."",""run"":""gemini""},{""id"":14561,""pun"":""Si tu veux faire du sport en forêt, essaie le tai-chi... ou alors cache-toi dans un taillis."",""run"":""gemini""},{""id"":49430,""pun"":""Un poisson qui fait un prêt immobilier finit souvent par se retrouver sur la paille."",""run"":""gemini""},{""id"":49031,""pun"":""Le fleuve a été ruiné par la crise : il a fini par déposer son bilan hydraulique."",""run"":""gemini""},{""id"":26261,""pun"":""L'eau de la rivière est très chère en ce moment, c'est pour ça qu'elle n'arrête pas de monter."",""run"":""gemini""},{""id"":26095,""pun"":""Un banquier qui tombe dans la Seine finit toujours par faire un virement de bord."",""run"":""gemini""},{""id"":11135,""pun"":""Pourquoi les banquiers n'aiment-ils pas la natation ? Parce qu'ils ont peur de couler et de perdre pied."",""run"":""gemini""},{""id"":40343,""pun"":""Si l'argent ne fait pas le bonheur, pourquoi les rivières sont-elles si riches en dépôts ?"",""run"":""gemini""},{""id"":66713,""pun"":""On a demandé au saumon son avis sur les taux d'intérêt, il a répondu qu'il était contre le courant."",""run"":""gemini""},{""id"":26681,""pun"":""J'ai ouvert un compte près du quai, mais ma banque a fini par prendre l'eau."",""run"":""gemini""},{""id"":29535,""pun"":""Les castors sont les meilleurs investisseurs, ils passent leur temps à faire des barrages aux taxes."",""run"":""gemini""}]"
1747	"[{""id"":28864,""pun"":""Un insomniaque qui étudie la géologie ne dort jamais, il reste éveillé sur la brèche."",""run"":""gemini""},{""id"":54319,""pun"":""L'insomniaque ne fait jamais de rêves, il fait des heures supplémentaires."",""run"":""gemini""},{""id"":89220,""pun"":""L'insomniaque est un homme de vision : il ne ferme jamais l'œil."",""run"":""gemini""},{""id"":90960,""pun"":""L'insomniaque est toujours là quand on l'attend, il ne nous fait jamais de faux bond dans ses songes."",""run"":""gemini""},{""id"":18302,""pun"":""Si tu invites un insomniaque à une soirée pyjama, il sera forcément au courant."",""run"":""gemini""},{""id"":72531,""pun"":""Un insomniaque ne dort jamais sur ses deux oreilles, il préfère rester à l'écoute."",""run"":""gemini""},{""id"":73562,""pun"":""J'ai demandé à un insomniaque s'il était prêt : il m'a dit qu'il était déjà sur pied."",""run"":""gemini""},{""id"":97175,""pun"":""L'insomniaque est très poli : il passe toujours une nuit blanche."",""run"":""gemini""},{""id"":89450,""pun"":""Pourquoi l'insomniaque a-t-il été arrêté ? Parce qu'il n'avait plus de sommeil de plomb, mais des comptes à rendre."",""run"":""gemini""},{""id"":26686,""pun"":""Le café de l'insomniaque n'est jamais noir, car il n'en voit jamais le bout."",""run"":""gemini""},{""id"":94851,""pun"":""On ne peut pas voler un insomniaque, il veille au grain."",""run"":""gemini""},{""id"":95453,""pun"":""L'insomniaque ne perd jamais connaissance, il est tout le temps au parfum."",""run"":""gemini""}]"
1748	"[{""id"":50491,""pun"":""Les infirmiers ont un avantage : ils ont toujours des pensées bien pansées."",""run"":""gemini""},{""id"":41311,""pun"":""Si tu sautes sur des conclusions trop vite, tu risques de finir dans un cul-de-sac... ou un cul-de-jugement."",""run"":""gemini""},{""id"":78528,""pun"":""Quand un juge a une blessure à l'esprit, on dit qu'il a la pensée pansée."",""run"":""gemini""},{""id"":68733,""pun"":""Quand on se lance dans des hypothèses, mieux vaut avoir un filet de sécurité intellectuel."",""run"":""gemini""},{""id"":15522,""pun"":""Le parachutiste qui tire des conclusions trop hâtives finit par toucher le fond du problème."",""run"":""gemini""},{""id"":62296,""pun"":""À force de sauter du coq à l'âne pour conclure, on finit par devenir une vraie tête de mule."",""run"":""gemini""},{""id"":96709,""pun"":""Celui qui tire des conclusions trop vite finit souvent par se tirer une balle dans le pied."",""run"":""gemini""},{""id"":93018,""pun"":""Les conclusions les plus rapides sont souvent celles qui courent à leur perte."",""run"":""gemini""},{""id"":84402,""pun"":""Il ne faut pas juger un livre à sa couverture, ni un verdict à sa pointure."",""run"":""gemini""},{""id"":21718,""pun"":""Ne saute pas sur une idée, elle pourrait s'écraser sous ton poids."",""run"":""gemini""},{""id"":97150,""pun"":""Si tu penses trop en marchant, fais attention à ne pas te fouler une idée."",""run"":""gemini""},{""id"":79888,""pun"":""Un philosophe blessé a toujours des pensées qui cicatrisent mal."",""run"":""gemini""}]"
1749	"[{""id"":26671,""pun"":""Sauter aux conclusions est un sport dangereux, surtout quand on n'a pas de parachute de secours intellectuel."",""run"":""gemini""},{""id"":68663,""pun"":""Sauter aux conclusions permet d'aller plus vite, mais on arrive rarement à bon port mental."",""run"":""gemini""},{""id"":51563,""pun"":""Ne tire pas de conclusions hâtives, ça risque de te faire une belle jambe... cassée."",""run"":""gemini""},{""id"":61491,""pun"":""Ceux qui font des sauts de puce aux conclusions ne finissent jamais par grandir."",""run"":""gemini""},{""id"":96463,""pun"":""À force de sauter aux conclusions sans élan, on finit par se prendre les pieds dans le tapis rouge de la vérité."",""run"":""gemini""},{""id"":42504,""pun"":""On ne devrait jamais sauter aux conclusions : on finit toujours par rater son atterrissage."",""run"":""gemini""},{""id"":17177,""pun"":""J'ai une amie qui saute tout le temps aux conclusions, c'est pour ça qu'elle a souvent des bleus à l'âme."",""run"":""gemini""},{""id"":13069,""pun"":""Si tu sautes aux conclusions trop vite, ton arrivée sera forcément avivée par la douleur."",""run"":""gemini""},{""id"":45114,""pun"":""Sauter aux conclusions, c'est l'inverse du parachute : plus on réfléchit tard, plus on s'écrase vite."",""run"":""gemini""},{""id"":17785,""pun"":""Le problème avec le saut aux conclusions, c'est que la piste d'atterrissage est souvent dans le décor."",""run"":""gemini""},{""id"":74206,""pun"":""Les gens qui sautent aux conclusions finissent souvent par faire un plat."",""run"":""gemini""},{""id"":25304,""pun"":""Il ne faut pas sauter aux conclusions : c'est le meilleur moyen de tomber de haut."",""run"":""gemini""}]"
1750	"[{""id"":80024,""pun"":""Quel est le comble pour un fantôme ? Avoir un moral d'acier."",""run"":""gemini""},{""id"":38984,""pun"":""Il a l'esprit frappeur... surtout quand il a trop bu de spiritueux."",""run"":""gemini""},{""id"":19099,""pun"":""Les médiums sont des gens très rythmés : ils ont le sens de l'apparition."",""run"":""gemini""},{""id"":45323,""pun"":""Ce spectre est un vrai bourreau de travail, il ne rend jamais l'âme."",""run"":""gemini""},{""id"":70340,""pun"":""Il est hanté ? Non, il est juste en thé complet pour se calmer."",""run"":""gemini""},{""id"":35314,""pun"":""Les fantômes ne mentent jamais, on voit clair à travers eux."",""run"":""gemini""},{""id"":73293,""pun"":""Il a un enthousiasme débordant, c'est un vrai cas par-normal."",""run"":""gemini""},{""id"":50543,""pun"":""Un revenant qui fait de l'exercice est un esprit sain dans un corps sain."",""run"":""gemini""},{""id"":39219,""pun"":""Les fantômes sont très vifs, c'est ce qu'on appelle avoir de l'esprit."",""run"":""gemini""},{""id"":63523,""pun"":""Si tu savais à quel point il est au bout du spectre !"",""run"":""gemini""},{""id"":45299,""pun"":""Un fantôme sportif, c'est quelqu'un qui a gardé la forme."",""run"":""gemini""},{""id"":54458,""pun"":""C'est un fantôme très dynamique, il ne manque pas d'air."",""run"":""gemini""}]"
1751	"[{""id"":17392,""pun"":""Pourquoi le dictionnaire ne va-t-il jamais au restaurant ? Parce qu'il a déjà trop de mots sur le cœur."",""run"":""gemini""},{""id"":42937,""pun"":""Quand l'alphabet prend l'apéritif, les voyelles finissent toujours par tirer des traits."",""run"":""gemini""},{""id"":23348,""pun"":""Ma soupe à l'alphabet est trop salée, j'ai dû mal interpréter les signes."",""run"":""gemini""},{""id"":91713,""pun"":""On a volé tous les dictionnaires de l'école : les coupables n'ont plus aucun mot à dire."",""run"":""gemini""},{""id"":63498,""pun"":""Si tu renverses ta soupe de lettres par terre, c'est un vrai caractère de cochon."",""run"":""gemini""},{""id"":47008,""pun"":""Un verbe qui tombe dans une soupe chaude devient forcément un verbe bouilli."",""run"":""gemini""},{""id"":78407,""pun"":""J'ai mangé une soupe de lettres périmée : j'ai fini avec une mauvaise composition."",""run"":""gemini""},{""id"":73185,""pun"":""J'ai mis trop de consonnes dans mon bouillon, maintenant j'ai un nœud dans les boyaux."",""run"":""gemini""},{""id"":96031,""pun"":""Les médecins qui font de la soupe à l'alphabet prescrivent souvent des lettres de cachet."",""run"":""gemini""},{""id"":69160,""pun"":""La maîtresse a mangé une soupe de chiffres, maintenant elle compte ses abattis."",""run"":""gemini""},{""id"":35485,""pun"":""Si tu écris avec une cuillère dans ton assiette, tu fais de la prose-café."",""run"":""gemini""},{""id"":11429,""pun"":""Le boulanger qui fait sa soupe à l'alphabet a toujours du mal à dorer sa croûte, mais il sait bien forger les mots."",""run"":""gemini""}]"
1752	"[{""id"":62786,""pun"":""L'élève qui refuse de se maquiller en classe a fini par s'en prendre plein la poire."",""run"":""gemini""},{""id"":88087,""pun"":""Pourquoi l'élève en esthétique a-t-elle échoué ? Elle n'avait pas assez de poudre aux yeux pour le jury."",""run"":""gemini""},{""id"":96642,""pun"":""Les cours de contouring sont difficiles : il faut savoir garder la face."",""run"":""gemini""},{""id"":29846,""pun"":""Un cours de rouge à lèvres manqué ? C'est un examen qui te passe sous le nez."",""run"":""gemini""},{""id"":71992,""pun"":""Le prof de maquillage est en colère : ses élèves lui en font voir de toutes les couleurs."",""run"":""gemini""},{""id"":87419,""pun"":""À l'école de beauté, l'élève qui n'étudie pas finit toujours par se piquer un fard."",""run"":""gemini""},{""id"":64739,""pun"":""Si tu rates ton module sur les cils, tu vas finir par te faire remonter les bretelles."",""run"":""gemini""},{""id"":99349,""pun"":""Il a raté son examen de vernis à ongles : il est complètement à la ramasse au niveau de la cuticule."",""run"":""gemini""},{""id"":95583,""pun"":""Si tu échoues à l'école de maquillage, c'est que tu as fait un trait d'esprit sans eye-liner."",""run"":""gemini""},{""id"":20639,""pun"":""En école d'esthétique, si tu manques l'épreuve de fond de teint, tu n'as plus qu'à raser les murs."",""run"":""gemini""},{""id"":91459,""pun"":""Les étudiants en cosmétique qui ratent un cours ne vont pas en rattrapage, ils font une séance de maquillage."",""run"":""gemini""},{""id"":92302,""pun"":""Pour réussir en cosmétique, il ne faut pas être une tête à claques, mais une tête à fards."",""run"":""gemini""}]"
1753	"[{""id"":49495,""pun"":""Les perceurs industriels ne font jamais de pause, ils sont toujours de mèche."",""run"":""gemini""},{""id"":27271,""pun"":""Le mec qui installe des puits s'en moque, il a toujours un sujet de forage."",""run"":""gemini""},{""id"":42617,""pun"":""Un ouvrier spécialisé dans le forage est souvent au fond du trou."",""run"":""gemini""},{""id"":98155,""pun"":""Le spécialiste des vrilles n'est pas ennuyeux, il sait juste comment faire tourner les choses."",""run"":""gemini""},{""id"":11965,""pun"":""Travailler à la foreuse sans passion, c'est vraiment un boulot de perçage à vide."",""run"":""gemini""},{""id"":98000,""pun"":""Il n'y a rien de plus terne que d'aller aux thermes quand on n'aime pas l'eau."",""run"":""gemini""},{""id"":89614,""pun"":""À force de percer des trous toute la journée, on finit par faire le vide autour de soi."",""run"":""gemini""},{""id"":59690,""pun"":""Un ingénieur en forage ne s'ennuie jamais, il a toujours une ambition qui perce."",""run"":""gemini""},{""id"":11504,""pun"":""Le perçage est un art : il faut savoir aller au fond des choses sans être profondé-menteur."",""run"":""gemini""},{""id"":92363,""pun"":""Quand la foreuse est en panne, le moral des ouvriers est en chute libre : c'est le forage total."",""run"":""gemini""},{""id"":15967,""pun"":""Un fabricant de foreuses qui s'ennuie, c'est quelqu'un qui a un métier de mèches."",""run"":""gemini""},{""id"":65241,""pun"":""Les ouvriers qui manipulent la perceuse sont des gens qui n'ont rien de perse."",""run"":""gemini""}]"
1754	"[{""id"":17928,""pun"":""Le prix du ticket est monté, c'est devenu un transport de fonds."",""run"":""gemini""},{""id"":44212,""pun"":""Dans le bus, celui qui ne paie pas sa place est une personne sans ticket."",""run"":""gemini""},{""id"":54532,""pun"":""Un bus qui ne paie pas ses impôts est un bus fiscal."",""run"":""gemini""},{""id"":45284,""pun"":""Prendre le bus à moitié prix, c'est ce qu'on appelle un tarif de car."",""run"":""gemini""},{""id"":60150,""pun"":""Quand on voyage pour se marier, on part avec un beau voilage."",""run"":""gemini""},{""id"":62501,""pun"":""L'avantage d'un bus équitable, c'est qu'il est toujours dans le bon sens."",""run"":""gemini""},{""id"":94267,""pun"":""Les chauffeurs de bus sont très honnêtes, ils ne font jamais de dépassement de car."",""run"":""gemini""},{""id"":74770,""pun"":""Il a payé son ticket avec des pièces de puzzle, il voulait un voyage complet."",""run"":""gemini""},{""id"":31992,""pun"":""Si le bus est gratuit, est-ce qu'on est neutre ou est-ce que c'est le nôtre ?"",""run"":""gemini""},{""id"":19445,""pun"":""Il ne faut pas juger les gens qui fraudent, c'est une question de billet-ralité."",""run"":""gemini""},{""id"":66493,""pun"":""Monter dans un bus sans payer, c'est un acte de car-actère."",""run"":""gemini""},{""id"":94683,""pun"":""Le contrôleur m'a dit : 'C’est juste une question de car'."",""run"":""gemini""}]"
1755	"[{""id"":98683,""pun"":""Si tu forces trop sur la grille, tu vas finir par te faire un sang-froid."",""run"":""gemini""},{""id"":46212,""pun"":""Un tamis qui ne travaille pas est un objet qui a perdu la maille."",""run"":""gemini""},{""id"":80929,""pun"":""Quel est le comble pour un moustique gourmand ? Passer à travers une moustiquaire pour se faire un sang d'encre."",""run"":""gemini""},{""id"":92460,""pun"":""En tombant dans un filtre à café, l'athlète s'est retrouvé complètement moulu."",""run"":""gemini""},{""id"":42350,""pun"":""Passer à travers un filtre, c'est l'assurance de finir par être bien dans sa peau de chagrin."",""run"":""gemini""},{""id"":83545,""pun"":""Un tamis trop serré, c'est un coup à se mettre la pression."",""run"":""gemini""},{""id"":61033,""pun"":""Les moustiquaires sont très sélectives : elles ne laissent passer que les gens qui ont du filet."",""run"":""gemini""},{""id"":93222,""pun"":""Le cuisinier est tombé dans le bouillon : il a eu une peur bleue à travers la passoire."",""run"":""gemini""},{""id"":96685,""pun"":""L'athlète qui a sauté dans le filet s'est fait une entorse à la règle."",""run"":""gemini""},{""id"":38065,""pun"":""Passer sa vie derrière un écran, c'est finir par avoir un moral de maille."",""run"":""gemini""},{""id"":97795,""pun"":""Un entraîneur de foot qui passe à travers un grillage se retrouve souvent hors-jeu de paume."",""run"":""gemini""},{""id"":98382,""pun"":""Si vous traversez une passoire géante, vous allez finir par avoir un coup de pompe."",""run"":""gemini""}]"
1756	"[{""id"":70179,""pun"":""C'est l'histoire d'une lettre qui a réussi dans la vie : elle a pris de la hauteur."",""run"":""gemini""},{""id"":47938,""pun"":""Les lettres minuscules sont très généreuses : elles n'ont jamais de majuscule d'apport."",""run"":""gemini""},{""id"":86248,""pun"":""L'imprimeur s'est enrichi car il avait de bonnes fontes de revenus."",""run"":""gemini""},{""id"":37358,""pun"":""Si vous voyez une lettre minuscule qui demande de l'aide, il faut en faire une affaire capitale."",""run"":""gemini""},{""id"":29683,""pun"":""Un traitement de texte qui fait fortune, c'est un logiciel qui a du caractère."",""run"":""gemini""},{""id"":67814,""pun"":""Pourquoi l'alphabet est-il riche ? Parce qu'il possède vingt-six lettres de crédit."",""run"":""gemini""},{""id"":29609,""pun"":""Quand une lettre minuscule devient grande, on dit qu'elle a touché le haut du pavé numérique."",""run"":""gemini""},{""id"":44336,""pun"":""Mon correcteur d'orthographe est cupide : chaque fois que j'écris en minuscules, il veut que je capitalise."",""run"":""gemini""},{""id"":11954,""pun"":""Pourquoi les imprimeurs ne sont-ils jamais pauvres ? Parce qu'ils savent toujours tirer profit de leurs caractères."",""run"":""gemini""},{""id"":54785,""pun"":""L'écrivain qui refuse les majuscules fait une croix sur son capital."",""run"":""gemini""},{""id"":83229,""pun"":""Un typographe qui gagne beaucoup d'argent, c'est quelqu'un qui a le sens de la police."",""run"":""gemini""},{""id"":87594,""pun"":""Pour investir dans les lettres, il ne faut pas se tromper de casse."",""run"":""gemini""}]"
1757	"[{""id"":48483,""pun"":""Quel est le sport le plus dangereux à Manille ? La Manille-vèle."",""run"":""gemini""},{""id"":18182,""pun"":""Quel est le comble pour un Philippin ? C'est de vivre à Manille sans en avoir les moyens."",""run"":""gemini""},{""id"":22251,""pun"":""Pour emballer un cadeau aux Philippines, on utilise du papier Manille-a."",""run"":""gemini""},{""id"":78048,""pun"":""Aux Philippines, quand on n'aime pas le café, on préfère Manille-thé."",""run"":""gemini""},{""id"":91153,""pun"":""Comment appelle-t-on un gamin des Philippines qui fait des bêtises ? Une petite Manille-ance."",""run"":""gemini""},{""id"":96243,""pun"":""Un habitant de Manille qui n'aime pas la foule ? C'est un Manila-nthrope."",""run"":""gemini""},{""id"":62679,""pun"":""Comment se disent bonjour les gens à Manille ? Ils utilisent une Manila-poignée de main."",""run"":""gemini""},{""id"":68469,""pun"":""Comment appelle-t-on un document officiel aux Philippines ? Une feuille Manille-scrite."",""run"":""gemini""},{""id"":56093,""pun"":""Pourquoi les archéologues aiment les Philippines ? Pour trouver les vestiges d'une civilisation Manille-ifique."",""run"":""gemini""},{""id"":92072,""pun"":""Que fait un Philippin quand il a une idée ? Il l'écrit sur son bloc Manille-a."",""run"":""gemini""},{""id"":13978,""pun"":""Quel est le comble pour un facteur philippin ? De perdre ses Manille-ères."",""run"":""gemini""},{""id"":66807,""pun"":""Pourquoi les envois vers les Philippines mettent du temps ? Car ils sont toujours en Manille d'attente."",""run"":""gemini""}]"
1758	"[{""id"":89438,""pun"":""Quel est le comble pour une baleine ? C'est d'avoir un coup de cafard dans l'océan."",""run"":""gemini""},{""id"":10570,""pun"":""C'est un cachalot qui croise une baleine : 'T'as de beaux yeux, tu sais ?' -'C'est ta-cé de compliments !'"",""run"":""gemini""},{""id"":58860,""pun"":""Comment appelle-t-on une baleine qui fait du ski ? Une 'bosse' de mer."",""run"":""gemini""},{""id"":47233,""pun"":""Si vous croisez une baleine qui fait de la magie, c'est sûrement un cétacé-cadabra."",""run"":""gemini""},{""id"":86087,""pun"":""Une baleine qui se gratte les fesses, c'est un vrai 'queue-p de chance'."",""run"":""gemini""},{""id"":43379,""pun"":""On m'a dit que les baleines étaient riches, mais c'est faux : elles n'ont pas un yen, ce sont des baleines-naines."",""run"":""gemini""},{""id"":15573,""pun"":""C'est dur de prendre une baleine en photo, elle ne veut jamais dire 'cheese', elle préfère le 'baleine-eau'."",""run"":""gemini""},{""id"":48806,""pun"":""Une baleine qui tombe amoureuse d'un poisson pané, c'est un 'amour de nageoire'."",""run"":""gemini""},{""id"":63791,""pun"":""Quand une baleine a un problème, elle ne cherche pas de solution, elle cherche un 'é-vent'."",""run"":""gemini""},{""id"":66533,""pun"":""Une baleine qui chante mal, c'est un 'con-cétacé'."",""run"":""gemini""},{""id"":85323,""pun"":""Les baleines ne vont jamais chez le coiffeur, car elles ont déjà des fanons."",""run"":""gemini""},{""id"":16221,""pun"":""Les baleines ne trient jamais leurs déchets, car elles ont déjà leur propre é-vent."",""run"":""gemini""}]"
1759	"[{""id"":17867,""pun"":""Le lanceur d'opéra a été renvoyé : il faisait trop de notes de frais."",""run"":""gemini""},{""id"":82964,""pun"":""Si un lanceur de baseball devient ténor, est-ce qu'il atteint la haute fréquence des prises ?"",""run"":""gemini""},{""id"":98646,""pun"":""Au baseball, si tu chantes trop fort, tu risques de perdre ton lancer de voix."",""run"":""gemini""},{""id"":34121,""pun"":""Quel est le point commun entre une chorale et une équipe de baseball ? Le besoin de bons lanceurs de voix."",""run"":""gemini""},{""id"":86840,""pun"":""Si un lanceur chante en plein match, est-ce qu'on peut dire qu'il a une belle envolée lyrique ?"",""run"":""gemini""},{""id"":99554,""pun"":""Pourquoi les chanteurs de baseball ne progressent jamais ? Parce qu'ils ratent toujours le ton."",""run"":""gemini""},{""id"":27898,""pun"":""Un lanceur qui chante perd souvent sa prise, c'est ce qu'on appelle une fausse brise."",""run"":""gemini""},{""id"":74825,""pun"":""Pourquoi ne faut-il pas chanter sur le monticule ? Pour ne pas donner le 'la' au batteur."",""run"":""gemini""},{""id"":91882,""pun"":""Un joueur de baseball qui chante trop finit par friser le ridicule au lieu de brosser la balle."",""run"":""gemini""},{""id"":29474,""pun"":""Les lanceurs de baseball sont-ils électriques ? Oui, parce qu'ils ont tous une bonne prise."",""run"":""gemini""},{""id"":16876,""pun"":""Pourquoi les chanteurs aiment le baseball ? Parce qu'ils adorent les plaques de base."",""run"":""gemini""},{""id"":49675,""pun"":""Quand le batteur chante, il ne fait pas de coup de circuit mais un coup de sifflet."",""run"":""gemini""}]"
1760	"[{""id"":69247,""pun"":""Si tu bois trop de café, tu finiras par avoir un grain."",""run"":""gemini""},{""id"":37279,""pun"":""Ne parlez pas au café le matin, il n'est pas encore bien infusé."",""run"":""gemini""},{""id"":54993,""pun"":""J'ai commandé un café tellement fort qu'il est sorti de la tasse pour faire mes devoirs."",""run"":""gemini""},{""id"":55721,""pun"":""Je n'aime pas le café infusé à froid, ça me laisse de marbre."",""run"":""gemini""},{""id"":69102,""pun"":""Un expresso qui fait de la musculation devient un café serré."",""run"":""gemini""},{""id"":41086,""pun"":""Prendre un café en retard, c'est l'assurance d'avoir une journée moulue."",""run"":""gemini""},{""id"":14323,""pun"":""Passer sa matinée au café, c'est s'exposer à un sérieux expresso-retard."",""run"":""gemini""},{""id"":41622,""pun"":""On a demandé au barista s'il était pressé, il a répondu : « Non, je suis expresso. »"",""run"":""gemini""},{""id"":68173,""pun"":""Pourquoi les baristas sont-ils toujours calmes ? Parce qu'ils savent garder la tasse."",""run"":""gemini""},{""id"":90471,""pun"":""Un café qui arrive tard est un café qui a pris du retardé... enfin, du retard-thé ? Non, de l'allongé !"",""run"":""gemini""},{""id"":52456,""pun"":""Le café était tellement chaud qu'il m'a renversé, c'était un vrai coup de foudre à la première tasse."",""run"":""gemini""},{""id"":94544,""pun"":""Le barista qui travaille trop finit toujours par perdre les pédales, il est à bout de vapeur."",""run"":""gemini""}]"
1761	"[{""id"":15857,""pun"":""La monarchie britannique est une tasse de thé dont on ne peut pas changer l'étiqu-thé."",""run"":""gemini""},{""id"":73798,""pun"":""Quand la reine prépare le thé, elle exerce son autorit-thé."",""run"":""gemini""},{""id"":83336,""pun"":""Le roi ne boit jamais son thé froid, car l'infusion, c'est l'ordre du pouvoir."",""run"":""gemini""},{""id"":16683,""pun"":""Si le roi perd sa couronne dans sa tasse, c'est une chute de la royau-thé."",""run"":""gemini""},{""id"":50057,""pun"":""Les poissons adorent la monarchie car ils vivent dans un royaume de Haute-Mer-Thé."",""run"":""gemini""},{""id"":19107,""pun"":""Un gouvernement qui infuse trop longtemps finit par être un régime de thé-rannie."",""run"":""gemini""},{""id"":79009,""pun"":""Pourquoi la reine boit-elle son thé seule ? Pour préserver son autonomie-thé."",""run"":""gemini""},{""id"":26715,""pun"":""Renverser le thé d'une reine est grave : c'est une attaque contre sa souverain-thé."",""run"":""gemini""},{""id"":33793,""pun"":""Pour diriger un pays, il faut avoir de la personali-thé."",""run"":""gemini""},{""id"":80376,""pun"":""Une reine qui refuse de partager son Earl Grey fait preuve d'hostili-thé."",""run"":""gemini""},{""id"":41289,""pun"":""Un souverain qui renverse son Earl Grey devient soudain très liquide au lieu d'être livide."",""run"":""gemini""},{""id"":50369,""pun"":""Le secret de l'indépendance d'un peuple ? C'est sa liber-thé."",""run"":""gemini""}]"
1762	"[{""id"":24204,""pun"":""Le touriste qui tombe pendant son excursion a fait une belle sortie de route."",""run"":""gemini""},{""id"":87374,""pun"":""En vacances, les voiliers ne mentent jamais : ils gardent toujours le cap, même s'ils mènent une vie de voilage."",""run"":""gemini""},{""id"":76012,""pun"":""Le voyageur qui a trébuché sur son itinéraire a fini par faire un faux-pas de géant."",""run"":""gemini""},{""id"":41772,""pun"":""Si tu perds tes bagages à la montagne, c'est une valise en pente."",""run"":""gemini""},{""id"":46008,""pun"":""Quand un parachutiste tombe amoureux en vacances, c'est le grand saut."",""run"":""gemini""},{""id"":80645,""pun"":""Un boucher qui part en voyage fait une escapade, car il aime bien la viande en cavale."",""run"":""gemini""},{""id"":52907,""pun"":""Pour les vacances, les électriciens préfèrent les séjours au courant."",""run"":""gemini""},{""id"":87948,""pun"":""Si tu tombes sur une promotion pour un safari, tu feras une chute de prix."",""run"":""gemini""},{""id"":25969,""pun"":""Les vacances des randonneurs, c'est toujours une marche à suivre."",""run"":""gemini""},{""id"":45811,""pun"":""Un aveugle qui part en vacances fait un voyage de non-vue."",""run"":""gemini""},{""id"":79003,""pun"":""Un voyage au Mexique, c'est bien, mais il ne faut pas se prendre un taco dans le tapis."",""run"":""gemini""},{""id"":78224,""pun"":""On m'a proposé un voyage pour traire les vaches, mais j'ai refusé car le trayais était trop long."",""run"":""gemini""}]"
1763	"[{""id"":48605,""pun"":""À l'ambassade de Chine, les nouveaux subissent une formation de dés-Orient-ation."",""run"":""gemini""},{""id"":50387,""pun"":""Quand un bouddhiste commence un job, il ne fait pas un stage, il fait une illumi-nation."",""run"":""gemini""},{""id"":44649,""pun"":""Pour bosser chez un fabricant de boussoles en Asie, l'Orient-ation est obligatoire."",""run"":""gemini""},{""id"":73793,""pun"":""Le nouveau stagiaire japonais est un peu perdu, il cherche encore son Orient-ation."",""run"":""gemini""},{""id"":70450,""pun"":""Pourquoi les employés de l'Est sont-ils si performants ? Parce qu'ils ont un sens de l'Orient-ation inné."",""run"":""gemini""},{""id"":57984,""pun"":""Pourquoi les Chinois ne se perdent jamais au travail ? Parce qu'ils ont l'Orient dans le sang."",""run"":""gemini""},{""id"":56826,""pun"":""Les marins qui partent vers l'Asie ont une formation très poussée : l'Orient-ation à la voile."",""run"":""gemini""},{""id"":23198,""pun"":""Le guide touristique à Pékin a été viré : il manquait cruellement d'Orient-ation."",""run"":""gemini""},{""id"":29697,""pun"":""Si tu travailles dans une rizière, ton intégration se fait grain par grain."",""run"":""gemini""},{""id"":95873,""pun"":""Le DRH de Shanghai est fatigué, il a trop d'Orient-ations à gérer ce matin."",""run"":""gemini""},{""id"":54195,""pun"":""Pour travailler en Asie, il ne faut pas perdre le Nord, sinon on rate son Orient-ation."",""run"":""gemini""},{""id"":13853,""pun"":""Un boucher qui part travailler au Japon doit-il suivre une formation de dés-os-rientation ?"",""run"":""gemini""}]"
1764	"[{""id"":78111,""pun"":""Si tu mens dès le réveil, c'est que tu as l'affabulation matinale."",""run"":""gemini""},{""id"":95624,""pun"":""S'allonger pour mentir, c'est mettre sa mauvaise foi au repos."",""run"":""gemini""},{""id"":32813,""pun"":""Un avocat qui dort au bureau, c'est une affaire classée sans suite... de mensonges."",""run"":""gemini""},{""id"":63533,""pun"":""Quel est le comble pour un menteur qui se repose ? C'est de s'étendre sur son sujet."",""run"":""gemini""},{""id"":35157,""pun"":""Quand un mythomane s'endort, est-ce qu'on peut dire qu'il fait un somme de tromperies ?"",""run"":""gemini""},{""id"":36578,""pun"":""Mentir au réveil, c'est une déformation professionnelle : on reste dans le flou draps."",""run"":""gemini""},{""id"":33941,""pun"":""Un mythomane qui fait la sieste, c'est quelqu'un qui se couche sur la vérité."",""run"":""gemini""},{""id"":79886,""pun"":""Le Pinocchio du matin préfère rester couché : il a peur que son nez ne serve de piquet pour la tente."",""run"":""gemini""},{""id"":49733,""pun"":""Si tu mens en dormant, tu es un inventeur de rêves."",""run"":""gemini""},{""id"":32039,""pun"":""Un menteur qui fait la grasse matinée fait simplement durer le plaisir de la feinte."",""run"":""gemini""},{""id"":55294,""pun"":""Le menteur est resté au lit toute la journée : il ne pouvait pas supporter de se lever pour faire face à ses propres bobards."",""run"":""gemini""},{""id"":86254,""pun"":""Pourquoi les menteurs aiment-ils les lits ? Parce qu'ils y trouvent leur conte."",""run"":""gemini""}]"
1765	"[{""id"":23943,""pun"":""Un producteur de cinéma qui n'assume pas ses échecs est un spécialiste de la projection."",""run"":""gemini""},{""id"":77109,""pun"":""Quand un narcissique regarde une vidéo de lui-même, il ne regarde pas, il s'expose."",""run"":""gemini""},{""id"":15345,""pun"":""Si ton film de vacances est flou, c'est peut-être que ta vision de toi-même manque de mise au point."",""run"":""gemini""},{""id"":82314,""pun"":""Mon psy m'a dit que je projetais mes angoisses sur les autres, alors j'ai acheté un meilleur écran."",""run"":""gemini""},{""id"":30964,""pun"":""Si tu penses que tout le monde admire ton vieux projecteur, tu te fais des films."",""run"":""gemini""},{""id"":46845,""pun"":""Le réalisateur paranoïaque ne fait pas de films, il fait de la défiance de soi."",""run"":""gemini""},{""id"":18272,""pun"":""L'ego des acteurs est comme un zoom : plus c'est gros, moins on voit le décor."",""run"":""gemini""},{""id"":92039,""pun"":""Critiquer le montage d'un ami sans aucune décence, c'est sa seule ligne de défense."",""run"":""gemini""},{""id"":87369,""pun"":""Les gens qui forcent leurs amis à regarder leurs films de vacances font souvent de la projection mentale."",""run"":""gemini""},{""id"":50050,""pun"":""Un aveugle qui essaie d'expliquer le subconscient, c'est une vue de l'esprit."",""run"":""gemini""},{""id"":32113,""pun"":""Il n'y a que les projectionnistes qui savent vraiment mettre leurs problèmes en lumière."",""run"":""gemini""},{""id"":53353,""pun"":""On a demandé au projecteur ce qu'il pensait de son ego, il a répondu : 'C'est une question d'optique'."",""run"":""gemini""}]"
1766	"[{""id"":81298,""pun"":""Il m'a mordu le pied. J'imagine que c'est le pied à terre que je devais payer."",""run"":""gemini""},{""id"":74692,""pun"":""Un requin m'a mangé la main. Maintenant, je paie tout de l'autre main, sans compter."",""run"":""gemini""},{""id"":17773,""pun"":""Le requin m'a fait une remise : il n'a pris que le bras. C'est ce qu'on appelle un bras de fer financier."",""run"":""gemini""},{""id"":11222,""pun"":""Nager avec les requins m'a ruiné le corps et le compte. C'est un vrai gouffre financier."",""run"":""gemini""},{""id"":36280,""pun"":""Nager avec des requins, ça coûte les yeux de la tête. Littéralement."",""run"":""gemini""},{""id"":74570,""pun"":""Coûter un bras ? Pour le requin, c'était juste un acompte."",""run"":""gemini""},{""id"":76376,""pun"":""J'ai payé cher pour voir le requin. Maintenant, je marche à crédit, et avec des béquilles."",""run"":""gemini""},{""id"":50037,""pun"":""Le requin m'a arraché le bras, mais c'est pas grave : c'était un prix de gros."",""run"":""gemini""},{""id"":27052,""pun"":""J'ai voulu nager avec un requin gourmet. Ça m'a coûté une blinde, et surtout une jambe."",""run"":""gemini""},{""id"":93228,""pun"":""Le requin m'a facturé le mollet. C'est ce qu'on appelle une coupure budgétaire."",""run"":""gemini""},{""id"":60754,""pun"":""Un dîner avec un grand requin blanc ? C'est ma chair qui est chère."",""run"":""gemini""},{""id"":79229,""pun"":""Nager avec les requins, c'est hors de prix. On y laisse souvent sa peau, au sens propre."",""run"":""gemini""}]"
1767	"[{""id"":34575,""pun"":""Petit il pleurait, grand il gronde : il a vraiment changé de gamme."",""run"":""gemini""},{""id"":64841,""pun"":""Ce chien a mûri : il ne jappe plus, il discute des grands enjeux."",""run"":""gemini""},{""id"":84854,""pun"":""Il a grandi trop vite, maintenant son aboiement est de taille."",""run"":""gemini""},{""id"":72781,""pun"":""À l'âge adulte, ce chien n'aboie plus, il fait des vers matures."",""run"":""gemini""},{""id"":26158,""pun"":""Ce chien est devenu si grand qu'il ne gronde plus, il tonne."",""run"":""gemini""},{""id"":88590,""pun"":""Mon chien est devenu très mature, il ne fait plus de bruits de chiot, il a pris du galon... ou plutôt du grognon."",""run"":""gemini""},{""id"":99852,""pun"":""Ce chien est devenu adulte, il a maintenant un poil de répondant."",""run"":""gemini""},{""id"":54946,""pun"":""Mon chien a grandi, maintenant ses plaintes sont de grandes dimensions."",""run"":""gemini""},{""id"":71159,""pun"":""On pensait que ce chien resterait petit, mais maintenant qu'il a grandi, c'est un vrai grognon."",""run"":""gemini""},{""id"":70590,""pun"":""En grandissant, ce chiot est passé du murmure au mûr-mure."",""run"":""gemini""},{""id"":34427,""pun"":""C'est un chien qui a beaucoup mûri, maintenant il ne gémit plus, il s'exprime de tout son long."",""run"":""gemini""},{""id"":98439,""pun"":""On dit que les chiens vieillissent bien, mais le mien a pris de la voix en prenant de l'âge."",""run"":""gemini""}]"
1768	"[{""id"":98751,""pun"":""Les trains ne dorment jamais bien, ils ont toujours peur de rater le coche."",""run"":""gemini""},{""id"":79845,""pun"":""Travailler à la SNCF, c'est épuisant : on passe son temps à siffler en travaillant mais la vapeur nous achève."",""run"":""gemini""},{""id"":92568,""pun"":""Quand la locomotive est fatiguée, elle n'avance plus, elle fait de la résistance électrique."",""run"":""gemini""},{""id"":99239,""pun"":""Un cheminot qui fait un burn-out, c'est quelqu'un qui a vraiment perdu le fil... de fer."",""run"":""gemini""},{""id"":19859,""pun"":""Il ne faut pas pousser mémé dans les orties, mais il ne faut pas non plus pousser le wagon trop loin."",""run"":""gemini""},{""id"":81448,""pun"":""Ce rail est vraiment paresseux, il s'allonge toute la journée."",""run"":""gemini""},{""id"":93446,""pun"":""Les conducteurs de train sont souvent fatigués parce qu'ils ne font que suivre les rails sans jamais dérailler de leur routine."",""run"":""gemini""},{""id"":78248,""pun"":""Pourquoi le train est-il épuisé ? Parce qu'il a passé la journée à faire des wagons de kilomètres."",""run"":""gemini""},{""id"":38223,""pun"":""Le TGV est resté au lit ce matin car il ne se sentait pas très en train."",""run"":""gemini""},{""id"":14631,""pun"":""Si tu restes trop longtemps sur les rails, tu vas finir par avoir un coup de pompe... de locomotive."",""run"":""gemini""},{""id"":83246,""pun"":""Un rail qui fait une dépression finit généralement par se mettre en bière... de fer."",""run"":""gemini""},{""id"":52095,""pun"":""Le contrôleur est au bout du rouleau, il a passé sa vie à composter son propre temps."",""run"":""gemini""}]"
1769	"[{""id"":49306,""pun"":""L'astronaute a été licencié car il n'avait aucune perspective d'avenir, il manquait d'espace."",""run"":""gemini""},{""id"":28764,""pun"":""Celui qui a postulé pour fabriquer des lits a été pris sur le champ."",""run"":""gemini""},{""id"":41287,""pun"":""Le mec qui vendait des calendriers a été viré, ses jours étaient comptés."",""run"":""gemini""},{""id"":79279,""pun"":""Pour travailler dans la vente de miroirs, il faut bien réfléchir."",""run"":""gemini""},{""id"":73419,""pun"":""Ceux qui fabriquent des lunettes ont souvent une vision à long terme."",""run"":""gemini""},{""id"":49334,""pun"":""L'entretien pour le poste de jardinier a été un vrai succès, ils se sont mis au vert."",""run"":""gemini""},{""id"":16656,""pun"":""Le candidat pour l'usine de colle a finalement été retenu."",""run"":""gemini""},{""id"":31961,""pun"":""Si tu cherches un emploi de serveur, il faut savoir prendre la commande avec philosophie."",""run"":""gemini""},{""id"":69835,""pun"":""Un bon dermatologue est quelqu'un qui ne fait jamais de gaffes, il a toujours du tact."",""run"":""gemini""},{""id"":17206,""pun"":""Pour travailler dans les pompes funèbres, il faut d'abord s'enterrer dans ses dossiers."",""run"":""gemini""},{""id"":44949,""pun"":""Si tu veux un poste dans la crème solaire, il faut avoir de la peau sur les yeux."",""run"":""gemini""},{""id"":44916,""pun"":""Pour être embauché dans une boulangerie, il ne faut pas être dans le pétrin."",""run"":""gemini""}]"
1770	"[{""id"":28446,""pun"":""Un vendeur de menottes qui réussit, c'est quelqu'un qui a beaucoup de liens."",""run"":""gemini""},{""id"":72135,""pun"":""Les vendeurs de coffres-forts sont des gens très fermés."",""run"":""gemini""},{""id"":30315,""pun"":""Le magasin d'enclumes a fait faillite, il a fallu mettre la clé sous la porte... mais elle était trop lourde."",""run"":""gemini""},{""id"":20841,""pun"":""Pourquoi les métallurgistes aiment-ils les réseaux sociaux ? Pour agrandir leur maillage."",""run"":""gemini""},{""id"":22406,""pun"":""Où les robots font-ils leurs courses ? Dans des succursales en acier."",""run"":""gemini""},{""id"":24378,""pun"":""Où achète-t-on un chien en fer ? Dans une grande chaîne de distribution."",""run"":""gemini""},{""id"":15723,""pun"":""Le patron de la fonderie est très honnête, il travaille avec une totale franchise."",""run"":""gemini""},{""id"":60995,""pun"":""Le forgeron a ouvert un magasin, c'est une sacrée enseigne de fer."",""run"":""gemini""},{""id"":17271,""pun"":""Pour vendre des colliers de fer avec franchise, il faut intégrer une franchise."",""run"":""gemini""},{""id"":22114,""pun"":""Le magasin de bricolage fait de la pub à la télé : c'est une chaîne qui tourne en boucle."",""run"":""gemini""},{""id"":58406,""pun"":""J'ai acheté un cadenas dans un magasin spécialisé : ils ont pignon sur rue mais verrou sur porte."",""run"":""gemini""},{""id"":72705,""pun"":""Un commerce d'acier qui cartonne, c'est une boîte qui a du fer de lance."",""run"":""gemini""}]"
1771	"[{""id"":68247,""pun"":""Pour avoir ces cendres, il va falloir brûler les étapes du labeur."",""run"":""gemini""},{""id"":15141,""pun"":""Le potier en a plein le vase de travailler gratis."",""run"":""gemini""},{""id"":28117,""pun"":""On ne gagne pas sa vie en restant de marbre devant une urne."",""run"":""gemini""},{""id"":56129,""pun"":""Le salaire du crémateur est une urne de fortune."",""run"":""gemini""},{""id"":43220,""pun"":""Il n'a pas gagné assez pour s'offrir un vase, c'est un pot commun."",""run"":""gemini""},{""id"":82803,""pun"":""On a demandé au défunt s'il aimait son vase : il a répondu qu'il y était urne-é."",""run"":""gemini""},{""id"":95634,""pun"":""Le potier est riche car il a l'urne du gain."",""run"":""gemini""},{""id"":16217,""pun"":""Pour mériter ce vase, il faut avoir le feu sacré."",""run"":""gemini""},{""id"":59680,""pun"":""L'apprenti crémateur est fatigué : c'est un dur labeur pour finir en poussière."",""run"":""gemini""},{""id"":55601,""pun"":""Gagner sa vie avec des cendres, c'est du travail de potence."",""run"":""gemini""},{""id"":71200,""pun"":""C'est un travail gagé sur la poussière."",""run"":""gemini""},{""id"":41303,""pun"":""Il travaille dur pour son héritage : c'est un labeur de cendres."",""run"":""gemini""}]"
1772	"[{""id"":28115,""pun"":""Celui qui achète un tuyau d'arrosage sans réfléchir fait une grosse dépense de liquide."",""run"":""gemini""},{""id"":35368,""pun"":""J'ai voulu acheter un brumisateur, mais le vendeur m'a laissé dans le flou."",""run"":""gemini""},{""id"":30217,""pun"":""En voyant le prix du tuyau, il est devenu tout liquide."",""run"":""gemini""},{""id"":88607,""pun"":""J'ai acheté un pistolet d'arrosage, mais j'ai peur de faire un hold-up sur mon propre compte."",""run"":""gemini""},{""id"":61153,""pun"":""Il a acheté tellement de pulvérisateurs qu'il a fini par se faire doucher par la banque."",""run"":""gemini""},{""id"":73188,""pun"":""Pour arroser sa réussite, il s'est offert un jet privé."",""run"":""gemini""},{""id"":24481,""pun"":""Acheter un système d'irrigation, c'est vraiment jeter l'argent par les fenêtres... ou par les buses."",""run"":""gemini""},{""id"":22769,""pun"":""Quand j'achète un tuyau, je ne fais jamais de plans sur la comète, je préfère garder les pieds dans l'eau."",""run"":""gemini""},{""id"":51645,""pun"":""Le client était furieux contre son tuyau percé : il a fait une scène de ménage de printemps."",""run"":""gemini""},{""id"":76257,""pun"":""Le spécialiste des tuyaux a fait faillite : il a fini par couler."",""run"":""gemini""},{""id"":81619,""pun"":""Un jardinier qui fait les boutiques, c'est quelqu'un qui a la main verte... sur son portefeuille."",""run"":""gemini""},{""id"":71574,""pun"":""Vendre des brumisateurs en plein désert, c'est vraiment du commerce de proximité... avec le vide."",""run"":""gemini""}]"
1773	"[{""id"":51242,""pun"":""Si tu veux parler aux vaches, il faut avoir un bon bœuf-culaire."",""run"":""gemini""},{""id"":39135,""pun"":""Le cowboy ne trouve pas son troupeau car il est dans le bœuf-rouillard."",""run"":""gemini""},{""id"":96675,""pun"":""Pourquoi les vaches ne parlent-elles pas ? Parce qu'elles n'ont pas de bœuf-letin de vote."",""run"":""gemini""},{""id"":31026,""pun"":""Les taureaux musclés sont souvent des bœuf-gosses."",""run"":""gemini""},{""id"":82297,""pun"":""Ce ranch est très accueillant, c'est un vrai palais de bœuf-nheur."",""run"":""gemini""},{""id"":99270,""pun"":""Les vaches sont très calmes car elles pratiquent la méditation bœuf-ddhiste."",""run"":""gemini""},{""id"":23653,""pun"":""Une vache qui fait de la magie est une vache-icienne."",""run"":""gemini""},{""id"":45703,""pun"":""Pour s'intégrer, les vaches essaient d'être les plus aborda-meuh-bles possibles."",""run"":""gemini""},{""id"":26808,""pun"":""On peut parler à ce taureau, il est très vache-ment ouvert."",""run"":""gemini""},{""id"":95253,""pun"":""Les vaches adorent la musique, surtout quand c'est du Mo-zart."",""run"":""gemini""},{""id"":73269,""pun"":""Un bœuf qui ne travaille jamais est un animal de vaches-ances."",""run"":""gemini""},{""id"":82345,""pun"":""Le taureau est resté célibataire car il n'était pas assez dispo-nible."",""run"":""gemini""}]"
1774	"[{""id"":51116,""pun"":""Si vous ne voyez pas la cible, ne tirez pas de conclusions hâtives."",""run"":""gemini""},{""id"":74039,""pun"":""Si vous portez un bandeau au stand de tir, vous manquez de vision... ou alors vous portez un vison."",""run"":""gemini""},{""id"":31115,""pun"":""En tirant à l'aveugle, on ne perd pas la face, mais on perd la cible de vue."",""run"":""gemini""},{""id"":91436,""pun"":""Le sniper qui porte un bandeau est un pro du flou artistique."",""run"":""gemini""},{""id"":77692,""pun"":""Un tireur aveugle est un homme qui a de l'ambition : il vise toujours à côté."",""run"":""gemini""},{""id"":60639,""pun"":""Au stand de tir, les aveugles font toujours un carton, mais ils ne savent pas lequel."",""run"":""gemini""},{""id"":51402,""pun"":""Sans lunettes au stand de tir, on n'a plus toute sa lucidité, on tire à vue de nez."",""run"":""gemini""},{""id"":95096,""pun"":""Le tireur qui ne voit rien ne manque pas d'air, mais il manque d'aire de tir."",""run"":""gemini""},{""id"":73343,""pun"":""Un archer aveugle est une flèche qui n'a pas les yeux en face des trous."",""run"":""gemini""},{""id"":77397,""pun"":""Si tu tires sans regarder, tu n'es pas précis, tu es juste de passage."",""run"":""gemini""},{""id"":76830,""pun"":""Tirer dans le noir, c'est comme fumer : ça finit toujours par un mégot de cible."",""run"":""gemini""},{""id"":77146,""pun"":""Celui qui tire les yeux bandés n'a pas peur du recul, c'est un homme de peu de foi(e)."",""run"":""gemini""}]"
1775	"[{""id"":54687,""pun"":""Pour être un bon boulanger, il faut savoir garder la pêche, mais surtout la pêche Melba."",""run"":""gemini""},{""id"":97097,""pun"":""Le boulanger qui a fait fortune a vraiment réussi à se faire un maximum de blé."",""run"":""gemini""},{""id"":69961,""pun"":""Un boulanger doit être réactif, car il travaille toujours dans l'urgence : c'est un métier de pâte au feu."",""run"":""gemini""},{""id"":69043,""pun"":""Le patron de la boulangerie est très riche, il brasse des mille-feuilles de dollars."",""run"":""gemini""},{""id"":63425,""pun"":""À la boulangerie, si tu n'es pas efficace, on te dit : 'T'as pas un peu fini de rouler les miches ?'"",""run"":""gemini""},{""id"":16120,""pun"":""On a demandé au boulanger de changer de poste, mais il a répondu qu'il n'en démordrait pas, c'était son gagne-pain."",""run"":""gemini""},{""id"":67376,""pun"":""Quand le boulanger est en colère, il ne discute pas : il te rentre dedans comme une flûte."",""run"":""gemini""},{""id"":88963,""pun"":""Dans une boulangerie, on ne chôme pas, on a toujours du pain sur la planche."",""run"":""gemini""},{""id"":29402,""pun"":""Travailler en boulangerie, c'est dur : on finit souvent avec le moral dans les choux."",""run"":""gemini""},{""id"":81967,""pun"":""Le pâtissier a été licencié car il n'avait vraiment aucun brioche de responsabilité."",""run"":""gemini""},{""id"":82916,""pun"":""Le stagiaire à la boulangerie est très maladroit : il est toujours dans le pétrin."",""run"":""gemini""},{""id"":85214,""pun"":""Un boulanger ne peut pas faire grève, il a trop de croûte à payer."",""run"":""gemini""}]"
1776	"[{""id"":64551,""pun"":""Dans la foresterie, on ne prend pas de d&eacute;cisions &agrave; la l&eacute;g&egrave;re, on tranche dans le vif du sujet."",""run"":""gemini""},{""id"":34462,""pun"":""Les gardes forestiers ne font jamais de gr&egrave;ve, ils font juste le pied de grue."",""run"":""gemini""},{""id"":66070,""pun"":""Le b&ucirc;cheron est rest&eacute; sans voix car il a pris une sacr&eacute;e p&eacute;pin&egrave;re."",""run"":""gemini""},{""id"":97715,""pun"":""Si tu veux &eacute;pouser une b&ucirc;cheronne, il faut lui faire une cour d'appel d'air."",""run"":""gemini""},{""id"":90305,""pun"":""Le b&ucirc;cheron a &eacute;t&eacute; vir&eacute; car il n'avait aucun tronc commun avec ses coll&egrave;gues."",""run"":""gemini""},{""id"":70079,""pun"":""Pourquoi les arbres sont-ils de bons comptables ? Parce qu'ils savent tenir un journal de bord."",""run"":""gemini""},{""id"":67595,""pun"":""Quand un arbre se connecte &agrave; internet, il va sur son log-iciel de gestion."",""run"":""gemini""},{""id"":91862,""pun"":""Un b&ucirc;cheron qui s'ennuie finit toujours par se fendre la gueule."",""run"":""gemini""},{""id"":76290,""pun"":""Les b&ucirc;cherons n'utilisent jamais d'ordinateur, ils pr&eacute;f&egrave;rent envoyer des b&ucirc;ches de paie."",""run"":""gemini""},{""id"":30511,""pun"":""Les arbres ne vont jamais au cin&eacute;ma, ils pr&eacute;f&egrave;rent les s&eacute;ries en streaming car ils ont d&eacute;j&agrave; les racines."",""run"":""gemini""},{""id"":75110,""pun"":""Un sapin qui travaille trop finit par faire un burn-ao&ucirc;t."",""run"":""gemini""},{""id"":55663,""pun"":""Pour travailler dans le bois, il faut avoir de la branche."",""run"":""gemini""}]"
1777	"[{""id"":30814,""pun"":""À l'usine de pneumatiques, on n'embauche que des gens gonflés à bloc."",""run"":""gemini""},{""id"":73877,""pun"":""Pour réussir dans le pneu, il ne faut surtout pas manquer d'air au petit matin."",""run"":""gemini""},{""id"":29475,""pun"":""Si tu travailles dans le pneu, tu dois garder une pression constante pour ne pas déjanter."",""run"":""gemini""},{""id"":33634,""pun"":""Travailler à la fabrication de pneus, c'est fatiguant : on finit toujours sur les jantes."",""run"":""gemini""},{""id"":32770,""pun"":""Le syndicat des pneus manifeste car ils en ont marre de tourner en rond."",""run"":""gemini""},{""id"":12562,""pun"":""Quand l'usine de pneus a brûlé, les ouvriers étaient tous sur les charbons ardents."",""run"":""gemini""},{""id"":36133,""pun"":""Il ne faut pas s'énerver à l'usine de caoutchouc, sinon on monte vite sur ses grands chevaux-vapeur."",""run"":""gemini""},{""id"":84083,""pun"":""Dans une usine de pneus, on ne commence jamais la journée sans prendre un bon coup de gomme."",""run"":""gemini""},{""id"":66875,""pun"":""Le directeur de l'usine de caoutchouc a été viré : il était trop souple sur les horaires."",""run"":""gemini""},{""id"":65830,""pun"":""Le mec qui fabrique les pneus ne s'arrête jamais : c'est un vrai bourreau de roue."",""run"":""gemini""},{""id"":92696,""pun"":""Le stagiaire à la manufacture de pneus a eu un coup de mou, il a fini par éclater."",""run"":""gemini""},{""id"":46512,""pun"":""On m'a proposé un job chez Michelin, mais j'ai peur de faire du sur-place."",""run"":""gemini""}]"
1778	"[{""id"":37592,""pun"":""Un jardinier qui réussit est un homme qui a beaucoup de pot."",""run"":""gemini""},{""id"":63787,""pun"":""Les jardiniers ne font jamais de grève, ils préfèrent semer la zizanie."",""run"":""gemini""},{""id"":89281,""pun"":""Pourquoi les fleurs sont-elles de bonnes directrices ? Parce qu'elles savent gérer la croissance."",""run"":""gemini""},{""id"":24178,""pun"":""Comment appelle-t-on un arbre qui travaille à l'usine ? Un industriel-lierre."",""run"":""gemini""},{""id"":91038,""pun"":""Le gérant de la jardinerie a un emploi du temps très chargé : il a trop de pain sur la planche de culture."",""run"":""gemini""},{""id"":51932,""pun"":""Un manager de forêt qui démissionne, c'est quelqu'un qui plaque tout pour prendre la clé des champs."",""run"":""gemini""},{""id"":80535,""pun"":""Le chef de culture est très fier : il a enfin trouvé un terrain d'entente."",""run"":""gemini""},{""id"":38143,""pun"":""Un jardinier qui dirige une usine, c'est un ingénieur en génie végétal."",""run"":""gemini""},{""id"":38603,""pun"":""Le jardinier a été licencié car il prenait trop de racines."",""run"":""gemini""},{""id"":60407,""pun"":""Un dentiste qui s'occupe de la végétation est un spécialiste de la fluor-e."",""run"":""gemini""},{""id"":73403,""pun"":""Si tu veux devenir directeur d'un parc, il faut d'abord que tu fasses tes preuves sur le terrain."",""run"":""gemini""},{""id"":29426,""pun"":""Quel est le comble pour un jardinier ? C'est de se mettre au vert pour cultiver son jardin secret."",""run"":""gemini""}]"
1779	"[{""id"":77617,""pun"":""Il s'est enfermé dans son congélateur pour être bien « ice-olé »."",""run"":""gemini""},{""id"":57401,""pun"":""L'homme qui vivait seul dans la neige était un vrai « ermite-froid »."",""run"":""gemini""},{""id"":29414,""pun"":""Comment appelle-t-on un célibataire au Pôle Nord ? Un « seul-sius »."",""run"":""gemini""},{""id"":69502,""pun"":""Quand on est seul et qu'on grelotte, on est « isolé-givre »."",""run"":""gemini""},{""id"":57087,""pun"":""Il ne voit personne et il gèle, il est vraiment dans sa « bulle-glacier »."",""run"":""gemini""},{""id"":87568,""pun"":""Si tu restes seul dans le froid, tu finis par avoir une « solitude-givrée »."",""run"":""gemini""},{""id"":52515,""pun"":""Vivre seul en Islande, c'est être en « exil-er »."",""run"":""gemini""},{""id"":33440,""pun"":""Celui qui s'isole au frigo est un « re-cru-gelé »."",""run"":""gemini""},{""id"":24278,""pun"":""Un ermite qui a très froid devient un « re-glace »."",""run"":""gemini""},{""id"":45892,""pun"":""Un solitaire qui a froid n'a plus qu'un « demi-degré » de relations sociales."",""run"":""gemini""},{""id"":97559,""pun"":""Le mec est si seul au sommet de l'Everest qu'il est en « froid-itude »."",""run"":""gemini""},{""id"":66878,""pun"":""Quand un solitaire a froid, il fait bande « à-part-polaire »."",""run"":""gemini""}]"
1780	"[{""id"":31564,""pun"":""Pour s'offrir un champ de riz, il a dû mettre le Baht-paquet."",""run"":""gemini""},{""id"":67128,""pun"":""Pourquoi n'achète-t-on pas de terres le dimanche en Thaïlande ? Parce que c'est le jour du Baht-ême."",""run"":""gemini""},{""id"":41847,""pun"":""Si tu achètes un troupeau en Thaïlande, tu deviens un vrai Baht-elier."",""run"":""gemini""},{""id"":25418,""pun"":""Il a acheté une rizière pour une bouchée d'pain, ou plutôt pour un Baht-on de pain."",""run"":""gemini""},{""id"":60278,""pun"":""En visitant sa nouvelle propriété à Phuket, il a eu un vrai Baht-ement de cœur."",""run"":""gemini""},{""id"":13447,""pun"":""Il a acheté le terrain à crédit, c'était un vrai combat de Baht-arrière-garde."",""run"":""gemini""},{""id"":26194,""pun"":""Il voulait acheter une ferme thaïlandaise, mais il est tombé sur un Baht-ard."",""run"":""gemini""},{""id"":65910,""pun"":""Il a acheté tout le bétail avec ses économies : il a mené un sacré Baht-age."",""run"":""gemini""},{""id"":40512,""pun"":""Quel est le comble pour un investisseur à Bangkok ? C'est de perdre un Baht-ail."",""run"":""gemini""},{""id"":33586,""pun"":""Il a payé ses terres en Thaïlande en une seule fois : c'est ce qu'on appelle un Baht-iment de ferme."",""run"":""gemini""},{""id"":21994,""pun"":""Quand un boulanger thaïlandais vend ses terres, il ne récupère pas de la mie, mais du Baht-on."",""run"":""gemini""},{""id"":57904,""pun"":""Un agriculteur thaï qui prend sa retraite, il baisse les Baht-ons."",""run"":""gemini""}]"
1781	"[{""id"":21841,""pun"":""Pour chasser le sanglier sans se blesser, il faut avoir un plan de chair."",""run"":""gemini""},{""id"":16010,""pun"":""Un chasseur qui rate sa proie est souvent un homme de bois."",""run"":""gemini""},{""id"":13681,""pun"":""Chasser le daim, c'est bien, mais il ne faut pas vendre la peau de l'ours avant de l'avoir tué."",""run"":""gemini""},{""id"":40175,""pun"":""Un bon chasseur doit toujours rester sur ses gardes, c'est une question de cervidé."",""run"":""gemini""},{""id"":13266,""pun"":""Le cerf ne joue jamais aux cartes car il a peur d'être mené à la baguette."",""run"":""gemini""},{""id"":86562,""pun"":""Un chasseur qui n'a pas de plan finit toujours par faire chou-blanc en forêt."",""run"":""gemini""},{""id"":17157,""pun"":""Si tu veux attraper un chevreuil, assure-toi d'avoir une stratégie de biche."",""run"":""gemini""},{""id"":75943,""pun"":""Pourquoi le chasseur utilise-t-il une application GPS ? Pour ne pas perdre le nord-vaison."",""run"":""gemini""},{""id"":17121,""pun"":""Le chasseur de gibier à plumes a toujours un plan d'aile."",""run"":""gemini""},{""id"":14825,""pun"":""Il est vaine de chasser le cerf quand on a pas de veine."",""run"":""gemini""},{""id"":93627,""pun"":""Pour traquer le gros gibier, il faut une organisation de sang-froid... ou de sang-lier."",""run"":""gemini""},{""id"":29312,""pun"":""La chasse, c'est avant tout une question d'affût : il ne faut pas rester sur le carreau."",""run"":""gemini""}]"
1782	"[{""id"":68282,""pun"":""Chercher des oranges sur un pommier, c'est une quête en vain... ou plutôt sans pépins ?"",""run"":""gemini""},{""id"":47908,""pun"":""Si tu cherches des oranges là où il y a des pommes, tu risques de ramener ta fraise pour rien."",""run"":""gemini""},{""id"":61708,""pun"":""Un verger sans fruits, c'est une affaire qui ne porte pas ses fruits."",""run"":""gemini""},{""id"":44308,""pun"":""Pourquoi chercher des oranges ? Dans un pommier, on ne trouve que des pommes, c'est pour ta pomme !"",""run"":""gemini""},{""id"":69550,""pun"":""Le botaniste qui s'est trompé d'arbre était mal formé pour ce métier de forger."",""run"":""gemini""},{""id"":90455,""pun"":""Le jardinier qui ne trouve que des pommes est un homme pressé : il finit toujours par tomber dans les pommes."",""run"":""gemini""},{""id"":53232,""pun"":""Chercher des oranges sur un pommier ? C'est une idée à la mords-moi-le-nœud... ou la mords-moi-la-pomme."",""run"":""gemini""},{""id"":57241,""pun"":""Un pommier qui refuse de donner des oranges, c'est le comble pour un arbre qui a la pêche."",""run"":""gemini""},{""id"":53609,""pun"":""Il voulait des agrumes mais n'a eu que des pommes : c'est un échec cuisant, il est tombé sur un os... ou un trognon."",""run"":""gemini""},{""id"":28735,""pun"":""L'agriculteur qui cherche des oranges sur un pommier a forcé son talent, mais n'a rien à forger."",""run"":""gemini""},{""id"":75699,""pun"":""Confondre oranges et pommes, c'est en faire tout un plat, mais sans le dessert."",""run"":""gemini""},{""id"":69251,""pun"":""Si tu sèmes des oranges au milieu des pommes, tu n'auras ni titre ni récolte, c'est un investissement peu fructueux."",""run"":""gemini""}]"
1783	"[{""id"":90170,""pun"":""Quand on grimpe la Dent du Midi, on a la chance d'avoir les dents longues."",""run"":""gemini""},{""id"":90869,""pun"":""On est si bien en haut que c'en est presque insolent : c'est un coup de mont-bol."",""run"":""gemini""},{""id"":17869,""pun"":""Ceux qui vivent en montagne ne sont jamais blasés, ils gardent toujours la face."",""run"":""gemini""},{""id"":86405,""pun"":""Vivre en haute altitude, c'est avoir une sacrée dose d'a-plomb."",""run"":""gemini""},{""id"":85505,""pun"":""Si tu as la chance d'être en montagne, tu as vraiment de la veine... bleue."",""run"":""gemini""},{""id"":19906,""pun"":""Skier sous le soleil, c'est vraiment le pied... de piste."",""run"":""gemini""},{""id"":83485,""pun"":""Être en montagne, c'est s'élever socialement sans dépenser un sou."",""run"":""gemini""},{""id"":84559,""pun"":""Si tu trouves de l'or en Valais, c'est que tu as la main-montagne."",""run"":""gemini""},{""id"":78746,""pun"":""En randonnée, j'ai beaucoup de chance : j'ai toujours un piolet dans la manche."",""run"":""gemini""},{""id"":14106,""pun"":""Ce montagnard est si riche qu'on dit qu'il a gravi les échelons du succès."",""run"":""gemini""},{""id"":99612,""pun"":""Passer ses vacances en altitude, c'est un sommet de bonheur."",""run"":""gemini""},{""id"":11760,""pun"":""La montagne, c'est génial : on s'y sent tout de suite grand-air."",""run"":""gemini""}]"
1784	"[{""id"":31958,""pun"":""Pourquoi les menuisiers ne sont-ils jamais stressés ? Parce qu'ils savent garder leur sang-froid devant une bille de bois."",""run"":""gemini""},{""id"":89604,""pun"":""Si ta colonne est raide, c'est que tu as trop de nœuds dans ton bois."",""run"":""gemini""},{""id"":44010,""pun"":""Le kiné m'a dit que mon dos était tellement dur qu'il allait appeler un ébéniste pour mon disque."",""run"":""gemini""},{""id"":23077,""pun"":""On m'a dit que mon dos était rigide comme une poutre, c'est un diagnostic très solive."",""run"":""gemini""},{""id"":89878,""pun"":""Avoir mal aux vertèbres en Range Rover, c'est le comble du dos-Land."",""run"":""gemini""},{""id"":36516,""pun"":""L'ostéopathe a dit que ma colonne était en bois : j'ai les vertèbres en chêne."",""run"":""gemini""},{""id"":83602,""pun"":""Il a une scoliose tellement forte qu'on dirait un escalier en colimaçon : c'est un vrai travail de menuiserie."",""run"":""gemini""},{""id"":92422,""pun"":""J'ai une vertèbre en moins, je suis un homme de peu de moelle."",""run"":""gemini""},{""id"":13207,""pun"":""Un menuisier mal en point, c'est un homme qui a le dos au mur... ou en planche."",""run"":""gemini""},{""id"":91398,""pun"":""Il s'est coincé les lombaires en fabriquant un lit, il a maintenant un dos d'âne."",""run"":""gemini""},{""id"":32752,""pun"":""Si vous avez mal au dos en travaillant le bois, c'est peut-être un problème de sciatique."",""run"":""gemini""},{""id"":89156,""pun"":""Le menuisier souffrait du dos car il avait une mauvaise charpente."",""run"":""gemini""}]"
1785	"[{""id"":43733,""pun"":""Si ta tante vit dans une colonie, c'est une tante-hill."",""run"":""gemini""},{""id"":17475,""pun"":""Pourquoi les fourmis ne sont jamais seules ? Parce qu'elles ont toujours des tantes."",""run"":""gemini""},{""id"":88929,""pun"":""Ton oncle a épousé une ouvrière du bâtiment ? C'est une charpen-tante."",""run"":""gemini""},{""id"":10580,""pun"":""Comment appelle-t-on une colonie de sœurs ? Une fourmillière de tantes."",""run"":""gemini""},{""id"":17995,""pun"":""Une fourmi qui garde tes enfants, c'est une tatan-fourmi."",""run"":""gemini""},{""id"":42418,""pun"":""Si les sœurs de ton père travaillent le métal, on dit qu'elles sont forger-tantes."",""run"":""gemini""},{""id"":84487,""pun"":""Comment appelle-t-on une fourmi qui a beaucoup de neveux ? Une fourmi-tante."",""run"":""gemini""},{""id"":55628,""pun"":""Une fourmi qui se marie avec le frère de ton père devient une tante-atout."",""run"":""gemini""},{""id"":50436,""pun"":""Les fourmis ouvrières détestent la pluie car ça les rend dé-tantes."",""run"":""gemini""},{""id"":25293,""pun"":""Quelle est la fourmi la plus sage ? La fourmi-mi-famille."",""run"":""gemini""},{""id"":52203,""pun"":""Quel est l'insecte qui connaît le mieux la famille de ton père ? La tante-fourmi."",""run"":""gemini""},{""id"":99367,""pun"":""Le digne héritier de la fourmi ouvrière, c'est le cousin-travailleur."",""run"":""gemini""}]"
1786	"[{""id"":94808,""pun"":""Si vous attendez que la chance vous sourit, vérifiez si elle a encore toutes ses dents."",""run"":""gemini""},{""id"":99111,""pun"":""On m'a dit de ne pas trop m'attacher à mes vêtements, mais mes boutons ne sont pas d'accord."",""run"":""gemini""},{""id"":18158,""pun"":""Si vous attendez que la mayonnaise prenne, ne la laissez pas s'enfuir avec les œufs."",""run"":""gemini""},{""id"":84531,""pun"":""Si vous attendez un signe du destin, regardez les panneaux, c'est souvent écrit 'Stop'."",""run"":""gemini""},{""id"":46787,""pun"":""Si vous attendez d'être sur la même longueur d'onde, achetez-vous une radio."",""run"":""gemini""},{""id"":89348,""pun"":""Il attendait que le courant passe, puis il a fini par payer sa facture d'électricité."",""run"":""gemini""},{""id"":85882,""pun"":""Ceux qui attendent que l'avenir soit radieux devraient d'abord changer leur ampoule."",""run"":""gemini""},{""id"":78540,""pun"":""J'attendais un signe de vie, mais le croque-mort n'avait pas l'air pressé."",""run"":""gemini""},{""id"":59885,""pun"":""Pour ceux qui attendent que la situation se débloque, essayez déjà avec vos freins."",""run"":""gemini""},{""id"":78159,""pun"":""Il attendait que les choses rentrent dans l'ordre, mais son appartement était trop petit."",""run"":""gemini""},{""id"":84163,""pun"":""Si vous attendez que le vent tourne, commencez par celui de votre veste."",""run"":""gemini""},{""id"":54774,""pun"":""J'attendais un déclic pour me mettre au travail, mais mon appareil photo est déchargé."",""run"":""gemini""}]"
1787	"[{""id"":79902,""pun"":""Demander un signe à Dieu, c'est comme attendre un SMS sans réseau : on finit par lire les étiquettes de shampoing."",""run"":""gemini""},{""id"":55855,""pun"":""Je priais pour un miracle et j'ai vu un panneau 'Sens Interdit'. Je pense que Dieu veut que je fasse demi-tour dans ma vie."",""run"":""gemini""},{""id"":67114,""pun"":""On m'a dit que Dieu était partout, alors j'ai cherché dans le panneau publicitaire. C'était une révélation de 4 par 3."",""run"":""gemini""},{""id"":50152,""pun"":""J'ai demandé un signe au ciel, mais j'ai seulement reçu un cygne. C'était un peu trop emplumé pour un miracle."",""run"":""gemini""},{""id"":60088,""pun"":""Si Dieu nous envoie des signes, il doit avoir un sacré budget en affichage extérieur."",""run"":""gemini""},{""id"":20119,""pun"":""Si vous cherchez un signe de Dieu, cherchez-le dans un dictionnaire : c'est juste entre 'shampoing' et 'silence'."",""run"":""gemini""},{""id"":74882,""pun"":""Dieu envoie souvent des messages, mais pour se détendre, il préfère sans doute les massages divins."",""run"":""gemini""},{""id"":82556,""pun"":""Il cherchait un signe de croix, il a fini par trouver une affiche pour une promotion chez Lacoste."",""run"":""gemini""},{""id"":20410,""pun"":""Un aveugle qui demande un signe de Dieu, c'est ce qu'on appelle une foi aveugle sans mode d'emploi."",""run"":""gemini""},{""id"":23092,""pun"":""J'ai croisé un prophète avec une pancarte. Il ne donnait pas de messages, il faisait de la pub pour l'au-delà."",""run"":""gemini""},{""id"":54654,""pun"":""J'ai vu une lumière au bout du tunnel, mais c'était juste le panneau 'Sortie de Secours' de Dieu."",""run"":""gemini""},{""id"":94388,""pun"":""Dieu ne laisse pas de messages sur le répondeur, il préfère l'écriture inclusive sur les nuages."",""run"":""gemini""}]"
1788	"[{""id"":80023,""pun"":""Galilée n'a jamais cédé, il avait la Terre ferme."",""run"":""gemini""},{""id"":18062,""pun"":""Le procès de Galilée a vraiment fait bouger les lignes."",""run"":""gemini""},{""id"":48420,""pun"":""En astronomie, on ne dit pas qu'on pleure, on dit qu'on est en phase orbitale."",""run"":""gemini""},{""id"":73477,""pun"":""Galilée était un homme de mouvement, il ne supportait pas de rester en révolution."",""run"":""gemini""},{""id"":79966,""pun"":""Newton a compris la gravité de la situation en recevant une pomme."",""run"":""gemini""},{""id"":41179,""pun"":""Il seut muove, dit Galilée d'un ton rotatif."",""run"":""gemini""},{""id"":57653,""pun"":""La rotation de la Terre, c'est une histoire qui tourne en rond."",""run"":""gemini""},{""id"":25019,""pun"":""L'astronome qui a perdu son travail a fini au chômage technique, faute d'espace."",""run"":""gemini""},{""id"":10581,""pun"":""Quand la Terre tourne, elle ne perd pas le Nord, elle fait juste de l'effet."",""run"":""gemini""},{""id"":63676,""pun"":""Galilée, après avoir été condamné, s'est senti un peu tourneboulé."",""run"":""gemini""},{""id"":91447,""pun"":""Galilée disait toujours la vérité, même si elle était parfois un peu dure à suivre."",""run"":""gemini""},{""id"":91078,""pun"":""Les physiciens sont des gens émotifs : ils partent au quart de tour."",""run"":""gemini""}]"
1789	"[{""id"":58795,""pun"":""Un contrat de mariage, c'est l'union des thèses pour éviter les hypothèses."",""run"":""gemini""},{""id"":62907,""pun"":""On m'a traité comme un moins que rien durant la signature du traité."",""run"":""gemini""},{""id"":32889,""pun"":""Une entente cordiale, c'est quand on ne finit pas sur la corde raide."",""run"":""gemini""},{""id"":70865,""pun"":""Le diplomate a été utilisé sans aucune utilité."",""run"":""gemini""},{""id"":54715,""pun"":""Le diplomate a pris la porte car il n'arrivait pas à ouvrir le dialogue."",""run"":""gemini""},{""id"":69340,""pun"":""Le ministre n'a pas signé le pacte, il a préféré garder son impact."",""run"":""gemini""},{""id"":20533,""pun"":""Il a traité les négociations par-dessus la jambe, sacré traitement."",""run"":""gemini""},{""id"":18237,""pun"":""C'est un accord qui ne m'a pas du tout mis d'accord."",""run"":""gemini""},{""id"":20880,""pun"":""Si le contrat de gaz est rompu, l'ambiance sera plus que froide."",""run"":""gemini""},{""id"":77184,""pun"":""On a trop d'actions mais on n'axons pas sur l'essentiel."",""run"":""gemini""},{""id"":50436,""pun"":""Le diplomate est resté muet car il n'avait aucun mot-clé pour le pacte."",""run"":""gemini""},{""id"":31876,""pun"":""À force de négocier le prix du pain, on finit dans la pétrin."",""run"":""gemini""}]"
1790	"[{""id"":36065,""pun"":""L'infirmière est très nerveuse, elle a toujours les nerfs à vif, surtout quand elle fait des piqûres."",""run"":""gemini""},{""id"":74809,""pun"":""Il est si lent pour guérir que son médecin l'appelle son patient le plus impatiente."",""run"":""gemini""},{""id"":11916,""pun"":""Le squelette ne voulait pas aller chez le médecin car il n'avait pas de bile à se faire."",""run"":""gemini""},{""id"":26512,""pun"":""Quand un électricien va à l'hôpital, c'est souvent pour une remise en tension."",""run"":""gemini""},{""id"":16928,""pun"":""Le docteur m'a dit de suivre mon traitement de près, alors j'ai dormi avec ma boîte de cachets."",""run"":""gemini""},{""id"":97171,""pun"":""On a dû opérer le magicien : il a perdu ses facultés et l'hôpital n'aime pas les pertes de tours."",""run"":""gemini""},{""id"":27812,""pun"":""Le chirurgien était tellement mauvais qu'il se trompait de bloc, c'était une erreur de quartier."",""run"":""gemini""},{""id"":38482,""pun"":""Mon rhume est une affaire de famille, c'est un héritage qui se transmet de nez en nez."",""run"":""gemini""},{""id"":48876,""pun"":""Un médecin qui soigne des aveugles est-il un homme de vue ?"",""run"":""gemini""},{""id"":26492,""pun"":""Il ne prend jamais ses médicaments, il préfère rester dans son état brut."",""run"":""gemini""},{""id"":93912,""pun"":""À l'hôpital, les radiologues sont les plus honnêtes : on voit tout de suite ce qu'ils ont dans le ventre."",""run"":""gemini""},{""id"":41486,""pun"":""Mon oncle a une santé de fer, c'est pour ça qu'il rouille à chaque fois qu'il pleut."",""run"":""gemini""}]"
1791	"[{""id"":96272,""pun"":""C'est dur d'être magicien, on n'a jamais un lapin d'avance."",""run"":""gemini""},{""id"":37623,""pun"":""Le magicien a été arrêté : il avait trop de tours dans son sac à main."",""run"":""gemini""},{""id"":31285,""pun"":""Un magicien qui conduit mal, c'est quelqu'un qui perd la main."",""run"":""gemini""},{""id"":34723,""pun"":""Les magiciens ne sont jamais malades, ils ont une santé de fer de lance."",""run"":""gemini""},{""id"":66171,""pun"":""Un prestidigitateur qui rate son tour finit souvent dans de beaux draps, surtout s'il fait de la lévitation."",""run"":""gemini""},{""id"":63086,""pun"":""La vie de magicien est précaire, c'est souvent de la poudre de perlimpinpin sur les yeux."",""run"":""gemini""},{""id"":80683,""pun"":""Les magiciens préfèrent l'avion, ils adorent les vols de cartes."",""run"":""gemini""},{""id"":16739,""pun"":""Pourquoi les magiciens sont-ils nuls en sport? Parce qu'ils font toujours des faux-départs de cartes."",""run"":""gemini""},{""id"":22840,""pun"":""Les magiciens ont toujours des problèmes de couple, ils font tout disparaître sauf les dettes."",""run"":""gemini""},{""id"":67114,""pun"":""Un illusionniste en colère, c'est quelqu'un qui sort de ses grands chevaux de bois."",""run"":""gemini""},{""id"":79780,""pun"":""Quand un magicien se trompe d'étage, il fait une erreur d'illusion."",""run"":""gemini""},{""id"":23088,""pun"":""Les illusionnistes sont très fiers : ils ont toujours un tour d'avance sur le mépris."",""run"":""gemini""}]"
1792	"[{""id"":63812,""pun"":""J'ai acheté un bateau en kit : c'est un import-n'importe quoi."",""run"":""gemini""},{""id"":17416,""pun"":""Quand deux ports se rencontrent, ils discutent de leur connexion."",""run"":""gemini""},{""id"":21159,""pun"":""Le navire était si vieux que son seul terminal, c'était l'hôpital."",""run"":""gemini""},{""id"":29856,""pun"":""Au port, la brise est toujours de prise."",""run"":""gemini""},{""id"":79691,""pun"":""Un informaticien qui va au port, c'est pour brancher son navire en USB (Un Super Bateau)."",""run"":""gemini""},{""id"":86816,""pun"":""Un cargo plein de disques durs, c'est un transfert de données massives."",""run"":""gemini""},{""id"":54045,""pun"":""Le bateau était chargé de laine, il a fini par friser le quai."",""run"":""gemini""},{""id"":30974,""pun"":""Il ne faut pas pousser mémé dans les orties, mais on peut pousser le fret dans le rail."",""run"":""gemini""},{""id"":54986,""pun"":""Quel est le comble pour un marin ? Ne jamais être au courant car il n'a pas trouvé la prise."",""run"":""gemini""},{""id"":81852,""pun"":""Pourquoi les marins n'aiment pas l'informatique ? Parce qu'ils ont peur de perdre leurs données en mer."",""run"":""gemini""},{""id"":19026,""pun"":""Import, export, et si tu bois trop au quai, tu perds le nord."",""run"":""gemini""},{""id"":31648,""pun"":""Mon navire est très technologique : il a un port de salut intégré."",""run"":""gemini""}]"
1793	"[{""id"":84770,""pun"":""On ne dit pas un citoyen de Dublin, on dit un Pat-ron."",""run"":""gemini""},{""id"":43519,""pun"":""Comment appelle-t-on un Irlandais qui fait du pain ? Un Pat-issier."",""run"":""gemini""},{""id"":84850,""pun"":""Les Irlandais sont très ouverts : ils ne ferment jamais la porte, ils la laissent toujours en Saint-Pa-trick."",""run"":""gemini""},{""id"":29399,""pun"":""Au rugby, quand un Irlandais marque, il ne court pas, il Pat-ine."",""run"":""gemini""},{""id"":59185,""pun"":""En Irlande, quand on pose une question, on a souvent une réponse Patrick-ulière."",""run"":""gemini""},{""id"":24674,""pun"":""En Irlande, pour réussir, il ne faut pas de la chance, il faut du Pat-rimoine."",""run"":""gemini""},{""id"":58249,""pun"":""Un Irlandais qui marche sur les mains, c'est un Pat-te en l'air."",""run"":""gemini""},{""id"":50329,""pun"":""En Irlande, pour ne pas se perdre, on utilise un Pat-ificateur GPS."",""run"":""gemini""},{""id"":97668,""pun"":""Si tu te disputes avec un Irlandais, attention à la Pat-atras !"",""run"":""gemini""},{""id"":56284,""pun"":""L'Irlande est un pays de droit, mais c'est surtout un pays de Pat-rie."",""run"":""gemini""},{""id"":42645,""pun"":""Un Irlandais qui dirige une entreprise, c'est un Pat-enaire de choix."",""run"":""gemini""},{""id"":99453,""pun"":""Pourquoi les Irlandais sont-ils toujours calmes ? Car ils ont beaucoup de Pat-ience."",""run"":""gemini""}]"
1794	"[{""id"":45388,""pun"":""Comment appelle-t-on le droit des extraterrestres à rester silencieux ? La loi du silence... radio."",""run"":""gemini""},{""id"":62485,""pun"":""Les petits gris ont été expulsés car ils étaient en situation d'irrégularité galactique."",""run"":""gemini""},{""id"":62515,""pun"":""Les martiens ont été déboutés de leur demande d'asile car ils n'avaient pas de racines terrestres."",""run"":""gemini""},{""id"":50714,""pun"":""Les Martiens n'ont pas survécu à notre système juridique : ils ont été terrassés par la loi de la pesanteur administrative."",""run"":""gemini""},{""id"":99951,""pun"":""Quand un Alien perd son procès contre l'humanité, c'est ce qu'on appelle un dommage colatéralien."",""run"":""gemini""},{""id"":30745,""pun"":""L'invasion a été annulée pour non-respect de la 'voie' lactée publique."",""run"":""gemini""},{""id"":46136,""pun"":""L'invasion martienne a échoué à cause d'un vice de forme : leur soucoupe n'était pas aux normes 'espace-temps'."",""run"":""gemini""},{""id"":36338,""pun"":""Les soucoupes volantes ont été saisies par les huissiers car elles manquaient de place de parking universel."",""run"":""gemini""},{""id"":45319,""pun"":""L'Alien a été acquitté par le juge car son crime n'était pas prémédité, il était juste tombé du ciel."",""run"":""gemini""},{""id"":89315,""pun"":""Pourquoi les extraterrestres ne vont-ils jamais au tribunal ? Parce qu'ils craignent les mandats d'amener... sur Terre."",""run"":""gemini""},{""id"":28146,""pun"":""Les envahisseurs ont perdu car ils n'avaient aucun droit inaliénable : ils n'étaient tout simplement pas de notre lignée."",""run"":""gemini""},{""id"":55354,""pun"":""L'attaque a tourné court quand l'envahisseur a réalisé que chez nous, la liberté de circuler est un droit de l'homme, pas du gnome vert."",""run"":""gemini""}]"
1795	"[{""id"":52608,""pun"":""Une baguette qui fait du théâtre, c'est quoi ? Une pièce de croûte."",""run"":""gemini""},{""id"":49846,""pun"":""Pourquoi les boulangers font-ils de bons acteurs ? Parce qu'ils savent bien rouler dans la farine."",""run"":""gemini""},{""id"":49726,""pun"":""Le boulanger a fini en prison parce qu'il vendait de la pâte à sel sans en avoir le droit."",""run"":""gemini""},{""id"":48231,""pun"":""Les croissants sont toujours stressés car ils sont toujours en forme de lune de miel."",""run"":""gemini""},{""id"":26660,""pun"":""Dans une boulangerie, c'est la brioche qui joue le meilleur rôti ? Non, elle préfère les rôles."",""run"":""gemini""},{""id"":49208,""pun"":""Je n'aime pas les blagues sur le pain, c'est toujours du réchauffé."",""run"":""gemini""},{""id"":65128,""pun"":""Les boulangers n'ont jamais fini leur travail car ils ont toujours du pain sur la planche."",""run"":""gemini""},{""id"":58506,""pun"":""Le blé est allé voir le psy parce qu'il se sentait un peu de la graine de génie."",""run"":""gemini""},{""id"":28736,""pun"":""S'ils ratent la cuisson, les boulangers ne cuiront plus rien d'autre cette année."",""run"":""gemini""},{""id"":57985,""pun"":""Les petits pains ne sont jamais tristes, car ils ont toujours la miche."",""run"":""gemini""},{""id"":40579,""pun"":""Un pain qui gagne un Oscar, c'est un pain de mie-scène."",""run"":""gemini""},{""id"":24992,""pun"":""On ne peut pas faire confiance au pain de mie, il est trop mou du genou."",""run"":""gemini""}]"
1796	"[{""id"":95302,""pun"":""Le recyclage, c'est le seul domaine où l'on est fier de tourner en rond."",""run"":""gemini""},{""id"":53493,""pun"":""En période de récession, le métier de ripeur est une valeur sûre : c'est un secteur qui ne manque pas d'ordures."",""run"":""gemini""},{""id"":64733,""pun"":""Les camions de collecte sont très polis : ils ramassent toujours ce que les autres laissent traîner."",""run"":""gemini""},{""id"":51038,""pun"":""Le patron de la déchetterie a fait fortune : il a toujours eu beaucoup de flair pour les bons restes."",""run"":""gemini""},{""id"":41231,""pun"":""Dans la gestion des déchets, on ne parle pas de croissance, mais de croyance : on croit toujours que ça va disparaître."",""run"":""gemini""},{""id"":42061,""pun"":""Travailler dans les ordures, c'est un métier d'avenir. On ne vous promet rien, mais le profit est au bout du tunnel."",""run"":""gemini""},{""id"":94467,""pun"":""Pourquoi les éboueurs font-ils toujours de gros bénéfices ? Parce qu'ils ont un sens inné de la décharge."",""run"":""gemini""},{""id"":27877,""pun"":""Les éboueurs sont les seuls à ne pas craindre la crise : ils savent que, tôt ou tard, les affaires vont ramasser."",""run"":""gemini""},{""id"":45769,""pun"":""Les éboueurs sont très sportifs : ils passent leur temps à faire du levage de coude... et de benne."",""run"":""gemini""},{""id"":19747,""pun"":""Un éboueur qui réussit, c'est quelqu'un qui a vraiment la bosse du tri."",""run"":""gemini""},{""id"":98017,""pun"":""On dit que les poubelles sont une mine d'or, mais c'est surtout une mine de rien."",""run"":""gemini""},{""id"":22763,""pun"":""L'économie est comme un camion-poubelle : quand ça recule, ça bipe pour prévenir tout le monde."",""run"":""gemini""}]"
1797	"[{""id"":84142,""pun"":""Le gagnant a eu droit à un triomphe romain, ou plutôt un triomphe de rouleaux."",""run"":""gemini""},{""id"":94458,""pun"":""Il a surfé si bien que le public a bu ses paroles comme de l'eau de mer."",""run"":""gemini""},{""id"":97151,""pun"":""Sa performance était salée, mais les critiques étaient sucrées."",""run"":""gemini""},{""id"":56423,""pun"":""Le surfeur a gagné car il était vraiment sur sa bonne vague d'applaudissements."",""run"":""gemini""},{""id"":20724,""pun"":""Les juges de surf ont tous eu un coup de foudre, c'était un vrai coup de marée."",""run"":""gemini""},{""id"":76878,""pun"":""Il a gagné la compétition haut la main, ou plutôt haut la lame."",""run"":""gemini""},{""id"":69740,""pun"":""Après sa victoire, le surfeur était aux anges, ou plutôt au septième ciel de traîne."",""run"":""gemini""},{""id"":75793,""pun"":""Le champion de surf est très modeste : il refuse de faire de larges vagues."",""run"":""gemini""},{""id"":32213,""pun"":""Un surfeur qui gagne, c'est un homme qui a enfin trouvé sa planche de salut."",""run"":""gemini""},{""id"":81745,""pun"":""Le surfeur victorieux a reçu une ovation : c'était le déferlement du succès."",""run"":""gemini""},{""id"":29025,""pun"":""On a demandé au surfeur son secret, il a répondu : C'est juste une question d'attitude, ou de latitude."",""run"":""gemini""},{""id"":75105,""pun"":""Le surfeur ne travaille jamais, il se laisse simplement porter par le courant."",""run"":""gemini""}]"
1798	"[{""id"":83898,""pun"":""Celui qui a volé l'escabeau est prié de le rendre, sinon nous passerons à l'échelon supérieur."",""run"":""gemini""},{""id"":76130,""pun"":""Sans nouvelles de notre échelle, nous serons obligés de prendre de la hauteur sur les sanctions."",""run"":""gemini""},{""id"":34638,""pun"":""Voler un escabeau au travail, c'est vraiment manquer de ressort pour grimper dans la hiérarchie."",""run"":""gemini""},{""id"":79428,""pun"":""Rendez l'escabeau ou nous devrons saisir la justice ; c'est une question de hautes sphères."",""run"":""gemini""},{""id"":75301,""pun"":""Merci de rapporter l'escabeau volé, car la situation commence à nous monter à la tête."",""run"":""gemini""},{""id"":49775,""pun"":""Pour celui qui a pris l'échelle : rendez-la avant que nous n'engagions une procédure de haut vol."",""run"":""gemini""},{""id"":79840,""pun"":""Rendez l'escabeau : l'enquête avance à grands pas, mais sans marches c'est difficile."",""run"":""gemini""},{""id"":23920,""pun"":""Si l'échelle ne revient pas, nous prendrons des dispositions au-dessus de tout soupçon."",""run"":""gemini""},{""id"":71383,""pun"":""L'employé qui a pris l'échelle doit la ramener, sinon la direction prendra des mesures de grande ampleur (de deux mètres environ)."",""run"":""gemini""},{""id"":35968,""pun"":""On a volé l'échelle du bureau : c'est un acte de bas étage."",""run"":""gemini""},{""id"":15544,""pun"":""Le voleur d'escabeau est prévenu : nous allons élever le débat."",""run"":""gemini""},{""id"":14139,""pun"":""Rapportez l'échelle, sinon nous devrons passer par des voies de recours très élevées."",""run"":""gemini""}]"
1799	"[{""id"":66583,""pun"":""Rendez l'échelle, sinon nous saisissons la justice pour que l'affaire ne reste pas en suspens."",""run"":""gemini""},{""id"":67602,""pun"":""Le vol de l'escabeau est un acte bas. Nous attendons un geste de haute importance."",""run"":""gemini""},{""id"":95678,""pun"":""Que celui qui a volé l'escabeau le ramène, sinon nous serons obligés de passer à l'action."",""run"":""gemini""},{""id"":23359,""pun"":""Si l'échelle ne revient pas, la direction va monter le ton."",""run"":""gemini""},{""id"":28305,""pun"":""Le voleur d'escalier est prévenu : la direction compte bien suivre cette affaire de près, marche après marche."",""run"":""gemini""},{""id"":69538,""pun"":""Pour l'escabeau disparu : merci de le rendre avant que les sanctions ne tombent de haut."",""run"":""gemini""},{""id"":25618,""pun"":""Rapporter l'échelle immédiatement, ou nous devrons prendre des mesures, et pas seulement pour la hauteur des plafonds."",""run"":""gemini""},{""id"":60283,""pun"":""L'employé qui a pris l'escabeau est prié de le rendre, sous peine de voir sa carrière stagner au premier échelon."",""run"":""gemini""},{""id"":44822,""pun"":""À celui qui a emprunté l'échelle : ramenez-la, car nous n'allons pas en rester là dans nos démarches."",""run"":""gemini""},{""id"":62654,""pun"":""Le voleur de l'échelle grimpe dans l'estime de personne ici."",""run"":""gemini""},{""id"":40992,""pun"":""On a volé l'échelle du bureau. C'est grave, les coupables risquent une peine d'ascension sociale réduite."",""run"":""gemini""},{""id"":68749,""pun"":""Celui qui a pris l'escabeau doit le rendre. On ne peut plus travailler à ce niveau."",""run"":""gemini""}]"
1800	"[{""id"":73542,""pun"":""En Égypte antique, les scribes apprenaient dès le 'berceau' à ne pas faire de 'roseaux' dans leurs dictées."",""run"":""gemini""},{""id"":67727,""pun"":""Pourquoi les papyrus travaillaient-ils dur ? Pour ne pas finir au 'pilon'."",""run"":""gemini""},{""id"":26999,""pun"":""Un égyptologue qui n'arrive pas à déchiffrer le papyrus a souvent un 'roseau' de tête."",""run"":""gemini""},{""id"":83559,""pun"":""Les récolteurs de plantes aquatiques lisaient beaucoup pour ne pas perdre le 'fil du Nil'."",""run"":""gemini""},{""id"":28171,""pun"":""Les écoliers du Nil préféraient les roseaux car ils étaient 'bien tournés'."",""run"":""gemini""},{""id"":47428,""pun"":""Le papyrus est la seule plante qui a de la 'lecture' dans les veines."",""run"":""gemini""},{""id"":61963,""pun"":""Un scribe qui manque de papier, c'est quelqu'un qui a vraiment 'un jonc' sur le cœur."",""run"":""gemini""},{""id"":16026,""pun"":""Les érudits de l'époque étaient très 'cultivés' : ils faisaient pousser des livres."",""run"":""gemini""},{""id"":88530,""pun"":""Pour les paysans égyptiens, la lecture était une question de 'vie ou de marais'."",""run"":""gemini""},{""id"":31785,""pun"":""Les paysans du Nil étaient obsédés par la tige : ils voulaient toujours avoir le dernier 'mot-marais'."",""run"":""gemini""},{""id"":44076,""pun"":""Quand un scribe fait une erreur, il 'botte en touche' avec ses roseaux."",""run"":""gemini""},{""id"":24233,""pun"":""Le métier de scribe était stressant : il fallait toujours garder son 'calme' (calame)."",""run"":""gemini""}]"
