id_en	shuffled_candidates_json
2701	"[{""id"":33250,""pun"":""Elle était la fille d'un électricien, et pourtant elle manquait toujours d'ampoules quand elle marchait trop longtemps."",""run"":""gemini""},{""id"":99077,""pun"":""C'est la fille de l'électricien qui refuse de porter des jupes : elle préfère les courts-circuits."",""run"":""gemini""},{""id"":33412,""pun"":""C'est une fille d'électricien très branchée, mais elle finit toujours par être au courant de tout le monde."",""run"":""gemini""},{""id"":71151,""pun"":""Fille d'électricien, elle ne sort qu'avec des gars qui ont un bon potentiel."",""run"":""gemini""},{""id"":51305,""pun"":""La fille de l'électricien ne fait jamais de ménage, car elle a horreur de passer les balais du moteur."",""run"":""gemini""},{""id"":73259,""pun"":""La fille de l'électricien est très directe : quand elle voit un beau mec, elle prend tout de suite le jus."",""run"":""gemini""},{""id"":33759,""pun"":""La fille de l'électricien a quitté son copain car il ne savait pas comment gérer sa résistance."",""run"":""gemini""},{""id"":84490,""pun"":""Fille d'électricien, elle a un caractère de terre : si tu la touches trop, on finit tous à la masse."",""run"":""gemini""},{""id"":41204,""pun"":""La fille de l'électricien a été recalée au permis car elle ne connaissait que la phase de test."",""run"":""gemini""},{""id"":43215,""pun"":""Elle est fille d'électricien, alors pour se détendre, elle lâche totalement prise."",""run"":""gemini""},{""id"":73615,""pun"":""En tant que fille d'électricien, elle a été choquée d'apprendre que son premier rendez-vous n'avait aucune étincelle."",""run"":""gemini""},{""id"":63311,""pun"":""C'est l'histoire de la fille d'un électricien : elle ne supportait pas les tensions, alors elle préférait péter les plombs."",""run"":""gemini""}]"
2702	"[{""id"":46184,""pun"":""C'est la fille d'un électricien, elle n'est jamais à la masse."",""run"":""gemini""},{""id"":23035,""pun"":""Elle est la fille d'un électricien, elle dépasse toujours les bornes."",""run"":""gemini""},{""id"":39489,""pun"":""C'est la fille d'un électricien, elle a fini par péter un plomb."",""run"":""gemini""},{""id"":71558,""pun"":""La fille de l'électricien ne manque pas de jus."",""run"":""gemini""},{""id"":95101,""pun"":""La fille de l'électricien a des branchements partout en ville."",""run"":""gemini""},{""id"":53217,""pun"":""Elle est la fille d'un électricien, elle a un très bon contact."",""run"":""gemini""},{""id"":72114,""pun"":""La fille de l'électricien est très tendue ces derniers temps."",""run"":""gemini""},{""id"":27757,""pun"":""La fille de l'électricien a beaucoup de fils à retordre."",""run"":""gemini""},{""id"":20439,""pun"":""C'est la fille d'un électricien, elle a besoin qu'on la branche."",""run"":""gemini""},{""id"":70798,""pun"":""Elle est la fille d'un électricien, elle s'est fait tout un court-circuit."",""run"":""gemini""},{""id"":28947,""pun"":""C'est la fille d'un électricien, elle est toujours au courant de tout."",""run"":""gemini""},{""id"":73357,""pun"":""La fille de l'électricien est une vraie lumière."",""run"":""gemini""}]"
2703	"[{""id"":76258,""pun"":""Il était électricien, mais son fils ne voulait pas prendre le relais."",""run"":""gemini""},{""id"":59499,""pun"":""Elle était la fille d'un électricien, alors elle a été élevée à la baguette de soudure."",""run"":""gemini""},{""id"":56146,""pun"":""L'électricien a été viré car sa conduite était trop isolante."",""run"":""gemini""},{""id"":73592,""pun"":""Un électricien ne meurt jamais, il perd juste le contact."",""run"":""gemini""},{""id"":42064,""pun"":""C'était la fille d'un électricien, mais elle n'était pas très au courant."",""run"":""gemini""},{""id"":30516,""pun"":""C'était la fille d'un électricien, elle avait toujours une ampoule au pied."",""run"":""gemini""},{""id"":94513,""pun"":""La fille de l'électricien a fini en prison car elle a piqué un phare."",""run"":""gemini""},{""id"":32392,""pun"":""Elle était la fille d'un électricien, et elle avait un caractère très versatile, bref elle était en courant alternatif."",""run"":""gemini""},{""id"":24751,""pun"":""Elle était la fille d'un électricien, mais elle a fini par péter un plomb."",""run"":""gemini""},{""id"":70511,""pun"":""La fille de l'électricien était très branchée, mais elle manquait de tension."",""run"":""gemini""},{""id"":76429,""pun"":""C'est l'histoire d'un électricien qui a eu un coup de foudre."",""run"":""gemini""},{""id"":28790,""pun"":""C'était une famille d'électriciens, ils vivaient tous en vase clôture."",""run"":""gemini""}]"
2704	"[{""id"":88093,""pun"":""C'était la fille d'un liftier, elle ne pensait qu'à sa propre descente."",""run"":""gemini""},{""id"":76913,""pun"":""Fille de liftier, elle est très directe : elle vous dit tout de suite si vous n'êtes pas à son niveau."",""run"":""gemini""},{""id"":59127,""pun"":""Fille de liftier, elle aimait quand les choses allaient de bas en haut, mais surtout de bas."",""run"":""gemini""},{""id"":57425,""pun"":""C'est la fille d'un ascensoriste, elle adore quand on lui fait faire le grand saut au sous-sol."",""run"":""gemini""},{""id"":62248,""pun"":""C'est la fille d'un liftier, elle a l'habitude de se taper des barres... de fer."",""run"":""gemini""},{""id"":78966,""pun"":""En tant que fille de liftier, elle sait que pour monter au septième ciel, il faut d'abord descendre."",""run"":""gemini""},{""id"":38104,""pun"":""Fille de liftier, elle n'aime pas les échelles, elle préfère quand ça glisse tout seul."",""run"":""gemini""},{""id"":45571,""pun"":""La fille du liftier ne supporte pas les longs préliminaires, elle veut qu'on appuie sur le bouton tout de suite."",""run"":""gemini""},{""id"":35032,""pun"":""La fille du liftier cherchait l'amour, mais elle n'a trouvé que des va-et-vient."",""run"":""gemini""},{""id"":20704,""pun"":""Fille de liftier, elle ne connaît pas la panne, juste les arrêts fréquents à chaque étage."",""run"":""gemini""},{""id"":92395,""pun"":""Elle était la fille du liftier, elle avait déjà touché le fond."",""run"":""gemini""},{""id"":23488,""pun"":""Elle était fille de liftier : avec elle, l'ascenseur social passait toujours par la chambre."",""run"":""gemini""}]"
2705	"[{""id"":36439,""pun"":""La fille du fermier est une vraie pro de la récolte : elle ramasse toujours toutes les pelles."",""run"":""gemini""},{""id"":90779,""pun"":""C'est une fille de céréalier : elle a toujours un bon plan pour se faire dégommer l'épi."",""run"":""gemini""},{""id"":51100,""pun"":""La fille du maraîcher est très fertile : elle a toujours un poireau au bout du tunnel."",""run"":""gemini""},{""id"":51588,""pun"":""Elle était fille d'agriculteur, mais elle préférait nettement semer la zizanie."",""run"":""gemini""},{""id"":49487,""pun"":""Elle est fille de fermier mais adore la biologie : son domaine, c'est l'insémination à la main."",""run"":""gemini""},{""id"":69490,""pun"":""La fille du jardinier est très douée pour la fertilité : elle connaît tous les terreaux-médias."",""run"":""gemini""},{""id"":30898,""pun"":""La fille du meunier est très fertile : elle a toujours un grain dans la tête et un mec dans son lit."",""run"":""gemini""},{""id"":99883,""pun"":""C'est l'histoire d'une fille de fermier : elle n'avait pas beaucoup de croissance, mais énormément de croyance en ses capacités de reproduction."",""run"":""gemini""},{""id"":39025,""pun"":""En tant que fille de vigneron, elle n'est jamais pressée, sauf quand il s'agit de passer à l'acte."",""run"":""gemini""},{""id"":83206,""pun"":""Elle aimait tellement l'agriculture qu'elle a fini par épouser un thon pour avoir de l'engrais de mer."",""run"":""gemini""},{""id"":93962,""pun"":""C'était une fille de la campagne, experte en labour : elle passait son temps à retourner les hommes."",""run"":""gemini""},{""id"":58843,""pun"":""Elle était fille de paysan, mais elle savait très bien comment tirer son grain de sel."",""run"":""gemini""}]"
2706	"[{""id"":71441,""pun"":""La petite du meunier a toujours aimé avoir le sac sur le dos."",""run"":""gemini""},{""id"":10933,""pun"":""Elle n'était peut-être pas lettrée, mais ses rapports avec le fermier n'avaient rien de textuel : c'était purement sexuel."",""run"":""gemini""},{""id"":57867,""pun"":""Fille de paysan, elle s'y connaissait en bêtes à cornes, surtout les maris de ses amies."",""run"":""gemini""},{""id"":44859,""pun"":""Elle n'était que la fille du jardinier, mais elle connaissait le manche par cœur."",""run"":""gemini""},{""id"":64837,""pun"":""Fille de maraîcher, elle aimait qu'on lui cultive son petit jardin secret."",""run"":""gemini""},{""id"":96145,""pun"":""Cette fermière est très portée sur la chose, elle adore quand on lui bourre le mou."",""run"":""gemini""},{""id"":43355,""pun"":""C'était une fille de ferme très active, surtout pour la semence."",""run"":""gemini""},{""id"":35340,""pun"":""Elle était fille de paysan, mais préférait le corps de ferme à l'esprit de famille."",""run"":""gemini""},{""id"":52118,""pun"":""Elle travaillait dur à la vigne, car elle aimait quand le raisin tâchait son tablier."",""run"":""gemini""},{""id"":47554,""pun"":""La fille du vigneron est une vraie sainte : elle finit toujours sur les grappes."",""run"":""gemini""},{""id"":84331,""pun"":""C'était une fille de la campagne, elle aimait quand le laboureur y mettait tout son soc."",""run"":""gemini""},{""id"":99947,""pun"":""La fille du fermier est une excellente hercheuse, elle a l'habitude de se faire traîner dans les champs."",""run"":""gemini""}]"
2707	"[{""id"":91694,""pun"":""Elle voulait suivre les traces de son père pompier, mais ses excuses pour son retard étaient trop fumeuses."",""run"":""gemini""},{""id"":84048,""pun"":""C'est la fille du capitaine des pompiers : elle a le feu au derrière."",""run"":""gemini""},{""id"":33929,""pun"":""Elle descend d'une lignée de pompiers, mais elle n'est pas très brillante, elle est plutôt un peu éteinte."",""run"":""gemini""},{""id"":75115,""pun"":""La fille du pompier est très instable : une vraie tête brûlée."",""run"":""gemini""},{""id"":73334,""pun"":""Fille de pompier ou pas, avec son caractère, elle va droit au brasier."",""run"":""gemini""},{""id"":44892,""pun"":""C'est la fille d'un pompier : elle a un tempérament de feu, mais ses idées sont souvent fumeuses."",""run"":""gemini""},{""id"":96673,""pun"":""Quand la fille du pompier s'énerve, elle n'est plus fumeuse, elle est carrément furieuse."",""run"":""gemini""},{""id"":69283,""pun"":""La fille du pompier ne supporte pas l'été : à la moindre chaleur, elle devient une vraie râleuse."",""run"":""gemini""},{""id"":90860,""pun"":""La fille du pompier est une vraie calamité : quand elle arrive, c'est l'enfer."",""run"":""gemini""},{""id"":99462,""pun"":""Elle est fille de pompier, mais elle mène une vie de bâton de chaise... ou plutôt de bâton d'encens."",""run"":""gemini""},{""id"":94451,""pun"":""Elle est peut-être fille de soldat du feu, mais elle finit toujours par se brûler les ailes."",""run"":""gemini""},{""id"":92293,""pun"":""Elle est la fille d'un grand pompier, pourtant elle passe son temps à jeter de l'huile sur le feu."",""run"":""gemini""}]"
2708	"[{""id"":86356,""pun"":""C'est la fille d'un vendeur de cerises, mais elle n'en a jamais marre de ramener sa fraise."",""run"":""gemini""},{""id"":34842,""pun"":""La fille du marchand de fruits est une vraie poire : elle croit tout ce qu'on lui raconte."",""run"":""gemini""},{""id"":93318,""pun"":""Elle était la fille d'un maraîcher : une vraie pomme d'amour, toujours prête à tomber du pommier."",""run"":""gemini""},{""id"":50024,""pun"":""Elle est la fille d'un forgeron, et pourtant, elle ne s'est pas forcée pour être aussi belle."",""run"":""gemini""},{""id"":93454,""pun"":""C'était la fille d'un marchand de fruits, mais quelle pêche d'enfer !"",""run"":""gemini""},{""id"":12302,""pun"":""Fille de fruitier, elle est devenue avocate pour défendre les pépins de sa famille."",""run"":""gemini""},{""id"":72650,""pun"":""En tant que fille de primeur, elle sait que pour plaire, il ne faut pas qu'on lui compte des salades."",""run"":""gemini""},{""id"":85022,""pun"":""Elle est la fille d'un marchand de jus, car elle a vraiment du nectar dans la peau."",""run"":""gemini""},{""id"":64924,""pun"":""C'est la fille d'un producteur de dattes, mais elle n'a jamais de rendez-vous."",""run"":""gemini""},{""id"":82386,""pun"":""C'était la fille d'un agrumiculteur, elle avait un quartier libre tous les soirs."",""run"":""gemini""},{""id"":85832,""pun"":""C'est la fille d'un arboriculteur, alors forcément, elle a un grain de beauté."",""run"":""gemini""},{""id"":79914,""pun"":""La fille du maraîcher a fini par se marier : elle a enfin trouvé sa moitié d'orange."",""run"":""gemini""}]"
2709	"[{""id"":27778,""pun"":""Elle vendait des fruits, mais tout le monde venait pour ses poires, sans se rendre compte que c'étaient eux les poires."",""run"":""gemini""},{""id"":86016,""pun"":""La pâtissière adorait les chevaux : quand son gâteau partait au galop, elle disait que c'était une tarte au trot."",""run"":""gemini""},{""id"":32831,""pun"":""Cette marchande de fruits est vraiment incroyable, dès qu'elle te voit, elle te ramène sa fraise."",""run"":""gemini""},{""id"":40511,""pun"":""Elle sortait avec un lapin de Pâques qui lui offrait des packs de chocolat pour qu'elle reste en forme de cloche."",""run"":""gemini""},{""id"":37372,""pun"":""La fille du marchand de légumes était très intimidante, elle n'avait jamais les jetons, mais toujours les oignons."",""run"":""gemini""},{""id"":15795,""pun"":""C'est l'histoire d'un poissonnier qui a pété un câble car il ne trouvait plus de thon à son goût."",""run"":""gemini""},{""id"":87955,""pun"":""Elle était si belle que même les avocats au marché prenaient sa défense."",""run"":""gemini""},{""id"":70659,""pun"":""En tant que fille du primeur, on peut dire qu'elle avait une sacrée pêche, même si elle se fendait souvent la poire."",""run"":""gemini""},{""id"":37104,""pun"":""C'était la fille du maraîcher, mais on voyait tout de suite qu'elle avait pas mal de bouteille et surtout de très bons melons."",""run"":""gemini""},{""id"":69983,""pun"":""Le boucher a été viré parce qu'il n'était pas assez tendre avec ses clientes."",""run"":""gemini""},{""id"":12832,""pun"":""La vendeuse de citrons était toujours de mauvaise humeur, elle était vraiment pressée de finir sa journée."",""run"":""gemini""},{""id"":72626,""pun"":""Un jardinier qui ne trouve pas de travail, c'est un homme qui n'a plus de blé."",""run"":""gemini""}]"
2710	"[{""id"":18702,""pun"":""Pourquoi les jardiniers ne sont-ils jamais seuls ? Parce qu'ils ont toujours un potager."",""run"":""gemini""},{""id"":96566,""pun"":""Un avocat qui devient jardinier, c'est quelqu'un qui finit par planter ses propres procès."",""run"":""gemini""},{""id"":94557,""pun"":""Le jardinier a été plaqué : il a pris un râteau en pleine poire."",""run"":""gemini""},{""id"":51567,""pun"":""C'est l'histoire d'une fille de jardinier, elle a pris tellement de râteaux qu'elle pourrait ouvrir un magasin d'outillages."",""run"":""gemini""},{""id"":94091,""pun"":""Un jardinier qui bégaye, c'est quelqu'un qui a la bêche dans la gorge."",""run"":""gemini""},{""id"":49233,""pun"":""Le jardinier a rompu car il n'avait plus de feuilles de route."",""run"":""gemini""},{""id"":73274,""pun"":""Ma copine est botaniste, elle me pose toujours des lapins, mais jamais de carottes."",""run"":""gemini""},{""id"":18415,""pun"":""Elle lisait tellement au lit qu'on l'appelait la femme livre, mais au fond, elle voulait juste être libre."",""run"":""gemini""},{""id"":25109,""pun"":""Le libertin qui travaillait au jardin était un vrai râteau de bibliothèque."",""run"":""gemini""},{""id"":68067,""pun"":""Elle sort avec un jardinier car il sait comment cultiver son envie."",""run"":""gemini""},{""id"":56458,""pun"":""Elle aimait les mauvais garçons au jardin : elle avait un faible pour les graines de voyous."",""run"":""gemini""},{""id"":45458,""pun"":""Le jardinier n'est jamais stressé, il a toujours la main verte et le sang-froid-fraise."",""run"":""gemini""}]"
2711	"[{""id"":57764,""pun"":""Fils de vitrier, il aimait la musique, surtout quand elle avait un bon cadre."",""run"":""gemini""},{""id"":58889,""pun"":""Elle était vitrière, mais elle a fini par se briser car elle était trop fragile."",""run"":""gemini""},{""id"":81067,""pun"":""Le vitrier a été licencié car il n'avait aucune perspective d'avenir."",""run"":""gemini""},{""id"":59317,""pun"":""Le vitrier amoureux ne manque jamais d'éclats de rire."",""run"":""gemini""},{""id"":37341,""pun"":""Les vitriers ne font jamais de grèves, ils préfèrent rester sur le carreau."",""run"":""gemini""},{""id"":12759,""pun"":""Le vitrier est un homme sans filtre : on voit tout de suite à travers son jeu."",""run"":""gemini""},{""id"":13054,""pun"":""Elle était la fille du vitrier, mais elle aimait surtout qu'on l'admire pour son beau vitrage."",""run"":""gemini""},{""id"":38739,""pun"":""Ma copine est fille de vitrier : quand elle me quitte, c'est toujours un déchirement, mais au moins c'est clair."",""run"":""gemini""},{""id"":33783,""pun"":""Le vitrier a raté son examen : il a été recalé pour manque de reflet."",""run"":""gemini""},{""id"":35677,""pun"":""Elle était fille de vitrier, mais elle passait son temps à poser des lapins à travers la vitre."",""run"":""gemini""},{""id"":47019,""pun"":""Un vitrier qui travaille trop finit toujours par être transparent sur ses intentions."",""run"":""gemini""},{""id"":45842,""pun"":""C'est l'histoire d'un vitrier qui a eu un accident : il a fini au plus mal, car il s'est brisé le carreau."",""run"":""gemini""}]"
2712	"[{""id"":13497,""pun"":""Fille de Globe-trotter : elle a beaucoup voyagé, mais surtout de main en main."",""run"":""gemini""},{""id"":34292,""pun"":""Elle est la fille d'un cartographe, elle se laisse facilement tirer le plan."",""run"":""gemini""},{""id"":47787,""pun"":""Elle était fille de marin, elle a fini par jeter l'ancre partout."",""run"":""gemini""},{""id"":55216,""pun"":""Elle est la fille d'un steward, elle connaît tous les passages."",""run"":""gemini""},{""id"":10161,""pun"":""Elle était la fille d'un routier, on dit qu'elle s'est fait tout le réseau."",""run"":""gemini""},{""id"":22766,""pun"":""Elle était la fille d'un pilote, elle a souvent eu des problèmes d'atterrissage."",""run"":""gemini""},{""id"":24584,""pun"":""C'était la fille d'un grand explorateur, elle a fini par faire le tour de la question."",""run"":""gemini""},{""id"":78243,""pun"":""C'est la fille d'un aiguilleur, elle ne sait jamais sur quelle voie s'engager."",""run"":""gemini""},{""id"":46964,""pun"":""C'est la fille d'un grand voyageur, elle a un sérieux problème de bagages."",""run"":""gemini""},{""id"":27253,""pun"":""Elle est la fille d'un guide Michelin, elle a déjà visité toutes les bonnes adresses."",""run"":""gemini""},{""id"":83044,""pun"":""C'était la fille d'un célèbre navigateur, mais elle a fini par prendre l'eau."",""run"":""gemini""},{""id"":34388,""pun"":""C'est la fille d'un chauffeur de bus, elle se laisse facilement conduire."",""run"":""gemini""}]"
2713	"[{""id"":11789,""pun"":""Elle est fille de facteur, mais elle a perdu son adresse."",""run"":""gemini""},{""id"":92822,""pun"":""Elle est mariée au préfet, mais elle n'est pas très départementale."",""run"":""gemini""},{""id"":66447,""pun"":""C'était la fille d'un ministre, mais dans quel État elle se trouvait !"",""run"":""gemini""},{""id"":16898,""pun"":""Le fils du poissonnier a pris la mouche car il n'avait pas de filet."",""run"":""gemini""},{""id"":14264,""pun"":""Le jardinier du palais n'a jamais su garder sa langue de bois."",""run"":""gemini""},{""id"":69284,""pun"":""Le fils du boulanger n'a pas inventé le fil à couper le beurre, mais quel pain il se prend !"",""run"":""gemini""},{""id"":27373,""pun"":""Elle est fille de diplomate, pourtant elle manque cruellement de tactique."",""run"":""gemini""},{""id"":97706,""pun"":""C'est la fille de l'opticien, elle a une vision très floue de son avenir."",""run"":""gemini""},{""id"":41570,""pun"":""La fille du vitrier n'a jamais été très claire sur ses intentions."",""run"":""gemini""},{""id"":88332,""pun"":""La fille du boucher a un cœur d'artichaut, mais elle ne manque pas de tripes."",""run"":""gemini""},{""id"":66580,""pun"":""Elle est la fille du juge, pourtant elle a un jugement très sommaire."",""run"":""gemini""},{""id"":59213,""pun"":""C'est la fille du maire, mais elle n'a pas pris de gants pour l'écharpe."",""run"":""gemini""}]"
2714	"[{""id"":22192,""pun"":""Les viticulteurs sont des gens formidables: ils ont beaucoup de bouteille."",""run"":""gemini""},{""id"":42234,""pun"":""Les amateurs de Bordeaux sont prévoyants : ils ont toujours un plan Médoc."",""run"":""gemini""},{""id"":22617,""pun"":""Le vin blanc, c'est utile, mais on sous-estime souvent son utilisé."",""run"":""gemini""},{""id"":94497,""pun"":""Elle était la fille d'un vigneron, mais elle n'avait jamais rien de Chablis."",""run"":""gemini""},{""id"":47288,""pun"":""Le raisin est le seul fruit qui a toujours une bonne raison de fermenter."",""run"":""gemini""},{""id"":34971,""pun"":""On a demandé son avis au vigneron, mais il a répondu : 'Je m'en fût'."",""run"":""gemini""},{""id"":81160,""pun"":""Un grand cru qui se vante est un vin qui a trop de morgon."",""run"":""gemini""},{""id"":73127,""pun"":""Un sommelier qui n'a plus d'idées est un homme qui Chardonnay plus rien."",""run"":""gemini""},{""id"":66714,""pun"":""Il ne faut jamais dire à un vigneron que son vin est bouché, ça le rend chèvre."",""run"":""gemini""},{""id"":63066,""pun"":""Pourquoi les vignes ne font-elles jamais de sport ? Parce qu'elles sont déjà palissées."",""run"":""gemini""},{""id"":56630,""pun"":""Ce vigneron est un grand romantique : il offre toujours des bouquets à ses bouteilles."",""run"":""gemini""},{""id"":31161,""pun"":""Un vin mal élevé finit toujours par manquer de tact, c'est une question d'éducation."",""run"":""gemini""}]"
2715	"[{""id"":62962,""pun"":""C'est une fille de vendangeur très mélancolique : elle a toujours le bourdon, ou plutôt le bouchon."",""run"":""gemini""},{""id"":29036,""pun"":""Le fils du vigneron est un vrai râleur, il passe sa vie à mûrir ses plaintes."",""run"":""gemini""},{""id"":73446,""pun"":""Elle n'est pas seulement fille de viticulteur, c'est aussi une vraie pleurnichardonnay."",""run"":""gemini""},{""id"":59039,""pun"":""Il ne faut pas fréquenter cette vigneronne, elle est toujours de mauvaise humeur: elle a le vin mauvais même à jeun."",""run"":""gemini""},{""id"":28077,""pun"":""Ma copine est fille de producteur de Bordeaux, mais c'est surtout une grande lament-Sauternes."",""run"":""gemini""},{""id"":23959,""pun"":""C'était la fille d'un vigneron, mais elle n'arrêtait pas de se plaindre parce qu'elle avait un grain."",""run"":""gemini""},{""id"":44010,""pun"":""Elle aimait tellement son vignoble qu'elle y versait des larmes de sanglier."",""run"":""gemini""},{""id"":82373,""pun"":""C'est une fille de vigneron très râleuse : elle ne sait faire que des siennes et des sips."",""run"":""gemini""},{""id"":26038,""pun"":""Elle était fille de vendangeur, mais passait son temps à râler dès qu'il y avait un peu de chaleur."",""run"":""gemini""},{""id"":56597,""pun"":""La fille du récoltant est très difficile : elle n'aime que les raisins de la colère."",""run"":""gemini""},{""id"":38615,""pun"":""Elle est fille de sommelier mais ne fait que gémir, c'est une vraie pleureuse de crus."",""run"":""gemini""},{""id"":77841,""pun"":""Elle travaille dans les vignes mais elle n'est jamais contente, c'est une 'ouine'euse professionnelle."",""run"":""gemini""}]"
2716	"[{""id"":79638,""pun"":""Elle a épousé un jockey, mais elle a vite réalisé qu'il n'était pas un étalon de vertu."",""run"":""gemini""},{""id"":87700,""pun"":""Elle aimait tellement les chevaux qu'elle a fini par prendre le mors aux dents dès qu'on la contredisait."",""run"":""gemini""},{""id"":16423,""pun"":""À l'écurie, les chevaux adorent lire des livres, surtout des romans de cap et d'épée."",""run"":""gemini""},{""id"":70441,""pun"":""C'était la fille d'un palefrenier, quand on lui demandait des faveurs, elle ne savait jamais dire hihan."",""run"":""gemini""},{""id"":82657,""pun"":""Pourquoi les chevaux ne portent-ils jamais plainte ? Parce qu'ils ont peur de la gendarme-rie."",""run"":""gemini""},{""id"":58781,""pun"":""Un cheval qui n'a pas soif, c'est un canasson sans eau."",""run"":""gemini""},{""id"":15962,""pun"":""C'était la fille d'un dresseur de chevaux, elle ne disait jamais non, seulement hue !"",""run"":""gemini""},{""id"":32966,""pun"":""Quel est le plat préféré des chevaux ? Le petit-déjeuner au galop."",""run"":""gemini""},{""id"":48656,""pun"":""Il ne faut jamais dire 'fontaine je ne boirai pas de ton eau' à un cheval, car il pourrait bien te mener en bourrique."",""run"":""gemini""},{""id"":35972,""pun"":""C'est l'histoire d'un cheval qui a perdu une course car il n'avait pas de sabots, seulement des sandales : il était trop décontracté de l'écurie."",""run"":""gemini""},{""id"":74090,""pun"":""Elle était la fille d'un cavalier émérite, mais elle n'avait aucun mors propre."",""run"":""gemini""},{""id"":40880,""pun"":""Les chevaux de course sont très polis : quand ils se croisent, ils se disent poney-jour !"",""run"":""gemini""}]"
2717	"[{""id"":49309,""pun"":""Son père vend des polices d'assurance, mais elle déteste les agents."",""run"":""gemini""},{""id"":56973,""pun"":""Son père travaillait dans les assurances, alors elle gérait ses relations au tiers."",""run"":""gemini""},{""id"":65802,""pun"":""Elle est fille d'assureur, mais son comportement est un véritable sinistre."",""run"":""gemini""},{""id"":23795,""pun"":""Elle est l'héritière d'un grand assureur, mais elle manque d'assurance."",""run"":""gemini""},{""id"":91540,""pun"":""Elle est fille d'assureur, mais pour le mariage, elle demande un constat amiable."",""run"":""gemini""},{""id"":51785,""pun"":""Elle était la fille d'un assureur, mais avec elle, il n'y avait jamais de franchise."",""run"":""gemini""},{""id"":87240,""pun"":""La fille du courtier était très courtisée, mais elle imposait toujours ses conditions particulières."",""run"":""gemini""},{""id"":91915,""pun"":""Elle est la fille d'un assureur, mais elle refuse de signer pour un engagement à long terme."",""run"":""gemini""},{""id"":13021,""pun"":""C'est la fille d'un assureur : elle ne sort qu'avec des garçons qui ont une bonne prime."",""run"":""gemini""},{""id"":76125,""pun"":""C'était la fille d'un courtier en assurances, elle avait toujours une excellente couverture."",""run"":""gemini""},{""id"":48202,""pun"":""Fille d'assureur ? Oui, et elle a un sacré bonus : elle n'a jamais eu d'accident dans sa vie sentimentale."",""run"":""gemini""},{""id"":24770,""pun"":""La fille du courtier ne prend jamais de risques, elle travaille uniquement sur commission."",""run"":""gemini""}]"
2718	"[{""id"":24330,""pun"":""C'est une fille de ménage très ambitieuse, elle veut absolument monter les échelons du seau."",""run"":""gemini""},{""id"":88655,""pun"":""La fille du gardien est tombée amoureuse d'un poil, car elle le trouvait de bonne moelle."",""run"":""gemini""},{""id"":33005,""pun"":""Elle était fille de balayeur, au conservatoire elle n'étudiait que le casse-noisette au balai."",""run"":""gemini""},{""id"":21483,""pun"":""Quand la fille du concierge se marie, elle n'invite que des gens de la haute poussière."",""run"":""gemini""},{""id"":88433,""pun"":""Fille de nettoyeur, elle a rompu parce que son fiancé lui a savonné la planche."",""run"":""gemini""},{""id"":84648,""pun"":""Mon père était concierge, il a toujours su garder la chambre à coucher propre comme un sou neuf."",""run"":""gemini""},{""id"":75754,""pun"":""Elle était fille de balayeur et très sportive, elle ne perdait jamais le fil de la serpillière."",""run"":""gemini""},{""id"":88202,""pun"":""C'était la fille du balayeur, elle a fini par se marier avec un homme de ménage car il lui a brossé un portrait idyllique."",""run"":""gemini""},{""id"":16873,""pun"":""Elle était fille de technicienne de surface, elle préférait les relations sans taches."",""run"":""gemini""},{""id"":93629,""pun"":""C'était la fille d'une concierge, elle attendait toujours son prince charmant pour qu'il lui passe un coup de balai."",""run"":""gemini""},{""id"":31600,""pun"":""Elle était fille de concierge, elle a épousé un magicien pour qu'il la fasse disparaître sous le tapis."",""run"":""gemini""},{""id"":54692,""pun"":""Mon oncle balayeur est un grand romantique, il ne cherche que l'âme soeur sur le pas de la porte."",""run"":""gemini""}]"
2719	"[{""id"":93646,""pun"":""C'était la fille d'un dealer, mais elle avait déjà un beau petit pochon."",""run"":""gemini""},{""id"":59795,""pun"":""Fille de dealer, elle ne sniffait pas, mais son bassin faisait de l'effet."",""run"":""gemini""},{""id"":87980,""pun"":""Elle aimait tellement la trace de son père qu'elle en a laissé une dans son pantalon."",""run"":""gemini""},{""id"":74779,""pun"":""Fille de junkie, elle ne vendait rien, mais son sillon provoquait toujours une scission."",""run"":""gemini""},{""id"":45238,""pun"":""Elle était fille de toxicomane, mais question fentes, c'était une craque."",""run"":""gemini""},{""id"":44299,""pun"":""Elle avait une généalogie fumeuse, mais une plastique furieuse."",""run"":""gemini""},{""id"":91968,""pun"":""C'est une histoire fumeuse : la fille du drogué a fini en cavale fugueuse."",""run"":""gemini""},{""id"":75443,""pun"":""Elle a hérité du vice de son père : elle a une raie qui rend tout le monde accro."",""run"":""gemini""},{""id"":93232,""pun"":""Elle tenait de son père junkie : elle avait toujours un fix sur son anatomie."",""run"":""gemini""},{""id"":65160,""pun"":""Sa mère était accro à l'héroïne, mais elle, c'est pour son derrière qu'on l'idolâtre."",""run"":""gemini""},{""id"":45818,""pun"":""Son père était dans la dope, mais c'est son arrière-train qui nous drogue."",""run"":""gemini""},{""id"":16005,""pun"":""Fille de camé, elle n'avait pas besoin de poudre pour nous mettre une claque."",""run"":""gemini""}]"
2720	"[{""id"":62361,""pun"":""Un phare qui n'éclaire plus, c'est un phare qui a perdu la face."",""run"":""gemini""},{""id"":78990,""pun"":""La fille du gardien ne sortait jamais : elle craignait d'être mise en lumière."",""run"":""gemini""},{""id"":73907,""pun"":""C'est l'histoire d'un phare qui n'avait pas d'amis, il était complètement déboussolé."",""run"":""gemini""},{""id"":25947,""pun"":""Le gardien de phare est très timide : il n'ose jamais faire le premier pas de tir."",""run"":""gemini""},{""id"":45234,""pun"":""Sa femme l'a quitté pour un marin : elle voulait un homme qui a de la bouteille, pas un homme qui garde les bouteilles à la mer."",""run"":""gemini""},{""id"":85295,""pun"":""Les gardiens de phare ne sont jamais tristes car ils ont toujours un faisceau d'indices."",""run"":""gemini""},{""id"":75872,""pun"":""Pourquoi le phare a-t-il rompu avec la jetée ? Parce qu'il trouvait qu'elle jetait un froid."",""run"":""gemini""},{""id"":13505,""pun"":""C'était la fille du gardien de phare, mais elle n'avait jamais les yeux en face des trous... car elle n'était jamais très éclairée."",""run"":""gemini""},{""id"":71988,""pun"":""Elle était la fille du gardien de phare, mais elle s'est éteinte à l'âge de vingt ans... lors d'une soirée trop arrosée."",""run"":""gemini""},{""id"":65565,""pun"":""Le phare s'est marié car il a enfin trouvé sa flamme."",""run"":""gemini""},{""id"":75968,""pun"":""Le gardien de phare ne sort pas car il a trop de phares à paupières."",""run"":""gemini""},{""id"":12356,""pun"":""Pourquoi les phares sont-ils de bons confident ? Parce qu'ils gardent tout sous silence radio."",""run"":""gemini""}]"
2721	"[{""id"":65267,""pun"":""Pour séduire un magistrat, il faut savoir plaider sa cause avec de l'instance."",""run"":""gemini""},{""id"":76221,""pun"":""Elle n'était que la fille d'un magistrat, mais elle s'entendait très bien avec le barreau."",""run"":""gemini""},{""id"":10308,""pun"":""Elle était fille de juge, donc elle avait l'habitude d'avoir tous les droits."",""run"":""gemini""},{""id"":52261,""pun"":""Le magistrat était très fatigué car il passait ses nuits à rendre la justice."",""run"":""gemini""},{""id"":92305,""pun"":""C'est une femme de loi très efficace : elle passe tout son temps à la cour."",""run"":""gemini""},{""id"":35332,""pun"":""Elle a épousé un procureur pour être sûre qu'il ne s'oppose jamais à ses vœux."",""run"":""gemini""},{""id"":88372,""pun"":""Elle aimait les juges, mais seulement ceux qui savaient bien lever l'audience."",""run"":""gemini""},{""id"":83422,""pun"":""La fille du greffier est très douée : elle note tout, surtout les absences de son mari."",""run"":""gemini""},{""id"":14042,""pun"":""L'avocat de la défense a perdu ses moyens car il n'avait plus de robe pour se couvrir."",""run"":""gemini""},{""id"":20108,""pun"":""Un avocat qui tombe à l'eau ne se noie jamais car il sait toujours nager entre deux eaux de justice."",""run"":""gemini""},{""id"":83846,""pun"":""Le juge a demandé un avocat, mais on n'a trouvé qu'un fruit de la passion."",""run"":""gemini""},{""id"":73640,""pun"":""Dans ce tribunal, les juges ne manquent pas de ressort."",""run"":""gemini""}]"
2722	"[{""id"":55124,""pun"":""Le boxeur a dû s'arrêter, il ne supportait plus les coups de filet."",""run"":""gemini""},{""id"":51079,""pun"":""Elle travaille dans une usine de ventilateurs, elle a beaucoup d'admirateurs."",""run"":""gemini""},{""id"":89142,""pun"":""Elle est l'héritière d'une distillerie, mais je n'en fais pas tout un plat (en cuivre)."",""run"":""gemini""},{""id"":68673,""pun"":""Le sommelier est très optimiste, il voit toujours le verre à moitié plein."",""run"":""gemini""},{""id"":13286,""pun"":""C'est la fille d'un distillateur clandestin, mais je l'aime alambic."",""run"":""gemini""},{""id"":55055,""pun"":""Ma femme est une excellente cuisinière, elle me mène toujours à la baguette."",""run"":""gemini""},{""id"":35748,""pun"":""Le boulanger a des problèmes financiers, il est dans le pétrin."",""run"":""gemini""},{""id"":90037,""pun"":""Le poissonnier est tombé amoureux, c'est le coup de foudre à la sole."",""run"":""gemini""},{""id"":77560,""pun"":""L'inventeur de la guillotine était un homme qui n'avait pas toute sa tête."",""run"":""gemini""},{""id"":14428,""pun"":""Le jardinier est très timide, il ne veut pas qu'on lui raconte des salades."",""run"":""gemini""},{""id"":89339,""pun"":""Le fils du brasseur n'est jamais rentré : il a été mis en bière."",""run"":""gemini""},{""id"":27803,""pun"":""Le opticien a fait une dépression, il voyait tout en noir."",""run"":""gemini""}]"
2723	"[{""id"":85737,""pun"":""Il ne faut pas mélanger les faxons et la faction, même si on est dans une fanfare de bureau."",""run"":""gemini""},{""id"":12163,""pun"":""Un musicien qui commande un verre, c'est un accord de comptoir."",""run"":""gemini""},{""id"":69078,""pun"":""Elle était fille de chef d'orchestre, mais elle connaissait surtout toutes les mesures sanitaires au comptoir."",""run"":""gemini""},{""id"":88749,""pun"":""Elle était fille de compositeur, elle aimait les verres à pied de nez."",""run"":""gemini""},{""id"":93545,""pun"":""Elle était fille de pianiste, elle ne supportait pas qu'on lui refuse une clé."",""run"":""gemini""},{""id"":95493,""pun"":""On ne doit pas dire 'un piano de bar', mais 'une bière au demi-ton'."",""run"":""gemini""},{""id"":39985,""pun"":""Pourquoi le musicien refuse-t-il sa bière ? Parce qu'elle manque de temps."",""run"":""gemini""},{""id"":78748,""pun"":""Le serveur lui a dit : 'C'est pour un bémol ?' 'Non, c'est pour un demi !'"",""run"":""gemini""},{""id"":25432,""pun"":""Elle était fille de batteur, elle passait son temps à lever les coudes pour garder le rythme."",""run"":""gemini""},{""id"":36880,""pun"":""C'est l'histoire d'un musicien qui est tombé dans une pinte : il n'avait pas vu la mesure."",""run"":""gemini""},{""id"":44763,""pun"":""Elle était fille de trompettiste, elle avait toujours un coup dans l'aile du cor."",""run"":""gemini""},{""id"":77852,""pun"":""Pourquoi les musiciens vont-ils souvent au bar ? Pour trouver la bonne portée."",""run"":""gemini""}]"
2724	"[{""id"":81309,""pun"":""Elle est photographe de mode, mais elle ne peut pas s'empêcher de faire une fixation."",""run"":""gemini""},{""id"":69287,""pun"":""La fille du photographe est très intelligente, elle a de bons réflexes."",""run"":""gemini""},{""id"":83059,""pun"":""Ma copine est photographe, elle me fait toujours des scènes de ménage en haute résolution."",""run"":""gemini""},{""id"":34692,""pun"":""Elle a grandi dans une chambre noire, c'est pour ça qu'elle a un caractère si sombre."",""run"":""gemini""},{""id"":95690,""pun"":""La fille du photographe est très portée sur la religion : elle ne jure que par l'objectif."",""run"":""gemini""},{""id"":42316,""pun"":""C'est la fille d'un photographe : elle a un négatif sur elle à chaque fois qu'on lui demande un service."",""run"":""gemini""},{""id"":64026,""pun"":""Elle est fille de photographe, elle connaît bien le tirage."",""run"":""gemini""},{""id"":66386,""pun"":""Un photographe n'est jamais seul, il a toujours un entourage cadré."",""run"":""gemini""},{""id"":31463,""pun"":""C'était la fille d'un photographe, elle avait déjà un sacré développement."",""run"":""gemini""},{""id"":35629,""pun"":""La fille du photographe n'était pas très croyante, elle préférait sa propre croissance."",""run"":""gemini""},{""id"":48625,""pun"":""La fille du photographe est très mature, elle a sauté l'étape du flash."",""run"":""gemini""},{""id"":94130,""pun"":""Elle était la fille d'un photographe, car elle était très bien exposée."",""run"":""gemini""}]"
2725	"[{""id"":31304,""pun"":""C'est la fille d’un pêcheur, quand elle te voit, elle ne perd pas le Nord mais elle garde la ligne."",""run"":""gemini""},{""id"":33897,""pun"":""Elle était la fille d'un archer, elle n'avait d'yeux que pour les beaux carquois."",""run"":""gemini""},{""id"":53621,""pun"":""C'est la fille d'un menuisier, elle a toujours un plan sur la planche."",""run"":""gemini""},{""id"":20633,""pun"":""Elle est la fille d'un jardinier, elle s'effeuille au moindre compliment."",""run"":""gemini""},{""id"":47693,""pun"":""La fille du vitrier est transparente, mais elle a un caractère de glace."",""run"":""gemini""},{""id"":52708,""pun"":""Elle est la fille d'un horloger, elle arrive toujours à la seconde près."",""run"":""gemini""},{""id"":43548,""pun"":""C'était la fille d'un lanceur de baseball, elle avait vraiment de sacrées courbes de trajectoire."",""run"":""gemini""},{""id"":63751,""pun"":""La fille du boulanger est une vraie pépite, mais elle finit toujours en miettes."",""run"":""gemini""},{""id"":64204,""pun"":""C'est la fille d'un grand pâtissier, elle a toujours eu une brioche au four."",""run"":""gemini""},{""id"":71410,""pun"":""La fille du maçon fait toujours des briques, mais elle est surtout un sacré beau moellon."",""run"":""gemini""},{""id"":81812,""pun"":""C’était la fille d’un couturier, elle a toujours eu le mot pour rire... et pour coudre."",""run"":""gemini""},{""id"":87529,""pun"":""C’était la fille d’un informaticien, elle avait toujours un petit faible pour les souris."",""run"":""gemini""}]"
2726	"[{""id"":61318,""pun"":""La fille du poète est tombée amoureuse d'un ver de terre, elle cherchait sûrement un vers de terre-à-terre."",""run"":""gemini""},{""id"":31668,""pun"":""Le poète a rompu avec sa copine parce qu'ils n'étaient plus sur la même longueur d'onde... ou de mètre."",""run"":""gemini""},{""id"":19628,""pun"":""Il a dragué la fille du poète, mais il a vite compris qu'elle n'était pas un cadeau de la prose."",""run"":""gemini""},{""id"":89158,""pun"":""Sa fille est si méchante qu'on l'appelle l'Alexandrine : elle a toujours douze pieds."",""run"":""gemini""},{""id"":78437,""pun"":""Elle sort avec un poète par intérêt : elle veut qu'il lui déclame sa flamme, ou au moins qu'il paye le gaz."",""run"":""gemini""},{""id"":89355,""pun"":""Il voulait épouser une poétesse, mais elle n'en valait pas la prose."",""run"":""gemini""},{""id"":79469,""pun"":""C'est une famille de poètes : le père écrit des rimes et la mère s'en lasse."",""run"":""gemini""},{""id"":29745,""pun"":""J'ai lu les poèmes de sa fille ; franchement, c'est de la rime pour rien."",""run"":""gemini""},{""id"":67805,""pun"":""Elle est sortie avec un poète muet, mais elle a trouvé que ça manquait de rythme."",""run"":""gemini""},{""id"":31447,""pun"":""On a demandé au poète s'il aimait sa femme : 'De vers en vers', a-t-il répondu."",""run"":""gemini""},{""id"":53344,""pun"":""Elle est la fille d'un poète célèbre, mais j'ai connu des vers bien pires."",""run"":""gemini""},{""id"":20800,""pun"":""Mon fils est poète, mais il a toujours eu beaucoup de mal à faire ses rimes de fin de mois."",""run"":""gemini""}]"
2727	"[{""id"":67439,""pun"":""Le mineur n'est pas un couard, même s'il passe ses journées dans le square."",""run"":""gemini""},{""id"":54310,""pun"":""J'ai rompu avec ma femme qui travaillait à la mine ; entre nous, c'était devenu trop calcaire."",""run"":""gemini""},{""id"":88594,""pun"":""Quand un sculpteur s'ennuie, il s'assoit dans un square pour que ça puisse lui seoir."",""run"":""gemini""},{""id"":31086,""pun"":""Les géologues sont des gens généreux : ils ont toujours le cœur sur la lave."",""run"":""gemini""},{""id"":49817,""pun"":""On a demandé au tailleur de pierre son avis, mais il avait un cœur de roche."",""run"":""gemini""},{""id"":44470,""pun"":""C'est un tailleur de pierre très croyant : il croit en la résurrection de la chair de poule de cristal."",""run"":""gemini""},{""id"":28789,""pun"":""C'est l'histoire d'un sculpteur de pierre qui a tout quitté car il en avait marre de mener une vie de granit."",""run"":""gemini""},{""id"":12828,""pun"":""Le géologue a été acquitté : il a prouvé que c'était une erreur de pierre-jugé."",""run"":""gemini""},{""id"":47839,""pun"":""Elle était la fille d'un carrier, alors forcément, elle ne prenait rien pour du granit."",""run"":""gemini""},{""id"":95458,""pun"":""Pourquoi le caillou ne va-t-il pas à l'école ? Parce qu'il est déjà pierre de lui."",""run"":""gemini""},{""id"":11672,""pun"":""Le volcanologue a été viré car il prenait tout à la légère, surtout le magma."",""run"":""gemini""},{""id"":43488,""pun"":""Un minéralogiste ne ment jamais, il dit toujours la roche vérité."",""run"":""gemini""}]"
2728	"[{""id"":95306,""pun"":""Pourquoi la fermière fait-elle du vélo ? Pour se muscler les veaux."",""run"":""gemini""},{""id"":27493,""pun"":""La fille du fermier est une grande sportive : elle court après les vaches pour galber ses veaux."",""run"":""gemini""},{""id"":16853,""pun"":""Elle était fille de vacher, mais elle avait du mal à garder ses mollets au chaud."",""run"":""gemini""},{""id"":13161,""pun"":""C'est une fille de ranch qui a de l'ambition : elle veut toujours monter en grade, mais elle ne monte que des génisses."",""run"":""gemini""},{""id"":93928,""pun"":""Elle est très fière de son héritage, elle a le sang chaud mais les veaux bien froids."",""run"":""gemini""},{""id"":58291,""pun"":""Au salon de l'agriculture, elle a eu le premier prix de beauté grâce à ses veaux fermes."",""run"":""gemini""},{""id"":13890,""pun"":""Elle ne porte que des mini-jupes au ranch pour ne pas cacher ses veaux."",""run"":""gemini""},{""id"":34624,""pun"":""C'est l'histoire d'une fille d'éleveur qui aimait trop la musculation : elle avait toujours les veaux qui tremblaient."",""run"":""gemini""},{""id"":97225,""pun"":""Elle a quitté le ranch pour devenir mannequin, car elle avait les plus beaux veaux de la région."",""run"":""gemini""},{""id"":57012,""pun"":""Elle s'est mariée avec un cowboy car il lui trouvait de très beaux veaux."",""run"":""gemini""},{""id"":94332,""pun"":""Une fille de vacher ne peut pas être une sainte : elle a le démon de midi et les veaux de minuit."",""run"":""gemini""},{""id"":14754,""pun"":""Elle a rompu avec le boucher car il trouvait ses veaux trop tendres."",""run"":""gemini""}]"
2729	"[{""id"":25257,""pun"":""L'agent immobilier a eu un accident, il a perdu l'usage de ses membres de copropriété."",""run"":""gemini""},{""id"":24213,""pun"":""Ma copine est agent immobilier, dès qu'elle me voit, elle fait un état des lieux."",""run"":""gemini""},{""id"":52193,""pun"":""C'était la fille d'un promoteur immobilier, elle n'avait pas beaucoup de terrain mais elle avait un sacré lot de consolation."",""run"":""gemini""},{""id"":56215,""pun"":""Le promoteur a été viré car il n'avait aucun domaine de compétence."",""run"":""gemini""},{""id"":80519,""pun"":""Si un agent immobilier meurt, on l'enterre dans un terrain d'entente."",""run"":""gemini""},{""id"":83814,""pun"":""L'agent immobilier est devenu moine car il voulait vivre dans le domaine du sacré."",""run"":""gemini""},{""id"":66358,""pun"":""C'était la fille d'un riche marchand de terrains, elle avait toujours le mot pour rire car elle aimait les bons lots."",""run"":""gemini""},{""id"":21645,""pun"":""Elle était la fille d'une agence immobilière, elle ne cherchait pas l'amour, elle cherchait juste à se caser."",""run"":""gemini""},{""id"":95239,""pun"":""C'est l'histoire d'un terrain qui n'avait pas d'amis, il se sentait très parcelle."",""run"":""gemini""},{""id"":31638,""pun"":""Un agent immobilier qui rate une vente, c'est quelqu'un qui n'a pas les pieds sur terre."",""run"":""gemini""},{""id"":11716,""pun"":""L'agent immobilier est resté sans voix face au terrain : il en a perdu ses parcelles."",""run"":""gemini""},{""id"":24009,""pun"":""La fille du promoteur est très superficielle, elle ne jure que par la superficie."",""run"":""gemini""}]"
2730	"[{""id"":26989,""pun"":""Elle adorait les navires de guerre parce qu'elle aimait voir les hommes monter au mât."",""run"":""gemini""},{""id"":84625,""pun"":""Fille de marin, elle préférait les hommes qui avaient le pied marin et la main dedans."",""run"":""gemini""},{""id"":77707,""pun"":""C'était la fille d'un vieux capitaine, elle adorait voir les marins débarquer leur cargaison de semence."",""run"":""gemini""},{""id"":77670,""pun"":""Fille de marin, elle passait sa vie à attendre que le gros lot vienne."",""run"":""gemini""},{""id"":73816,""pun"":""Elle aimait tellement la mer qu'elle s'est fait une séance de séquence nautique."",""run"":""gemini""},{""id"":97272,""pun"":""Pour cette fille de pêcheur, un bon thon vaut mieux qu'un long discours, surtout s'il est bien monté."",""run"":""gemini""},{""id"":44294,""pun"":""Elle était la fille d'un loup de mer et ne pensait qu'à la queue de baleine."",""run"":""gemini""},{""id"":15006,""pun"":""Elle aimait tellement les officiers de marine qu'elle ne jurait que par le spermaceti."",""run"":""gemini""},{""id"":28715,""pun"":""Elle cherchait toujours un second pour doubler son plaisir en mer."",""run"":""gemini""},{""id"":63414,""pun"":""Elle aimait les matelots car ils savaient toujours où donner de la tête de nèfle."",""run"":""gemini""},{""id"":71179,""pun"":""Elle ne fréquentait que l'équipage car elle aimait les hommes de barre."",""run"":""gemini""},{""id"":99718,""pun"":""Fille de pirate, elle ne s'intéressait qu'au braquemart du capitaine."",""run"":""gemini""}]"
2731	"[{""id"":12230,""pun"":""C'était la fille d'une nageuse synchronisée, mais au bar, elle perdait vite la mesure."",""run"":""gemini""},{""id"":85265,""pun"":""Elle était la fille d'une nageuse, mais elle s'y connaissait surtout en boîtes de nuit : c'était une pro du grand bain."",""run"":""gemini""},{""id"":96170,""pun"":""Fille de plongeur, elle adorait les bars miteux : c'était sa façon de toucher le fond."",""run"":""gemini""},{""id"":44324,""pun"":""C'est la fille d'une sirène, mais elle finit toujours dans un rade."",""run"":""gemini""},{""id"":53967,""pun"":""Elle était la fille d'un maître-nageur, mais elle préférait se noyer dans l'alcool."",""run"":""gemini""},{""id"":74150,""pun"":""Elle était la fille d'une championne d'apnée, pourtant elle ne lâchait jamais le goulot."",""run"":""gemini""},{""id"":22214,""pun"":""Elle est la fille d'un plongeur olympique, mais elle préfère faire la plonge dans les bistrots."",""run"":""gemini""},{""id"":75231,""pun"":""Fille de maître-nageur, elle passait ses soirées au comptoir car elle avait toujours pied dans le milieu."",""run"":""gemini""},{""id"":12906,""pun"":""C'était la fille d'un plongeur, mais elle préférait les bars mal famés : elle descendait toujours très bas."",""run"":""gemini""},{""id"":57238,""pun"":""Cette fille de nageur est insupportable : dès qu'elle entre dans un bar, elle jette un froid."",""run"":""gemini""},{""id"":25868,""pun"":""Elle était la fille d'un pro du crawl, mais elle ne savait que brasser de l'air en terrasse."",""run"":""gemini""},{""id"":94352,""pun"":""Fille de champion de natation, elle passait sa vie dans les bars car elle aimait lever le coude sur le plot."",""run"":""gemini""}]"
2732	"[{""id"":90937,""pun"":""Elle était la fille d'une opératrice au standard : elle avait toujours de très bonnes relations."",""run"":""gemini""},{""id"":87656,""pun"":""C'est une opératrice brillante : quand on l'appelle, elle branche tout de suite."",""run"":""gemini""},{""id"":70958,""pun"":""Fille d'installateur fibre, elle a un débit très impressionnant."",""run"":""gemini""},{""id"":23502,""pun"":""L'opératrice a rompu : elle ne voulait plus passer les plats, seulement les appels."",""run"":""gemini""},{""id"":44461,""pun"":""La fille du réparateur de lignes a de la suite dans les idées, mais surtout des fils à retordre."",""run"":""gemini""},{""id"":93243,""pun"":""Elle est standardiste, mais elle a un caractère très décroché."",""run"":""gemini""},{""id"":44363,""pun"":""C'est la fille d'un technicien réseau : elle court-circuite toutes les étapes pour réussir."",""run"":""gemini""},{""id"":14219,""pun"":""Elle est standardiste de haut vol : elle ne perd jamais le fil."",""run"":""gemini""},{""id"":46918,""pun"":""Elle bosse aux télécoms et elle est très branchée."",""run"":""gemini""},{""id"":83619,""pun"":""Elle travaille chez Orange et, sans surprise, elle a beaucoup de jus."",""run"":""gemini""},{""id"":84358,""pun"":""Ma copine travaille au central téléphonique, mais entre nous, le courant ne passe plus."",""run"":""gemini""},{""id"":66660,""pun"":""La fille du technicien Orange est pressée, elle a toujours un coup de fil d'avance."",""run"":""gemini""}]"
2733	"[{""id"":13603,""pun"":""C'était la fille d'un mécanicien de pompes à vide, elle n'avait peur d'aucune dépression."",""run"":""gemini""},{""id"":56200,""pun"":""C'était la fille d'un technicien de maintenance d'aspirateurs, elle adorait quand ça sucait."",""run"":""gemini""},{""id"":58828,""pun"":""Elle était la fille d'un fontainier, elle savait comment amorcer la pompe."",""run"":""gemini""},{""id"":68856,""pun"":""Elle était la fille d'un vendeur de aspirateurs, elle passait sa vie à pomper le dard-dard."",""run"":""gemini""},{""id"":80309,""pun"":""C'était la fille d'un fabricant de tuyaux, elle s'y connaissait en pomperie."",""run"":""gemini""},{""id"":35669,""pun"":""Elle était la fille d'un vendeur d'aspirateurs, elle avait vraiment l'aspiration de réussir."",""run"":""gemini""},{""id"":73823,""pun"":""Elle était la fille d'un d'un expert en nettoyage industriel, une vraie pro du mamelon de succion."",""run"":""gemini""},{""id"":21246,""pun"":""Elle était la fille d'un vendeur de Dyson, elle ne perdait jamais d'aspiration."",""run"":""gemini""},{""id"":75800,""pun"":""Elle est la fille d'un fabricant de Rowenta, elle a le coup de main pour les manches."",""run"":""gemini""},{""id"":73547,""pun"":""C'était la fille d'un ramoneur, elle savait comment s'occuper du gros tuyau."",""run"":""gemini""},{""id"":66492,""pun"":""C'est la fille d'un vendeur d'appareils de nettoyage, elle est toujours prête à faire le vide."",""run"":""gemini""},{""id"":51282,""pun"":""Elle était la fille d'un vendeur d'aspirateurs, et elle ne manquait pas de souffle."",""run"":""gemini""}]"
2734	"[{""id"":41628,""pun"":""Sa mère servait en terrasse, mais elle, elle préfère envoyer les sauces."",""run"":""gemini""},{""id"":53709,""pun"":""Elle travaille en salle, mais elle est surtout douée pour mettre les pieds dans le plat."",""run"":""gemini""},{""id"":65093,""pun"":""Elle était la fille d'une potière, alors quand elle s'énerve, elle vous envoie tous ses plats."",""run"":""gemini""},{""id"":47782,""pun"":""Fille de serveuse, elle adore servir la soupe, surtout quand c'est pour balancer des noms."",""run"":""gemini""},{""id"":37062,""pun"":""Sa mère était serveuse, alors elle sait comment vous passer un savon sur un plateau."",""run"":""gemini""},{""id"":83907,""pun"":""Sa mère portait les plateaux, elle préfère porter les critiques à ébullition."",""run"":""gemini""},{""id"":64686,""pun"":""C'est la fille d'une serveuse : elle a toujours une assiette au visage, mais elle n'en manque pas."",""run"":""gemini""},{""id"":55831,""pun"":""Fille d'une pro de la porcelaine, elle a un caractère de terre cuite."",""run"":""gemini""},{""id"":11143,""pun"":""C'est une fille de buffet : elle se sert de sa langue comme d'un couteau."",""run"":""gemini""},{""id"":82071,""pun"":""C'est la fille d'une cuisinière : quand elle vous cuisine, ce n'est pas pour vous nourrir."",""run"":""gemini""},{""id"":16285,""pun"":""Elle est fille de serveuse, mais ne lui demandez pas l'addition : elle est déjà salée."",""run"":""gemini""},{""id"":90435,""pun"":""Fille de potière, elle a toujours le mot pour rire, mais elle casse souvent la vaisselle."",""run"":""gemini""}]"
2735	"[{""id"":43615,""pun"":""C'était la fille d'un tailleur, on peut dire qu'elle avait de l'étoffe."",""run"":""gemini""},{""id"":98804,""pun"":""C'était la fille d'un grand couturier, elle préférait toujours faire du sur-mesure."",""run"":""gemini""},{""id"":90376,""pun"":""C'était la fille d'un tagueur, mais elle portait le tailleur avec une touche de bombe."",""run"":""gemini""},{""id"":29230,""pun"":""Elle était la fille d'un chapelier, mais elle n'en faisait qu'à sa tête."",""run"":""gemini""},{""id"":92671,""pun"":""C'était la fille d'un chemisier, elle n'avait jamais rien à se mettre sur le dos."",""run"":""gemini""},{""id"":78090,""pun"":""C'était la fille d'un tisserand, elle aimait surtout qu'on lui file du coton."",""run"":""gemini""},{""id"":21877,""pun"":""C'était la fille d'un gantier, elle s'adaptait à toutes les mains."",""run"":""gemini""},{""id"":26556,""pun"":""C'était la fille d'un horloger, elle ne perdait jamais une seconde pour se rhabiller."",""run"":""gemini""},{""id"":83566,""pun"":""C'était la fille d'un tanneur, elle était toujours prête à se mettre à nu pour un tailleur."",""run"":""gemini""},{""id"":32009,""pun"":""C'était la fille d'un garde-barrière, mais dès qu'on passait, tout lui allait."",""run"":""gemini""},{""id"":73341,""pun"":""C'était la fille d'un confectionneur, elle était toujours de bonne coupe."",""run"":""gemini""},{""id"":34970,""pun"":""Elle était la fille d'un bottier, mais elle marchait à l'envie."",""run"":""gemini""}]"
2736	"[{""id"":23599,""pun"":""C'est la fille d'un présentateur météo, elle a un buste qui annonce de belles éclaircies."",""run"":""gemini""},{""id"":46649,""pun"":""Fille de présentateur météo, elle a un physique qui fait la pluie et le bo-corps."",""run"":""gemini""},{""id"":35614,""pun"":""Sa mère présente la météo, alors elle a souvent des vents de face."",""run"":""gemini""},{""id"":27910,""pun"":""C'est la fille d'un météorologue, elle a toujours un tempérament très dépressionnaire."",""run"":""gemini""},{""id"":81424,""pun"":""Elle est fille de climatologue, mais elle a des relations assez froides."",""run"":""gemini""},{""id"":87575,""pun"":""C'était la fille d'une présentatrice météo, mais elle n'avait pas de mal à donner le ton quand il faisait beau."",""run"":""gemini""},{""id"":32273,""pun"":""C'est une fille d'anticycloniste : avec elle, la pression ne baisse jamais."",""run"":""gemini""},{""id"":67058,""pun"":""Elle était la fille de Monsieur Météo, et à chaque fois qu'elle passait, elle créait un front chaud."",""run"":""gemini""},{""id"":80403,""pun"":""Elle est fille de prévisionniste, et elle a toujours une avance de phase."",""run"":""gemini""},{""id"":35905,""pun"":""Fille de prévisionniste, elle est toujours très fière de son cyclone."",""run"":""gemini""},{""id"":15968,""pun"":""C'est la fille du spécialiste des nuages : elle est toujours dans sa bulle."",""run"":""gemini""},{""id"":96651,""pun"":""Fille de météorologue, elle connaît bien les isothermes de fin de mois."",""run"":""gemini""}]"
2737	"[{""id"":28894,""pun"":""Ma copine est fille de boxeur, j'ai voulu l'embrasser mais elle m'a mis un vent... de droite."",""run"":""gemini""},{""id"":23266,""pun"":""Un boxeur qui se trompe de métier finit souvent dans le carton, mais jamais comme emballage."",""run"":""gemini""},{""id"":29642,""pun"":""Ne sortez jamais avec un boxeur poète : il risque de vous mettre les points sur les i avec un direct."",""run"":""gemini""},{""id"":58138,""pun"":""Le combat de boxe était si court qu'on a cru que l'arbitre faisait une sieste : il ne faisait que compter les moutons."",""run"":""gemini""},{""id"":73214,""pun"":""Un boxeur qui devient boulanger, c'est normal : il a toujours aimé pétrir les pains."",""run"":""gemini""},{""id"":26477,""pun"":""C'est l'histoire d'un boxeur qui a une très bonne descente, mais pas celle qu'on croit : il finit toutes ses soirées au tapis."",""run"":""gemini""},{""id"":75050,""pun"":""Pourquoi les boxeurs sont-ils d'excellents amants ? Parce qu'ils savent donner des coups de foudre en plein ring."",""run"":""gemini""},{""id"":52201,""pun"":""Elle était la fille d'un grand boxeur, mais elle n'aimait que l'informatique : son truc à elle, c'était le ring-tone."",""run"":""gemini""},{""id"":73131,""pun"":""Elle est fille de boxeur mais travaille à la poste : elle sait exactement comment affranchir ses adversaires."",""run"":""gemini""},{""id"":99038,""pun"":""Le boxeur a dû arrêter sa carrière car il ne trouvait plus ses gants : il avait perdu le punch."",""run"":""gemini""},{""id"":84877,""pun"":""L'entraîneur de boxe est très ordonné : dès qu'il voit un nouveau talent, il veut le mettre en boîte."",""run"":""gemini""},{""id"":94593,""pun"":""Le fils du boxeur est très poli : quand il te croise, il te rend toujours la monnaie de ton punch."",""run"":""gemini""}]"
2738	"[{""id"":65427,""pun"":""Elle travaillait dans une distillerie, mais il l'aimait quand même sans pression."",""run"":""gemini""},{""id"":49881,""pun"":""Le fabricant de gnôle a été arrêté : il avait un alambic de combat."",""run"":""gemini""},{""id"":26715,""pun"":""Un fabricant d'alcool qui a du succès est un homme qui a de la bouteille."",""run"":""gemini""},{""id"":76963,""pun"":""Le whisky, c'est l'eau-de-vie qui nous donne la mort subite."",""run"":""gemini""},{""id"":21238,""pun"":""Un distillateur qui ne revient jamais chez lui, c'est quelqu'un qui se retient à son poste."",""run"":""gemini""},{""id"":47422,""pun"":""Il aimait tellement la distillerie qu'il en a fait son cuivre de bataille."",""run"":""gemini""},{""id"":23442,""pun"":""Pour un distillateur, l'amour c'est comme la fermentation : ça finit toujours par monter."",""run"":""gemini""},{""id"":69984,""pun"":""Ma femme est comme un bon whisky : elle me donne mal à la tête mais je n'arrive pas à m'en passer."",""run"":""gemini""},{""id"":32901,""pun"":""Le distillateur n'est jamais triste, il garde toujours l'esprit clair."",""run"":""gemini""},{""id"":98873,""pun"":""Il a quitté sa femme pour une bouteille, c'était une rupture de stock."",""run"":""gemini""},{""id"":51267,""pun"":""On a demandé au distillateur s'il aimait son métier, il a répondu : « C'est l'essence même de ma vie »."",""run"":""gemini""},{""id"":16416,""pun"":""L'alambic est tombé en panne, c'est un coup dur pour le moral des troupes."",""run"":""gemini""}]"
2739	"[{""id"":41892,""pun"":""Fille de maraîcher, elle avait un goût de revenez-y."",""run"":""gemini""},{""id"":59701,""pun"":""Elle était la fille d'un paveur, mais elle avait une saveur incomparable."",""run"":""gemini""},{""id"":63869,""pun"":""Fille de pépiniériste, elle était vraiment une plante magnifique."",""run"":""gemini""},{""id"":24386,""pun"":""Fille de jardinier, elle avait hâte de ramasser ses fraises."",""run"":""gemini""},{""id"":32594,""pun"":""Fille de viticulteur, elle avait de la cuisse."",""run"":""gemini""},{""id"":54358,""pun"":""C'était la fille d'un arboriculteur, mais tous les hommes voulaient la croquer."",""run"":""gemini""},{""id"":60839,""pun"":""Elle était la fille d'un producteur de pommes, et tout le monde tombait dans les pommes devant elle."",""run"":""gemini""},{""id"":67863,""pun"":""C'était la fille d'un vendeur de poires, mais elle n'en était pas une."",""run"":""gemini""},{""id"":35218,""pun"":""En tant que fille d'arboriculteur, elle ne comptait pas pour des prunes."",""run"":""gemini""},{""id"":16779,""pun"":""Fille d'agrumiculteur, elle avait un zeste de folie très séduisant."",""run"":""gemini""},{""id"":47121,""pun"":""Elle était la fille d'un verger, mais c'était surtout une belle pêche."",""run"":""gemini""},{""id"":10350,""pun"":""La fille du producteur de nectarines était une vraie perle, un vrai fruit défendu."",""run"":""gemini""}]"
2740	"[{""id"":10694,""pun"":""C'était la fille de l'archer, une femme qui visait toujours juste, surtout le cœur des hommes."",""run"":""gemini""},{""id"":47983,""pun"":""Elle ne cherchait pas l'amour, mais comme fille d'archer, elle avait toujours des flèches à son arc."",""run"":""gemini""},{""id"":42444,""pun"":""Fille d'archer, elle n'est pas difficile : elle prend tout au pied de la dé-lettre."",""run"":""gemini""},{""id"":46736,""pun"":""En tant que fille d'archer, elle n'est jamais perdue car elle connaît tous les bons plans de tir."",""run"":""gemini""},{""id"":52043,""pun"":""La fille de l'archer est très courtisée : elle a un succès fou, c'est peu de le tir."",""run"":""gemini""},{""id"":76649,""pun"":""Elle est la fille d'un archer, mais elle préfère les garçons qui ont de la flèche."",""run"":""gemini""},{""id"":21154,""pun"":""Elle est fille d'archer, donc quand elle sort en boîte, elle décoche."",""run"":""gemini""},{""id"":20871,""pun"":""C'est une fille d'archer, elle sait toujours se mettre en cible."",""run"":""gemini""},{""id"":81672,""pun"":""La fille de l'archer est tellement belle que tous les hommes ont un carquois de foudre."",""run"":""gemini""},{""id"":30569,""pun"":""Fille d'archer, elle ne manquait jamais d'air parce qu'elle était toujours dans le vent."",""run"":""gemini""},{""id"":32366,""pun"":""Elle était la fille d'un archer célèbre, mais pour les garçons, elle était surtout un beau parti de tir."",""run"":""gemini""},{""id"":38080,""pun"":""La fille de l'archer est très convoitée, elle est vraiment au centre de toutes les attentions."",""run"":""gemini""}]"
2741	"[{""id"":22121,""pun"":""Pourquoi les peintres ne vont-ils jamais en prison ? Parce qu'ils ont toujours un bon de sortie au fusain."",""run"":""gemini""},{""id"":78471,""pun"":""Mon ami peintre est très têtu : quand il a une idée en tête, il ne lâche pas le morceau de moelle sur la toile."",""run"":""gemini""},{""id"":49839,""pun"":""Elle était la fille d'un illustrateur : une vraie mine d'or, mais avec un sale caractère de cochon."",""run"":""gemini""},{""id"":73102,""pun"":""Le peintre était très riche, il avait beaucoup de liquide dans ses aquarelles."",""run"":""gemini""},{""id"":16463,""pun"":""Elle avait beau être peintre, elle n’avait aucun pinceau pour l’avenir."",""run"":""gemini""},{""id"":83936,""pun"":""Ma copine est comme une toile de maître : elle me coûte cher et elle n'est jamais cadrée."",""run"":""gemini""},{""id"":50005,""pun"":""Un peintre qui tombe amoureux, c'est quelqu'un qui a le coup de foudre au premier croquis."",""run"":""gemini""},{""id"":88274,""pun"":""C'est l'histoire d'un dessinateur qui s'est suicidé : il a fini par se faire un sang d'encre."",""run"":""gemini""},{""id"":11536,""pun"":""C'était la fille d'un peintre, mais elle savait attirer tous les regards sans pinceau."",""run"":""gemini""},{""id"":99362,""pun"":""L'artiste était nul en calcul, mais il savait très bien quand il fallait faire un trait."",""run"":""gemini""},{""id"":44956,""pun"":""Ce dessinateur est incroyable : il arrive à brosser un portrait sans même se coiffer."",""run"":""gemini""},{""id"":70827,""pun"":""Les dessinateurs de BD ne sont jamais fatigués car ils ont toujours des planches de salut."",""run"":""gemini""}]"
2742	"[{""id"":51966,""pun"":""Le notaire est très musclé car il soulève des successions de poids."",""run"":""gemini""},{""id"":65810,""pun"":""Elle était fille de juge, donc elle rendait toujours des comptes au lieu de les payer."",""run"":""gemini""},{""id"":87431,""pun"":""Le fantôme du notaire ne revient jamais, car son âme n'est pas ce qu'il retient."",""run"":""gemini""},{""id"":24708,""pun"":""Le notaire a été viré car il n'avait aucun legs de conduite."",""run"":""gemini""},{""id"":64790,""pun"":""Pourquoi le notaire prend-il des vitamines ? Pour garder un testament de fer."",""run"":""gemini""},{""id"":19795,""pun"":""L'avocat a mangé ses documents juridiques : c'était une affaire de bon goût."",""run"":""gemini""},{""id"":58867,""pun"":""Elle n'était que la fille d'un notaire, mais elle avait un testament de fer."",""run"":""gemini""},{""id"":81216,""pun"":""Pour un avocat, perdre sa robe, c'est rester sans défense."",""run"":""gemini""},{""id"":50308,""pun"":""Mon notaire est un homme de foi car il croit toujours en ses propres actes."",""run"":""gemini""},{""id"":13066,""pun"":""Ma conjointe est fille de notaire, elle a toujours le dernier mot d'héritage."",""run"":""gemini""},{""id"":57481,""pun"":""Un notaire qui tombe à l'eau ne se noie pas, il flotte car il a trop de fonds."",""run"":""gemini""},{""id"":62745,""pun"":""C'est l'histoire d'un vieux notaire qui ne perdait jamais la mémoire, mais qui perdait souvent l'étude."",""run"":""gemini""}]"
2743	"[{""id"":10610,""pun"":""Elle était mécanicienne et avait des yeux de biche. Il l'appelait sa biche de vidange."",""run"":""gemini""},{""id"":90242,""pun"":""Elle faisait beaucoup de sport pour rester svelte ; c'était une preuve d'affection et de flexion."",""run"":""gemini""},{""id"":68952,""pun"":""Le jeune faon était très poli, il disait toujours 'faon-jour'."",""run"":""gemini""},{""id"":73313,""pun"":""Elle était si frêle qu'il a eu un coup de faon pour elle."",""run"":""gemini""},{""id"":57524,""pun"":""- Tu m'aimes ? demanda la biche. - Bien cerf, répondit-il."",""run"":""gemini""},{""id"":72720,""pun"":""Quand la biche a rompu, le cerf a dit : 'C'est un coup de sabot dans l'eau'."",""run"":""gemini""},{""id"":19157,""pun"":""Elle était si petite et mignonne qu'on l'appelait 'ma petite biche-en-bouche'."",""run"":""gemini""},{""id"":68892,""pun"":""Il aimait tellement la forêt qu'il a fini par prendre racine avec sa biche."",""run"":""gemini""},{""id"":74609,""pun"":""Elle avait un regard de biche et il la trouvait adorable. C'était sa biche-aimée."",""run"":""gemini""},{""id"":38421,""pun"":""Le cerf n'est jamais en retard car il est toujours à l'heure de hure."",""run"":""gemini""},{""id"":64761,""pun"":""Une biche qui ne sait pas où elle va est une biche perdue de vue."",""run"":""gemini""},{""id"":10739,""pun"":""Pour séduire cette biche, je me suis un peu forcé, mais c'était pour la forêt."",""run"":""gemini""}]"
2744	"[{""id"":88419,""pun"":""Elle est si douée pour les bonnes affaires qu'elle a franchi le mur du son... d'avoine, pour économiser sur le petit-déjeuner."",""run"":""gemini""},{""id"":36428,""pun"":""À force de chercher des rabais, elle a fini par trouver sa place... de marché."",""run"":""gemini""},{""id"":81118,""pun"":""Elle était si radine qu'elle ne faisait pas de shopping, elle faisait du 'stop-ping' pour ne rien dépenser."",""run"":""gemini""},{""id"":67794,""pun"":""Elle est si avare qu'elle a acheté une règle pour mesurer ses dépenses, mais elle a trouvé ça trop cher payé."",""run"":""gemini""},{""id"":87064,""pun"":""Quand elle voit une promo, elle ne perd pas une seconde, elle court plus vite qu'un cent-mètres... de tissu en réduction."",""run"":""gemini""},{""id"":98419,""pun"":""Elle avait un tel flair pour les prix bas qu'elle sentait les promos à un ray-on de kilomètres."",""run"":""gemini""},{""id"":67684,""pun"":""Elle est tellement économe qu'elle ne fait jamais de shopping de luxe, c'est hors de sa portée... de vue."",""run"":""gemini""},{""id"":11027,""pun"":""C'est une pro du shopping : elle ne loupe jamais une boutique, elle a toujours le compas dans l'œil... pour les prix cassés."",""run"":""gemini""},{""id"":54828,""pun"":""Elle était si économe qu'elle pouvait sentir les soldes à des milles à la ronde."",""run"":""gemini""},{""id"":14778,""pun"":""Elle a un flair incroyable : elle détecte un rabais à dix stades de là."",""run"":""gemini""},{""id"":55847,""pun"":""Elle ne va jamais au centre commercial sans son mètre, parce qu'elle a le sens de la mesure... des remises."",""run"":""gemini""},{""id"":56618,""pun"":""Pour les soldes, elle n'est pas simplement rapide, elle est à des années-lumière de ses concurrentes."",""run"":""gemini""}]"
2745	"[{""id"":25499,""pun"":""Le suspect du vol de bijoux était très attaché à son épingle de cravate."",""run"":""gemini""},{""id"":27777,""pun"":""On soupçonnait la femme du boulanger d'avoir volé une broche, mais l'accusation n'a jamais pu la dorer."",""run"":""gemini""},{""id"":10863,""pun"":""Elle a volé une broche, mais elle a réussi à s'en sortir sans une égratignure."",""run"":""gemini""},{""id"":80650,""pun"":""Elle a volé un bijou à épingle, mais la police n'a pas réussi à la piquer."",""run"":""gemini""},{""id"":50945,""pun"":""Voler une broche sans se faire prendre, c'est vraiment une affaire rondement menée sans accroc."",""run"":""gemini""},{""id"":50907,""pun"":""Elle a volé une broche de luxe, c'était le clou du spectacle."",""run"":""gemini""},{""id"":78088,""pun"":""Le juge a classé l'affaire du vol de bijou : il n'y avait aucune attache solide."",""run"":""gemini""},{""id"":81797,""pun"":""On l'accusait d'avoir dérobé une épingle, mais l'enquête est restée en suspens."",""run"":""gemini""},{""id"":49062,""pun"":""Pour voler ce bijou, elle a accumulé les gags, mais elle a fini par faire une gaffe."",""run"":""gemini""},{""id"":98047,""pun"":""Elle a volé une broche en forme de poisson, mais elle a réussi à noyer le poisson."",""run"":""gemini""},{""id"":69146,""pun"":""Le voleur de broche a été libéré : les preuves n'étaient pas assez pointues."",""run"":""gemini""},{""id"":30701,""pun"":""Quand on vole une broche, on finit souvent par se faire agrafer par la police."",""run"":""gemini""}]"
2746	"[{""id"":27266,""pun"":""La fille du pompier n'est pas facile : c'est un vrai pot-au-feu, elle bouillonne pour rien."",""run"":""gemini""},{""id"":82196,""pun"":""Le pompier est fier de sa fille : avec son caractère, elle démarre au quart de tour."",""run"":""gemini""},{""id"":91936,""pun"":""La fille du pompier est très colérique : on peut dire qu'elle a le sang chaud."",""run"":""gemini""},{""id"":38633,""pun"":""Elle n'était pas seulement la fille du pompier, elle avait aussi un tempérament de feu."",""run"":""gemini""},{""id"":79794,""pun"":""C'est dur d'être la fille du pompier quand on est une vraie tête de lard... ou plutôt de lard ardent."",""run"":""gemini""},{""id"":70251,""pun"":""Elle n'est pas seulement la fille du pompier, c'est une grande chaleur car c'est une sacrée râleuse."",""run"":""gemini""},{""id"":56652,""pun"":""Ce n'était pas seulement la fille du pompier, c'était aussi une vraie tête brûlée."",""run"":""gemini""},{""id"":60286,""pun"":""La fille du pompier est un vrai dragon : elle crache du feu dès qu'elle s'énerve."",""run"":""gemini""},{""id"":89413,""pun"":""Elle n'est pas seulement la fille du pompier, elle a toujours le feu aux poudres."",""run"":""gemini""},{""id"":20380,""pun"":""Elle n'est pas seulement la fille du pompier, elle est carrément tout feu tout flamme."",""run"":""gemini""},{""id"":52103,""pun"":""Elle n'est pas seulement la fille du pompier, c'est aussi une sacrée soupe-au-lait : dès qu'on chauffe, elle déborde."",""run"":""gemini""},{""id"":79931,""pun"":""Elle n'était pas seulement la fille du pompier, elle passait sa vie à s'enflammer."",""run"":""gemini""}]"
2747	"[{""id"":46956,""pun"":""La chorale bave devant son talent, car quand ils chantent, ils bayent aux corneilles."",""run"":""gemini""},{""id"":18822,""pun"":""C'est une compositrice qui a de la suite dans les idées : surtout des suites d'orchestre."",""run"":""gemini""},{""id"":56552,""pun"":""Elle n'a jamais fini sa symphonie car elle n'avait plus de temps dans sa mesure."",""run"":""gemini""},{""id"":96877,""pun"":""À force de composer, elle n'a plus toute sa tête, mais elle a toutes ses notes."",""run"":""gemini""},{""id"":47802,""pun"":""C'est une compositrice radine : elle n'utilise que des noires parce que les blanches sont trop chères."",""run"":""gemini""},{""id"":40869,""pun"":""Elle compose des musiques pour ascenseurs, elle a beaucoup de morceaux qui montent et qui descendent."",""run"":""gemini""},{""id"":84187,""pun"":""Le compositeur est tombé dans l'escalier, heureusement il a bien chuté : c'était une chute de tension."",""run"":""gemini""},{""id"":31634,""pun"":""Pourquoi la compositrice écrit-elle toujours sur du papier sulfurisé ? Pour ne pas que ses notes attachent."",""run"":""gemini""},{""id"":71745,""pun"":""Elle est si douée pour les arrangements qu'elle a même réussi à accorder son piano avec son prêt bancaire."",""run"":""gemini""},{""id"":35995,""pun"":""Cette chef d'orchestre est épuisée : elle a passé sa vie à battre la mesure sans jamais gagner le combat."",""run"":""gemini""},{""id"":58204,""pun"":""Son mari compositeur est très ordonné : il met toujours ses bémols là où il y a un plat."",""run"":""gemini""},{""id"":44355,""pun"":""Quand on lui parle de ses oeuvres, elle ne répond rien, elle reste sur la défensive : c'est sa clé de sol."",""run"":""gemini""}]"
2748	"[{""id"":74451,""pun"":""Elle nage en pleines eaux troubles, mais avec sa chance, c'est de l'eau de boudin."",""run"":""gemini""},{""id"":97627,""pun"":""Elle est dans de sales draps, mais vu la temp&#233;rature de l'eau, elle va surtout finir &#224; la blanchisserie."",""run"":""gemini""},{""id"":68635,""pun"":""Plong&#233;e dans l'eau bouillante, elle a fini par l&#226;cher une perle : c'est l'hu&#238;tre de la situation."",""run"":""gemini""},{""id"":30231,""pun"":""Elle est tellement dans le p&#233;trin qu'elle commence &#224; lever comme une miche."",""run"":""gemini""},{""id"":12565,""pun"":""Elle est tellement dans le bouillon qu'on pourrait y faire cuire une garniture pour 20 personnes."",""run"":""gemini""},{""id"":60178,""pun"":""C'est une id&#233;e fumeuse qui l'a rendue furieuse quand la facture est tomb&#233;e &#224; l'eau."",""run"":""gemini""},{""id"":19083,""pun"":""Elle est dans une telle soupe de problèmes qu'elle commence à devenir potage-ère."",""run"":""gemini""},{""id"":78810,""pun"":""Elle est dans une sauce si chaude qu'elle cherche le chef pour r&#233;clamer le sel de la vie."",""run"":""gemini""},{""id"":72098,""pun"":""Prise entre deux feux dans l'eau chaude, elle fait une r&#233;duction de personnel culinaire."",""run"":""gemini""},{""id"":19610,""pun"":""Elle est tellement dans la mouise qu'elle a ouvert une usine de pur&#233;e."",""run"":""gemini""},{""id"":52723,""pun"":""Elle a une situation si fumeuse qu'elle est devenue fugueuse pour éviter l'explosion."",""run"":""gemini""},{""id"":33150,""pun"":""Son avenir est si bouillant qu'elle a d&#233;cid&#233; de devenir thermo-m&#232;tre de sa propre vie."",""run"":""gemini""}]"
2749	"[{""id"":59919,""pun"":""Son estomac ne rejette pas le plat, il rejette le plaidoyer."",""run"":""gemini""},{""id"":28369,""pun"":""Elle ne dégobille pas son dîner, elle débobine ses secrets."",""run"":""gemini""},{""id"":21166,""pun"":""Elle n'est pas barbouillée par le gras, mais par le gras de ses péchés."",""run"":""gemini""},{""id"":46846,""pun"":""Elle n'est pas en train de vomir, elle vide son sac."",""run"":""gemini""},{""id"":22938,""pun"":""Elle ne crache pas de la bile, elle crache le morceau."",""run"":""gemini""},{""id"":45319,""pun"":""Ce n'est pas un reflux gastrique, c'est un flux de panique face aux aveux."",""run"":""gemini""},{""id"":63173,""pun"":""À force de n'avaler que des mensonges, elle finit par faire une indigestion de vérité."",""run"":""gemini""},{""id"":42964,""pun"":""Elle ne rend pas son déjeuner, elle rend des comptes."",""run"":""gemini""},{""id"":97675,""pun"":""Elle n'a pas l'estomac retourné, elle a la langue déliée."",""run"":""gemini""},{""id"":37158,""pun"":""Elle n'a pas la nausée, elle a la 'noser' : elle ose enfin dire toute la vérité."",""run"":""gemini""},{""id"":15872,""pun"":""Si elle a le cœur au bord des lèvres, c'est que la vérité va finir par sortir."",""run"":""gemini""},{""id"":47064,""pun"":""Elle ne vomit pas son repas, elle vomit sa haine."",""run"":""gemini""}]"
2750	"[{""id"":27201,""pun"":""Pourquoi les bergers n'utilisent-ils jamais d'ascenseur ? Parce qu'ils ont déjà leur propre manche."",""run"":""gemini""},{""id"":46392,""pun"":""Un berger qui ne trouve plus ses brebis est un homme qui a perdu son bâton de pèlerin."",""run"":""gemini""},{""id"":56920,""pun"":""Un bon berger sait toujours où il en est : il a le compas dans l'oeil et le bâton dans la main."",""run"":""gemini""},{""id"":26850,""pun"":""Lors du séminaire, les bergers ont discuté du bien-être au travail : c'était un vrai 'bêêê-nace'."",""run"":""gemini""},{""id"":26071,""pun"":""Les délégués du syndicat des bergers sont des gens qui savent manier le bâton et la carotte."",""run"":""gemini""},{""id"":88638,""pun"":""Les gardiens de troupeau ont parfois des problèmes de personnel : ils perdent la canne."",""run"":""gemini""},{""id"":52363,""pun"":""À la réunion des bergers, on ne parle que de l'effectif : combien de pattes pour un seul bâton ?"",""run"":""gemini""},{""id"":68572,""pun"":""Les bergers font souvent des têtes à têtes avec leurs moutons."",""run"":""gemini""},{""id"":56155,""pun"":""Les bergers adorent les réunions de chantier, surtout quand il s'agit de poser des jalons."",""run"":""gemini""},{""id"":55382,""pun"":""Un berger en colère, c'est quelqu'un qui prend ses moutons pour des chèvres et qui pète un câble... ou une houlette."",""run"":""gemini""},{""id"":51169,""pun"":""Le berger a été viré car il faisait trop de 'laine' de fond."",""run"":""gemini""},{""id"":50814,""pun"":""Au conseil d'administration des bergers, on a décidé de ne plus tondre la pelouse mais le budget."",""run"":""gemini""}]"
2751	"[{""id"":69362,""pun"":""Des bottes très émotives : elles vous mettent les pieds dans le plat... de l'émotion."",""run"":""gemini""},{""id"":34023,""pun"":""Ces baskets sont si belles qu'elles me font marcher au sentiment."",""run"":""gemini""},{""id"":85014,""pun"":""Prenez de l'avance avec ces chaussures : elles ont toujours un pas d'avance sur votre cœur."",""run"":""gemini""},{""id"":57221,""pun"":""Des chaussures pour cinéphiles : elles sont toujours en plein mouvement."",""run"":""gemini""},{""id"":18437,""pun"":""Des chaussures qui touchent : elles ne vous laisseront pas de marbre, mais de marche."",""run"":""gemini""},{""id"":95931,""pun"":""Des semelles qui ont de l'esprit : elles vous transportent d'émotion."",""run"":""gemini""},{""id"":93627,""pun"":""Pour aller loin, choisissez des chaussures qui ont du répondant... et du talon."",""run"":""gemini""},{""id"":22211,""pun"":""Des sandales qui savent vous parler : elles ont une âme de voyageuse."",""run"":""gemini""},{""id"":20304,""pun"":""On m'a dit que ces chaussures étaient émouvantes, j'ai tout de suite suivi le mouvement."",""run"":""gemini""},{""id"":72415,""pun"":""Des chaussures qui ont du cœur : elles vous feront de l'effet à chaque pas."",""run"":""gemini""},{""id"":90277,""pun"":""Ces mocassins sont bouleversants : ils vous font perdre pied."",""run"":""gemini""},{""id"":86669,""pun"":""Ne restez pas figé : ces chaussures vous donneront le coup de pompe... d'adrénaline."",""run"":""gemini""}]"
2752	"[{""id"":82438,""pun"":""Les fans de shopping ne font pas de vieux os, ils s'achèvent à petits prix."",""run"":""gemini""},{""id"":10814,""pun"":""Quand un commerçant fait naufrage, il finit toujours par faire une petite braderie de mer."",""run"":""gemini""},{""id"":10579,""pun"":""Les accros du shopping ne meurent pas, ils s'en voilent au septième ciel."",""run"":""gemini""},{""id"":36468,""pun"":""Les accros aux rabais ne s'éteignent pas, ils perdent juste leur étiquette."",""run"":""gemini""},{""id"":99779,""pun"":""À la mort d'un grand vendeur de rideaux, on a dit qu'il partait pour son dernier voilage."",""run"":""gemini""},{""id"":88634,""pun"":""Les acheteurs de bateaux ont de la chance : ils naviguent toujours sur les bonnes affaires."",""run"":""gemini""},{""id"":77388,""pun"":""Un marin qui cherche des soldes, c'est un expert en navigation à vue... de nez pour les promos."",""run"":""gemini""},{""id"":50785,""pun"":""Les marins qui aiment les rabais ne coulent jamais, ils liquident leurs dettes en haute mer."",""run"":""gemini""},{""id"":77370,""pun"":""Un client fidèle qui s'éteint, c'est juste un solde qui a rendu l'âme."",""run"":""gemini""},{""id"":64205,""pun"":""Pourquoi les acheteurs compulsifs naviguent-ils bien ? Parce qu’ils ont toujours le vent en poupe... de réduction."",""run"":""gemini""},{""id"":61084,""pun"":""Un voilier en promotion, c'est une affaire qui ne manque pas d'air."",""run"":""gemini""},{""id"":88356,""pun"":""Il ne faut pas pleurer les clients du luxe, ils sont juste passés de l'autre côté de la caisse."",""run"":""gemini""}]"
2753	"[{""id"":92464,""pun"":""Pourquoi les centres commerciaux sont-ils solitaires ? Parce qu'ils n'ont que des rayons."",""run"":""gemini""},{""id"":52315,""pun"":""Le gérant du supermarché a été licencié, c'était un licenciement de détail."",""run"":""gemini""},{""id"":22412,""pun"":""Quand un centre commercial s'effondre, c'est tout un pan de l'économie qui tombe."",""run"":""gemini""},{""id"":18094,""pun"":""Le poissonnier du centre commercial est un type bien, il ne manque pas d'air... ni de thon."",""run"":""gemini""},{""id"":36798,""pun"":""Les centres commerciaux, quand on en a vu un, on les a tout-vendu."",""run"":""gemini""},{""id"":84401,""pun"":""Un parking de centre commercial plein à craquer, c'est un parc-étroit."",""run"":""gemini""},{""id"":95844,""pun"":""Je n'aime pas les centres commerciaux, ça me donne l'hypermarché de tête."",""run"":""gemini""},{""id"":78045,""pun"":""On m'a proposé un poste de vigile dans un hypermarché, mais j'ai décliné : ce n'est pas mon rayon."",""run"":""gemini""},{""id"":19765,""pun"":""Un centre commercial qui brûle, c'est une affaire qui part en fumée."",""run"":""gemini""},{""id"":83637,""pun"":""Ma femme a passé la journée au centre commercial. Elle a fait un achat, j'ai fait un infarctus."",""run"":""gemini""},{""id"":55236,""pun"":""Les centres commerciaux, c'est toujours la même chanson, on nous mène par le bout du nez... ou du caddie."",""run"":""gemini""},{""id"":62769,""pun"":""Le boulanger du centre commercial a fait faillite, il n'avait plus de galette."",""run"":""gemini""}]"
2754	"[{""id"":90573,""pun"":""Les vieux ne sont pas finis, ils sont juste arrivés au stade de la 'séquence' finale."",""run"":""gemini""},{""id"":32590,""pun"":""Un sénior qui ne fait rien de ses journées, c'est un 'vieux-rien'."",""run"":""gemini""},{""id"":37463,""pun"":""Est-ce qu'un vieux qui a perdu la mémoire est une personne sans-âgé ?"",""run"":""gemini""},{""id"":14545,""pun"":""Les seniors ne sont pas vieux, ils sont simplement des 're-traités' de la jeunesse."",""run"":""gemini""},{""id"":69181,""pun"":""Quand on est vieux, on ne perd pas la tête, on change juste de 'dé-pense'."",""run"":""gemini""},{""id"":77725,""pun"":""Le problème avec la vieillesse, c'est que le futur devient du passé-temps."",""run"":""gemini""},{""id"":14558,""pun"":""Quand un vieux devient inutile, est-ce qu'il devient un 'vie-à-rien' ?"",""run"":""gemini""},{""id"":39009,""pun"":""Les personnes âgées ne sont pas encombrantes, elles ont juste beaucoup de 'véquence'."",""run"":""gemini""},{""id"":26713,""pun"":""Un vieux qui ne sert plus à rien, c'est un homme de peu de poids ou un homme de 'vieux-poids' ?"",""run"":""gemini""},{""id"":36621,""pun"":""Les personnes âgées ne sont pas inutiles, elles sont juste en phase de dé-périssement."",""run"":""gemini""},{""id"":62448,""pun"":""L'avantage d'être vieux et inutile, c'est qu'on a tout son temps pour ne rien en faire."",""run"":""gemini""},{""id"":76674,""pun"":""Il ne faut pas dire qu'un vieux est inutile, dites qu'il est en 'perte d'activités'."",""run"":""gemini""}]"
2755	"[{""id"":39577,""pun"":""Le boulanger a été arrêté car il vendait son pain au black-en-four."",""run"":""gemini""},{""id"":52563,""pun"":""Le boulanger qui a gagné au loto a vraiment mis la main à la pâte, au sens propre."",""run"":""gemini""},{""id"":24265,""pun"":""Un boulanger qui a du succès, c'est quelqu'un qui a la frite, mais qui préfère le blé."",""run"":""gemini""},{""id"":31849,""pun"":""Pourquoi le boulanger est-il toujours de bonne humeur ? Parce qu'il a le moral en boule."",""run"":""gemini""},{""id"":21843,""pun"":""Si un boulanger est en forme, c'est parce qu'il garde la pêche, mais il préfère la poire pour ses tartes."",""run"":""gemini""},{""id"":57714,""pun"":""Un boulanger qui réussit tout ce qu'il entreprend, c'est un homme qui ne fait pas de quartier, sauf pour ses pommes."",""run"":""gemini""},{""id"":86442,""pun"":""Un pâtissier en pleine ascension, c'est quelqu'un qui prend de la brioche sans grossir."",""run"":""gemini""},{""id"":41566,""pun"":""Quand un pâtissier est fatigué, on dit qu'il est roulé dans la farine."",""run"":""gemini""},{""id"":83913,""pun"":""Un boulanger qui a du succès est un homme qui a toujours du pain sur la planche, mais qui finit par le vendre."",""run"":""gemini""},{""id"":68198,""pun"":""Pour réussir sa vie, un boulanger doit savoir pétrir avant de périr."",""run"":""gemini""},{""id"":87759,""pun"":""On a demandé au boulanger s'il était riche, il a répondu : 'Je me fais pas de bile, je me fais du beurre'."",""run"":""gemini""},{""id"":22123,""pun"":""Comment appelle-t-on un petit pain qui ne veut pas travailler ? Une brioche de repos."",""run"":""gemini""}]"
2756	"[{""id"":64945,""pun"":""Régime auditif : ne mangez que ce que vous entendez tomber."",""run"":""gemini""},{""id"":85913,""pun"":""Dans une salle de sport : On n'est pas venu pour faire l'appoint, on est venu pour faire le poids."",""run"":""gemini""},{""id"":76742,""pun"":""Pourquoi les sourds ne grossissent-ils pas ? Parce qu'ils n'entendent pas l'appel du frigo."",""run"":""gemini""},{""id"":35363,""pun"":""Publicité pour un régime : Voulez-vous perdre du poids ou perdre votre temps ?"",""run"":""gemini""},{""id"":94578,""pun"":""À l'école de musique, on apprend à écouter, mais à la gym, on apprend à s'écouter rétrécir."",""run"":""gemini""},{""id"":59841,""pun"":""Il ne faut pas confondre : un régime de bananes et une banane qui fait un régime."",""run"":""gemini""},{""id"":65348,""pun"":""Ma balance est un instrument de musique : elle me donne toujours le ton de ma journée."",""run"":""gemini""},{""id"":61488,""pun"":""Le poids est un fardeau, mais l'ouïe est un sens-dessus-dessous."",""run"":""gemini""},{""id"":17864,""pun"":""Un son qui baisse, c'est un son qui se réduit au silence."",""run"":""gemini""},{""id"":56266,""pun"":""Le nutritionniste m'a dit : 'Mangez moins, c'est un ordre.' J'ai répondu : 'Non, c'est un moindre.'"",""run"":""gemini""},{""id"":91486,""pun"":""Si vous voulez diminuer, commencez par ne plus être de mèche avec le gras."",""run"":""gemini""},{""id"":63733,""pun"":""Les oreilles ont des murs, surtout quand on diminue le son."",""run"":""gemini""}]"
2757	"[{""id"":80642,""pun"":""Ma carrière d'électricien est au courant de rien."",""run"":""gemini""},{""id"":88525,""pun"":""L'électricien était très branché, il ne manquait pas de jus."",""run"":""gemini""},{""id"":96908,""pun"":""Un électricien ne refuse jamais un travail, sauf s'il a déjà sauté."",""run"":""gemini""},{""id"":96932,""pun"":""Un électricien qui meurt, on dit qu'il s'est éteint ?"",""run"":""gemini""},{""id"":66219,""pun"":""Je n'aime pas les électriciens, ils me mettent toujours sous tension."",""run"":""gemini""},{""id"":35068,""pun"":""L'électricien a été arrêté pour vol, il a franchi la ligne."",""run"":""gemini""},{""id"":67199,""pun"":""Pourquoi l'électricien a-t-il été viré ? Parce qu'il n'avait pas d'ampoule au cerveau."",""run"":""gemini""},{""id"":50206,""pun"":""Les électriciens font toujours de la résistance."",""run"":""gemini""},{""id"":47291,""pun"":""Électricien au chômage : il a perdu le courant."",""run"":""gemini""},{""id"":21456,""pun"":""J'ai une confiance aveugle en mon électricien, il a un flash."",""run"":""gemini""},{""id"":68955,""pun"":""Il n'y a pas de quoi en faire un plat, c'est juste un court-circuit."",""run"":""gemini""},{""id"":82464,""pun"":""Quel est le comble pour un électricien ? C'est de ne pas être au courant."",""run"":""gemini""}]"
2758	"[{""id"":79768,""pun"":""Le flacon est tombé, c'est l'essence même du problème."",""run"":""gemini""},{""id"":52683,""pun"":""Une bouteille de parfum qui ne sent plus rien est hors d'odeur."",""run"":""gemini""},{""id"":57236,""pun"":""Pour un parfum brisé, on ne peut plus rien faire, c'est un cas de force senteur."",""run"":""gemini""},{""id"":28310,""pun"":""Un parfum qui fuit, c'est une fragrance de délit."",""run"":""gemini""},{""id"":32815,""pun"":""Le parfum s'est évaporé : il a pris la poudre d'escampette."",""run"":""gemini""},{""id"":85348,""pun"":""J'ai cassé mon flacon de Chanel : c'est un vrai n°5 de catastrophe."",""run"":""gemini""},{""id"":30365,""pun"":""Ce flacon de parfum est cassé : il a perdu connaissance."",""run"":""gemini""},{""id"":54931,""pun"":""Ce flacon est tout petit, c'est un échantillon de mauvaise senteur."",""run"":""gemini""},{""id"":48239,""pun"":""Mon parfum est vide, je suis dans un état de manque de senteur."",""run"":""gemini""},{""id"":73481,""pun"":""Un vaporisateur en panne ? C'est parce qu'il n'a plus d'esprit."",""run"":""gemini""},{""id"":84088,""pun"":""Le parfumeur a fait faillite, il n'avait plus un cent."",""run"":""gemini""},{""id"":62896,""pun"":""Un parfum qui sent mauvais, c'est une erreur de bon senteur."",""run"":""gemini""}]"
2759	"[{""id"":25350,""pun"":""On vend des percussions : frappez avant d'entrer !"",""run"":""gemini""},{""id"":85115,""pun"":""Magasin de cymbales : venez faire une scène !"",""run"":""gemini""},{""id"":62052,""pun"":""Prenez un tambour, puis foutez le camp !"",""run"":""gemini""},{""id"":70924,""pun"":""Pas besoin d'être un génie pour le trombone : ne nous faites pas un dessin !"",""run"":""gemini""},{""id"":60500,""pun"":""Achetez un tambour ici et prenez la mesure !"",""run"":""gemini""},{""id"":37024,""pun"":""Vente de baguettes : on va vous mener à la baguette !"",""run"":""gemini""},{""id"":91988,""pun"":""Ici, on vend des flûtes. Ne nous sifflez pas !"",""run"":""gemini""},{""id"":73681,""pun"":""Venez essayer nos cloches, vous allez sonner les gens !"",""run"":""gemini""},{""id"":26563,""pun"":""Entrez choisir une batterie, puis filez à l'anglaise !"",""run"":""gemini""},{""id"":28538,""pun"":""Vente de xylophones : ne tombez pas sur un os !"",""run"":""gemini""},{""id"":69960,""pun"":""Vous cherchez une grosse caisse ? Ne soyez pas trop timbalé !"",""run"":""gemini""},{""id"":60996,""pun"":""Achetez une harpe et grattez d'ici !"",""run"":""gemini""}]"
2760	"[{""id"":84875,""pun"":""Électriciens : nous sommes toujours au courant."",""run"":""gemini""},{""id"":62677,""pun"":""C'est un électricien qui a beaucoup d'ampoule aux mains."",""run"":""gemini""},{""id"":10323,""pun"":""Un électricien qui n'a pas de jus, c'est fatiguant."",""run"":""gemini""},{""id"":15249,""pun"":""Un électricien ne meurt jamais, il perd juste son fil."",""run"":""gemini""},{""id"":89382,""pun"":""L'électricien est resté branché toute la soirée."",""run"":""gemini""},{""id"":89838,""pun"":""On a demandé à l'électricien de changer d'avis, il a pris un tournevis."",""run"":""gemini""},{""id"":26108,""pun"":""Pour un électricien, il est important d'avoir une bonne tension."",""run"":""gemini""},{""id"":21226,""pun"":""Un électricien se retire toujours quand il y a un court-circuit."",""run"":""gemini""},{""id"":78954,""pun"":""Il m'a foudroyé du regard, il doit être électricien."",""run"":""gemini""},{""id"":63700,""pun"":""L'électricien a été viré car il n'avait pas de prise sur la situation."",""run"":""gemini""},{""id"":48579,""pun"":""Pourquoi l'électricien est-il zen ? Parce qu'il lâche prise."",""run"":""gemini""},{""id"":37759,""pun"":""Entre deux électriciens, le courant passe bien."",""run"":""gemini""}]"
2761	"[{""id"":24257,""pun"":""Le hacker a été arrêté car il a trop mordu à l'appât du gain."",""run"":""gemini""},{""id"":75965,""pun"":""Sur la porte du pirate : 'Je suis à la marée chaussée'."",""run"":""gemini""},{""id"":62089,""pun"":""Pourquoi les hackers aiment-ils les rivières ? Parce qu'ils adorent l'hameçonnage."",""run"":""gemini""},{""id"":18248,""pun"":""Que fait un hacker avec une canne ? Il cherche des vers informatiques."",""run"":""gemini""},{""id"":66836,""pun"":""Un hacker qui se noie, c'est un pirate d'eau douce ?"",""run"":""gemini""},{""id"":15360,""pun"":""J'ai ouvert un mail de pêche, maintenant mon ordi a le mal de mer."",""run"":""gemini""},{""id"":63339,""pun"":""Message du hacker absent : 'Parti pêcher des gros poissons dans vos comptes'."",""run"":""gemini""},{""id"":58359,""pun"":""Les cyber-délinquants sont de bons marins : ils naviguent toujours en eaux troubles."",""run"":""gemini""},{""id"":15342,""pun"":""Il ne faut jamais prêter sa carte bleue à un pêcheur, il risque de vous vider votre filet."",""run"":""gemini""},{""id"":94819,""pun"":""Un escroc du web en bateau, c'est une pêcheuse qui devient vite payeuse."",""run"":""gemini""},{""id"":64521,""pun"":""Un hacker qui part en vacances au bord de l'eau ne pêche pas, il fait du 'pêche-données'."",""run"":""gemini""},{""id"":38590,""pun"":""L'escroc a été jeté en cellule : il n'avait pas le bon mot de passe-partout."",""run"":""gemini""}]"
2762	"[{""id"":76193,""pun"":""Parler fort ici est un crime de lèse-majesté... de la lecture."",""run"":""gemini""},{""id"":62889,""pun"":""Un lecteur qui parle trop, c'est un homme de lettres de motivation... sonore."",""run"":""gemini""},{""id"":58615,""pun"":""Les livres n'aiment pas les cris car ils ont plusieurs tomes, mais un seul ouïe-dire."",""run"":""gemini""},{""id"":13682,""pun"":""Le silence est d'or, mais ici, il est de rigueur."",""run"":""gemini""},{""id"":79326,""pun"":""Ne parlez pas à voix haute, les livres font une sieste de papier."",""run"":""gemini""},{""id"":69775,""pun"":""À la bibliothèque, si on hausse le ton, on se fait rayer de la carte."",""run"":""gemini""},{""id"":47258,""pun"":""Un livre qui crie trop fort, c'est un bouquin-bruit."",""run"":""gemini""},{""id"":19806,""pun"":""Si tu parles, tu sors, c'est l'amende honorable."",""run"":""gemini""},{""id"":98449,""pun"":""Le bibliothécaire est sourd, c'est pour ça qu'il demande le silence, il veut entendre une mouche voler."",""run"":""gemini""},{""id"":36418,""pun"":""Si vous parlez trop haut, le bibliothécaire vous met au parfum : il n'a plus de pif pour le bruit."",""run"":""gemini""},{""id"":81887,""pun"":""Dans cette bibliothèque, on ne parle pas fort, on parle par-chemin."",""run"":""gemini""},{""id"":33073,""pun"":""Le bibliothécaire n'aime pas le rap : il préfère les silences de texte."",""run"":""gemini""}]"
2763	"[{""id"":72155,""pun"":""Un pécheur qui sourit sans arrêt est un homme qui a la banane sous sa croix."",""run"":""gemini""},{""id"":67364,""pun"":""À force de sourire pour cacher ses péchés, il finit par avoir un visage de vidage de compte."",""run"":""gemini""},{""id"":88719,""pun"":""Il a fait une erreur de jeunesse, c'est ce qu'on appelle une offense de l'art."",""run"":""gemini""},{""id"":83189,""pun"":""Un péché mignon, c'est comme un chaton : c'est adorable jusqu'à ce que ça fasse ses griffes sur votre âme."",""run"":""gemini""},{""id"":30812,""pun"":""Il a commis un péché de gourmandise, il est maintenant dans de beaux draps... de pâtisserie."",""run"":""gemini""},{""id"":34560,""pun"":""On dit qu'un méchant qui rigole est un homme qui a le rire sardonique, mais s'il est au buffet, c'est un rire sardinique."",""run"":""gemini""},{""id"":97994,""pun"":""Le démon est un excellent photographe : il sait toujours vous tirer le portrait avec un rictus d'enfer."",""run"":""gemini""},{""id"":91664,""pun"":""L'immoralité n'a pas d'odeur, c'est pour ça qu'on dit que le vice est un parfum d'ambiance."",""run"":""gemini""},{""id"":70003,""pun"":""Un sourire forcé pour cacher une faute, c'est un 'mea culpa' avec les dents."",""run"":""gemini""},{""id"":20834,""pun"":""Le vice est un cercle vicieux, mais pour un mécanicien, c'est surtout un cercle vis-à-vis."",""run"":""gemini""},{""id"":41599,""pun"":""Les gens qui sourient tout le temps cachent souvent des intentions sombres ; méfiez-vous des rictus de fortune."",""run"":""gemini""},{""id"":64433,""pun"":""Un démon qui a le sourire jusqu'aux oreilles, c'est un ange qui a mal tourné la page."",""run"":""gemini""}]"
2764	"[{""id"":60703,""pun"":""Il s'est fait hacher par la machine. On peut dire qu'il n'a plus le cœur à l'ouvrage, ni ailleurs d'ailleurs."",""run"":""gemini""},{""id"":80891,""pun"":""Le patron de la scierie est un homme de tronc, même s'il a perdu une jambe."",""run"":""gemini""},{""id"":40028,""pun"":""Il s'est coupé en deux à la scierie. Depuis, il a un avis très partagé sur son métier."",""run"":""gemini""},{""id"":76147,""pun"":""Le bûcheron qui a perdu son bras est resté très digne : il ne s'est pas laisser abattre."",""run"":""gemini""},{""id"":42683,""pun"":""Depuis qu'il a glissé dans le hachoir à bois, il a un moral de copeaux."",""run"":""gemini""},{""id"":17531,""pun"":""L'employé de la scierie est tombé dans la machine. On a essayé de l'aider, mais il était déjà trop 'scie'."",""run"":""gemini""},{""id"":69150,""pun"":""On a demandé au menuisier s'il allait bien après l'accident; il a répondu : « Je touche du bois. »"",""run"":""gemini""},{""id"":87634,""pun"":""L'ouvrier de la scierie a été licencié car il ne faisait pas le poids. C'est dommage, il avait pourtant du plancher."",""run"":""gemini""},{""id"":89889,""pun"":""Il a perdu ses doigts dans la scie circulaire. C'est bête, il ne pourra plus mettre les points sur les 'i'."",""run"":""gemini""},{""id"":28977,""pun"":""Depuis son accident de broyeuse, Pierre n'est plus l'ombre de lui-même, il est en petits morceaux."",""run"":""gemini""},{""id"":31409,""pun"":""Depuis qu'il a croisé la lame de la scierie, Luc n'a plus vraiment la frite, il est plutôt en rondelles."",""run"":""gemini""},{""id"":37679,""pun"":""Depuis que la lame l'a frôlé, il est devenu très nerveux : il est un peu soupe au lait, ou plutôt planche au lait."",""run"":""gemini""}]"
2765	"[{""id"":55988,""pun"":""Ma carrière en plomberie coule de source, mais je finis toujours vanné."",""run"":""gemini""},{""id"":78118,""pun"":""En travaillant avec les siphons, j'ai fini par avoir un vidage très expressif."",""run"":""gemini""},{""id"":75973,""pun"":""Un bon plombier ne se fâche jamais, il garde toujours son sang-froid... ou son sans-fuite."",""run"":""gemini""},{""id"":14422,""pun"":""Le nouveau stagiaire en plomberie est un peu limité, c'est un vrai joint de culasse."",""run"":""gemini""},{""id"":94278,""pun"":""Le plombier est fatigué, il a un gros coup de pompe."",""run"":""gemini""},{""id"":46110,""pun"":""Depuis que je bosse au rayon plomberie, j'ai développé un trouble de la personnalité à plusieurs robinettes."",""run"":""gemini""},{""id"":37378,""pun"":""À force de fixer les éviers toute la journée, je reste très évier la nuit."",""run"":""gemini""},{""id"":31706,""pun"":""Depuis que je pose des tuyaux, j'ai une vie très siphonnée."",""run"":""gemini""},{""id"":20326,""pun"":""Je suis devenu expert en robinetterie, c'est mon côté très superficiel-faucet."",""run"":""gemini""},{""id"":25483,""pun"":""Au rayon plomberie, on ne raconte pas d'histoires, on n'a que des faits-mâles et des faits-femelles."",""run"":""gemini""},{""id"":62760,""pun"":""Travailler dans les tuyaux m'a ouvert de nouveaux horizons, je vois la vie en évier."",""run"":""gemini""},{""id"":77490,""pun"":""On m'a renvoyé du rayon tuyauterie parce que je n'avais aucun raccord avec mes collègues."",""run"":""gemini""}]"
2766	"[{""id"":95617,""pun"":""Un alligator au bureau est toujours stressé car il a les dents du travail."",""run"":""gemini""},{""id"":24869,""pun"":""Dans les Everglades, les employés ne font jamais de grève, ils sont déjà enlisés dans le boulot."",""run"":""gemini""},{""id"":20832,""pun"":""Travailler dans la tourbière, c'est dur : on a toujours un pied dans la tombe et l'autre dans la vase."",""run"":""gemini""},{""id"":57641,""pun"":""Depuis que je travaille dans les marais salants, je suis complètement sel-mené."",""run"":""gemini""},{""id"":68424,""pun"":""Travailler dans les bayous, c'est l'enfer : on est toujours sur le qui-vive ou sur le qui-vase."",""run"":""gemini""},{""id"":87082,""pun"":""Depuis que je gère ce marécage, mon planning est devenu un vrai terrain vague."",""run"":""gemini""},{""id"":58122,""pun"":""Mon job au marais me pompe toute mon énergie."",""run"":""gemini""},{""id"":32977,""pun"":""Le guide du marais est tellement occupé qu'il a fini par se noyer dans son travail."",""run"":""gemini""},{""id"":72755,""pun"":""Le patron du marais est sévère : si tu ne travailles pas, il te plaque au solfège."",""run"":""gemini""},{""id"":55096,""pun"":""Pourquoi le chercheur d'or dans le marais est-il fatigué ? Parce qu'il s'épuise à la tâche."",""run"":""gemini""},{""id"":53104,""pun"":""J'ai ouvert un bureau au milieu du marécage, maintenant je croule sous les dossiers fangeux."",""run"":""gemini""},{""id"":44903,""pun"":""Un crocodile qui travaille trop finit toujours par être débordé par la crue."",""run"":""gemini""}]"
2767	"[{""id"":23460,""pun"":""Le sauteur à l'élastique qui rate ses examens est un vrai cas d'exclusion... d'air."",""run"":""gemini""},{""id"":56390,""pun"":""Un prof de gym qui fait du saut à l'élastique pendant ses heures ? Il est en pleine période d'extension."",""run"":""gemini""},{""id"":63508,""pun"":""Sauter à l'élastique au lieu d'étudier, c'est se retrouver dans une position instable."",""run"":""gemini""},{""id"":58903,""pun"":""Le cancre qui saute à l'élastique s'attendait à une retenue, mais il n'a eu que le rebond."",""run"":""gemini""},{""id"":18566,""pun"":""Sécher les cours pour sauter d'un pont, ça ne détend pas l'atmosphère, même avec un élastique."",""run"":""gemini""},{""id"":37175,""pun"":""Le directeur a vu le saut à l'élastique comme une faute grave, il n'a pas lâché du lest."",""run"":""gemini""},{""id"":61286,""pun"":""Si tu sautes au lieu d'aller en classe, ton avenir ne tient qu'à un fil."",""run"":""gemini""},{""id"":49267,""pun"":""Il a été renvoyé pour avoir sauté à l'élastique : il a vraiment franchi la ligne."",""run"":""gemini""},{""id"":40811,""pun"":""L'élève qui fait du saut à l'élastique au lieu d'aller en cours finit souvent au bout du rouleau."",""run"":""gemini""},{""id"":72549,""pun"":""Le rebelle du saut à l'élastique a été épandu de l'école... enfin, je veux dire exclu !"",""run"":""gemini""},{""id"":78261,""pun"":""Faire l'école buissonnière pour sauter dans le vide, c'est avoir un emploi du temps élastique."",""run"":""gemini""},{""id"":65160,""pun"":""Faire l'école buissonnière pour faire du saut à l'élastique, c'est risquer d'être suspendu."",""run"":""gemini""}]"
2768	"[{""id"":66935,""pun"":""Pourquoi les parachutistes sont-ils stressés ? Parce qu'ils ont toujours la pression atmosphérique."",""run"":""gemini""},{""id"":20619,""pun"":""Le parachutisme est un sport qui a beaucoup de succès, ça marche du tonnerre dans l'air."",""run"":""gemini""},{""id"":89367,""pun"":""Les parachutistes sont d'excellents amants : ils savent exactement quand lâcher prise."",""run"":""gemini""},{""id"":37703,""pun"":""Les sauteurs ne font pas de grève, ils préfèrent la descente dans la rue."",""run"":""gemini""},{""id"":29166,""pun"":""Les parachutistes ne meurent jamais, ils tombent juste de haut."",""run"":""gemini""},{""id"":74690,""pun"":""Pourquoi le parachutiste est-il toujours calme ? Il a le sens de l'altitude."",""run"":""gemini""},{""id"":80816,""pun"":""Les moniteurs de saut ne sont pas méchants, ils sont juste très prenants."",""run"":""gemini""},{""id"":16946,""pun"":""On ne dit pas 'il est mort en sautant', on dit 'il a pris un congé de gravité'."",""run"":""gemini""},{""id"":44501,""pun"":""Les parachutistes sont des gens très terre-à-terre, mais seulement à l'arrivée."",""run"":""gemini""},{""id"":88600,""pun"":""Un parachutiste qui rate son saut, c'est quelqu'un qui tombe à pic."",""run"":""gemini""},{""id"":31311,""pun"":""Un saut en parachute, c'est comme un divorce : si ça se passe mal, on perd la moitié de ses biens au sol."",""run"":""gemini""},{""id"":42330,""pun"":""Un parachutiste qui ne s'ouvre pas, c'est un homme qui manque d'ouverture d'esprit."",""run"":""gemini""}]"
2769	"[{""id"":49320,""pun"":""Les gens au régime sont des perdants de poids."",""run"":""gemini""},{""id"":23344,""pun"":""Perdre du poids, c'est lourd à porter."",""run"":""gemini""},{""id"":51362,""pun"":""Ceux qui mangent léger ont l'estomac dans les talons aiguilles."",""run"":""gemini""},{""id"":76112,""pun"":""Une diététicienne a toujours de bons pèse-arguments."",""run"":""gemini""},{""id"":99640,""pun"":""Elle a fait un régime de bananes, c'était le régime de la terreur."",""run"":""gemini""},{""id"":75224,""pun"":""Les nutritionnistes sont des gens qui pèsent leurs mots."",""run"":""gemini""},{""id"":13560,""pun"":""Mon pèse-personne est un objet de mauvaise foi."",""run"":""gemini""},{""id"":93457,""pun"":""Le nutritionniste a rendu son tablier, il en avait marre de faire des régimes sans fin."",""run"":""gemini""},{""id"":59642,""pun"":""Un boucher qui veut maigrir fait une cure de désos-tox."",""run"":""gemini""},{""id"":82112,""pun"":""Les sumos ont un gros poids sur la conscience."",""run"":""gemini""},{""id"":98468,""pun"":""C'est dur de maigrir quand on a de la brioche dans le ventre."",""run"":""gemini""},{""id"":80863,""pun"":""En faisant du sport, je suis devenu une ombre de moi-même."",""run"":""gemini""}]"
2770	"[{""id"":38304,""pun"":""Pourquoi les nains aiment-ils l'été ? Parce que c'est la saison des manches courtes."",""run"":""gemini""},{""id"":56339,""pun"":""Un jockey qui prend sa retraite, c'est quelqu'un qui court à sa perte de taille."",""run"":""gemini""},{""id"":69142,""pun"":""Une personne de petite taille qui tombe amoureuse est vite éprise, car elle est vite épuisée."",""run"":""gemini""},{""id"":89688,""pun"":""Les nains n'ont pas de problème de mémoire, ils ont juste un cerveau court."",""run"":""gemini""},{""id"":97421,""pun"":""Les personnes de petite taille sont rares, c'est une denrée courte."",""run"":""gemini""},{""id"":48322,""pun"":""Le stock de nains est limité, ils sont en rupture de taille."",""run"":""gemini""},{""id"":17205,""pun"":""Les nains ne sont jamais à court d'idées, même s'ils sont à court de jambes."",""run"":""gemini""},{""id"":87182,""pun"":""Un nain qui fait de la musculation, c'est un court-circuit."",""run"":""gemini""},{""id"":44505,""pun"":""Les nains sont les meilleurs employés : ils ne prennent jamais les gens de haut."",""run"":""gemini""},{""id"":95585,""pun"":""On ne devrait pas se moquer des nains, c'est vraiment bas."",""run"":""gemini""},{""id"":11602,""pun"":""Il n'y a plus de petits mannequins en stock, nous sommes en manque de modèles réduits."",""run"":""gemini""},{""id"":68399,""pun"":""Les petits sont épuisés dès la naissance car ils ont déjà une petite mine."",""run"":""gemini""}]"
2771	"[{""id"":58220,""pun"":""Un jardinier qui n'a pas la main verte finit par planter son entreprise."",""run"":""gemini""},{""id"":50317,""pun"":""Pourquoi les poissons vivent-ils dans l'eau salée ? Parce que le poivre les fait éternuer."",""run"":""gemini""},{""id"":58337,""pun"":""Quel est le comble pour un électricien ? C'est de ne pas être au courant."",""run"":""gemini""},{""id"":74848,""pun"":""Que dit un oignon quand il se cogne ? 'Aïe !'"",""run"":""gemini""},{""id"":71419,""pun"":""J'ai une blague sur les magasins, mais elle ne supermarché pas."",""run"":""gemini""},{""id"":43924,""pun"":""C'est l'histoire d'un pingouin qui respirait par les fesses, un jour il s'est assis et il est mort."",""run"":""gemini""},{""id"":37146,""pun"":""Pourquoi les plongeurs plongent-ils toujours en arrière ? Parce que sinon ils tombent dans le bateau."",""run"":""gemini""},{""id"":80967,""pun"":""Les bébés légers arrivent par cigogne, mais pour les plus costauds, il faut une grue."",""run"":""gemini""},{""id"":20023,""pun"":""Comment appelle-t-on un boomerang qui ne revient pas ? Un bâton."",""run"":""gemini""},{""id"":12298,""pun"":""Deux grains de sable arrivent à la plage : 'Tiens, c'est blindé aujourd'hui !'"",""run"":""gemini""},{""id"":46532,""pun"":""Un vieux moulin ne sert plus à rien, il est complètement dé-meulé."",""run"":""gemini""},{""id"":91165,""pun"":""Les oiseaux n'aiment pas l'informatique car ils ont peur des cookies, surtout les petits beignets."",""run"":""gemini""}]"
2772	"[{""id"":48981,""pun"":""Le chantier était tellement sale qu'on a dû passer du levage au lavage."",""run"":""gemini""},{""id"":59397,""pun"":""L'oiseau qui travaille sur les chantiers ne manque pas de bec, c'est une grue."",""run"":""gemini""},{""id"":12705,""pun"":""Pourquoi les oiseaux volent-ils vers le sud ? Parce que c'est trop loin pour y aller en grue."",""run"":""gemini""},{""id"":75912,""pun"":""L'ouvrier qui imitait l'oiseau sur le chantier s'est fait virer : il faisait trop le héron."",""run"":""gemini""},{""id"":28858,""pun"":""Le maçon qui aimait les oiseaux a fini par se marier avec une grue."",""run"":""gemini""},{""id"":76453,""pun"":""Comment appelle-t-on un oiseau qui soulève des blocs de béton ? Un poids-plume."",""run"":""gemini""},{""id"":83355,""pun"":""On m'a dit que mon fils était un futur génie du bâtiment, il a déjà un drôle de corps de grue."",""run"":""gemini""},{""id"":92749,""pun"":""Les oiseaux migrateurs n'ont pas besoin de GPS, ils ont le compas dans l'aile."",""run"":""gemini""},{""id"":69685,""pun"":""Les cigognes livrent les bébés, mais pour les plus costauds, il faut utiliser une grue."",""run"":""gemini""},{""id"":42848,""pun"":""Un oiseau qui conduit un engin de chantier, c'est un vol à la tire."",""run"":""gemini""},{""id"":47214,""pun"":""Pourquoi les hérons ne travaillent-ils jamais dans le bâtiment ? Parce qu'ils ont peur de se faire clouer le bec."",""run"":""gemini""},{""id"":61939,""pun"":""Ma machine à laver ne soulève plus rien du tout, elle a un sérieux problème de levage."",""run"":""gemini""}]"
2773	"[{""id"":28809,""pun"":""L'astrophysicien est un métier d'avenir, car c'est un homme qui a la tête dans les étoiles mais les pieds sur terre."",""run"":""gemini""},{""id"":53612,""pun"":""Un intellectuel qui mange du pâté en croûte est friand de tout ce qui est brillant."",""run"":""gemini""},{""id"":10988,""pun"":""Un coiffeur intelligent est quelqu'un qui a toujours de la suite dans les idées, mais surtout des idées dans la suite."",""run"":""gemini""},{""id"":31909,""pun"":""Pourquoi les ampoules sont-elles intelligentes ? Parce qu'elles ont des éclairs de génie."",""run"":""gemini""},{""id"":82889,""pun"":""Le mathématicien était tellement distingué qu'il ne sortait qu'en tenue de logarithme."",""run"":""gemini""},{""id"":15993,""pun"":""Il était tellement astucieux qu'il a inventé le silence : c'est un génie sans bouillir."",""run"":""gemini""},{""id"":72294,""pun"":""Un dictionnaire qui réfléchit, c'est un ouvrage qui a du sens."",""run"":""gemini""},{""id"":53816,""pun"":""On m'a dit que j'étais sage, alors j'ai ouvert un cabinet de sage-femme."",""run"":""gemini""},{""id"":29156,""pun"":""C'est l'histoire d'un génie qui travaillait dans une usine de luminaires : il était trop brillant pour le poste."",""run"":""gemini""},{""id"":64434,""pun"":""Il est tellement pimpant qu'on l'appelle Monsieur Propre : il luit mais ne pense pas."",""run"":""gemini""},{""id"":83403,""pun"":""Un informaticien intelligent ne sort jamais sans son pull-over, parce qu'il sait qu'il peut y avoir des bugs de cache."",""run"":""gemini""},{""id"":40159,""pun"":""L'étudiant en philosophie qui a réussi son examen de logique a eu une mention 'Bien-pensant'."",""run"":""gemini""}]"
2774	"[{""id"":91387,""pun"":""L'invitation était un vrai flop, ça sentait le roussi dès l'entrée."",""run"":""gemini""},{""id"":38624,""pun"":""Un réceptionniste qui pue, c'est un mauvais accueil-ant."",""run"":""gemini""},{""id"":40460,""pun"":""L'hôte-deur de cette maison est insupportable."",""run"":""gemini""},{""id"":73440,""pun"":""Quel est le comble d'un parfumeur ? Ne pas être en odeur de sainteté."",""run"":""gemini""},{""id"":11760,""pun"":""Il travaille au centre de tri des odeurs, c'est le senteur-centreur."",""run"":""gemini""},{""id"":23109,""pun"":""Sentir l'arrivée de loin, c'est avoir du pif pour l'hospitalité."",""run"":""gemini""},{""id"":20843,""pun"":""Bien-puer au club des sportifs !"",""run"":""gemini""},{""id"":55432,""pun"":""On t'offre un accueil très par-fumé."",""run"":""gemini""},{""id"":96548,""pun"":""Bienvenue au club, ça sent l'homme."",""run"":""gemini""},{""id"":38079,""pun"":""L'odeur de ce buffet est l'auteur de ma faim."",""run"":""gemini""},{""id"":23259,""pun"":""Le nouveau parfum s'appelle 'Bienvenue', c'est une fragrance d'accueil."",""run"":""gemini""},{""id"":29185,""pun"":""Un déodorant nommé 'Rebienvenue' : pour ceux qui reviennent de loin."",""run"":""gemini""}]"
2775	"[{""id"":51535,""pun"":""Pourquoi les serpents sont-ils déjà nerveux ? Parce qu'ils ont toujours la langue qui fourche."",""run"":""gemini""},{""id"":72687,""pun"":""Un serpent qui boit trop de café, c'est un reptile qui a des vipères-tensions."",""run"":""gemini""},{""id"":47590,""pun"":""Un python qui boit du café est un serpent qui a de la pression."",""run"":""gemini""},{""id"":17468,""pun"":""Les serpents préfèrent le thé car le café leur donne des airs d'aspic-nerveux."",""run"":""gemini""},{""id"":86785,""pun"":""Quel est le café préféré des serpents ? L'expresso-da."",""run"":""gemini""},{""id"":18757,""pun"":""Un serpent sous caféine, c'est un reptile qui siffle sans arrêt."",""run"":""gemini""},{""id"":60016,""pun"":""Pourquoi les serpents refusent-ils l'espresso ? Parce qu'ils ont peur de devenir des vipères-actifs."",""run"":""gemini""},{""id"":51389,""pun"":""Un serpent agité par la caféine, c'est une vipère au poing... levé."",""run"":""gemini""},{""id"":40583,""pun"":""Les serpents n'aiment pas le café car ils sont déjà assez venimeux sans être caféi-nez."",""run"":""gemini""},{""id"":47677,""pun"":""Le serpent n'a pas besoin de café : il est déjà très langue de pub."",""run"":""gemini""},{""id"":83792,""pun"":""Si un cobra boit un café, il devient un cobra-maniac."",""run"":""gemini""},{""id"":37194,""pun"":""Les serpents ne boivent jamais de café car ça les rend vi-hyperactifs."",""run"":""gemini""}]"
2776	"[{""id"":49911,""pun"":""Beaucoup de clients s'enrhument dans cet hôtel car la réception est un peu froide."",""run"":""gemini""},{""id"":52539,""pun"":""Il n'y a pas de Wi-Fi dans cet igloo, le réseau a gelé."",""run"":""gemini""},{""id"":29416,""pun"":""Quel est l'hôtel préféré des bonshommes de neige ? Le Châlet-reux."",""run"":""gemini""},{""id"":78245,""pun"":""J'ai réservé une chambre dans un igloo, mais j'ai peur que ce soit un plan de glace."",""run"":""gemini""},{""id"":28500,""pun"":""On ne peut pas dormir dans cet hôtel, il est complètement givré."",""run"":""gemini""},{""id"":30976,""pun"":""On a dû quitter l'hôtel en urgence : l'ambiance était glaciale."",""run"":""gemini""},{""id"":81363,""pun"":""L'hôtel est tellement froid que le groom est un pingouin."",""run"":""gemini""},{""id"":91741,""pun"":""Pourquoi l'hôtel polaire est-il si cher ? Parce que c'est un gîte de luxe, un vrai flocon d'or."",""run"":""gemini""},{""id"":30461,""pun"":""Le personnel de l'hôtel de neige est très poli, ils vous accueillent de sang-froid."",""run"":""gemini""},{""id"":37668,""pun"":""C'est un hôtel pour ours polaires : les prix sont givrés."",""run"":""gemini""},{""id"":83645,""pun"":""L'hôtel de glace a fermé ses portes, le personnel a totalement fondu."",""run"":""gemini""},{""id"":33023,""pun"":""Un hôtel pour skieurs ? C'est le gîte de la glisse."",""run"":""gemini""}]"
2777	"[{""id"":61083,""pun"":""Pourquoi pleure-t-il ? Il a un gros coup de blues de neige."",""run"":""gemini""},{""id"":35838,""pun"":""Snowdrake est un peu givré, il a un grain de glace."",""run"":""gemini""},{""id"":62741,""pun"":""Il se sent seul, il est en manque de poudre d'escampette."",""run"":""gemini""},{""id"":82276,""pun"":""C'est un monstre qui a toujours le flocon à l'oreille."",""run"":""gemini""},{""id"":24035,""pun"":""C'est un vrai flocon d'un soir."",""run"":""gemini""},{""id"":43860,""pun"":""Quand il s'effondre, c'est vraiment une avalanche de problèmes."",""run"":""gemini""},{""id"":85876,""pun"":""Il est si fragile qu'il est au bout de son rouleau de printemps tardif."",""run"":""gemini""},{""id"":98569,""pun"":""Il n'est pas très bavard, il fait toujours un froid de canard."",""run"":""gemini""},{""id"":71668,""pun"":""Il ne faut pas le chercher, sinon il tombe en flocons."",""run"":""gemini""},{""id"":73285,""pun"":""On l'a quitté en froid parce qu'il nous a jeté un froid."",""run"":""gemini""},{""id"":91435,""pun"":""Il se décompose car il a un cœur de glace facile à briser."",""run"":""gemini""},{""id"":61534,""pun"":""Ce dragon des neiges est en train de perdre son sang-froid."",""run"":""gemini""}]"
2778	"[{""id"":78513,""pun"":""Je cherche l'ordonnée de ma vie, car pour l'instant je ne fais que cumuler les ex."",""run"":""gemini""},{""id"":23172,""pun"":""On m'a dit que mon ex était une perle, mais en fait c'était juste un point sur une courbe de Gauss : une anomalie."",""run"":""gemini""},{""id"":40049,""pun"":""J'ai analysé mes échecs amoureux : c'est une fonction exponentielle, ma solitude croît sans limite."",""run"":""gemini""},{""id"":26480,""pun"":""Pour mes ex, j'ai créé un plan cartésien : je sais exactement où ils se situent, mais ils restent sur le carreau."",""run"":""gemini""},{""id"":92557,""pun"":""L'amour c'est comme le cosinus : quand c'est à son maximum, ça finit par redescendre."",""run"":""gemini""},{""id"":83022,""pun"":""J'ai fait un graphique de mes ruptures : il y a l'axe des ex et l'axe des ouais (ouais, pourquoi ?)."",""run"":""gemini""},{""id"":26414,""pun"":""Mes relations sont comme des angles obtus : elles dépassent les 90 jours et deviennent lourdes."",""run"":""gemini""},{""id"":60951,""pun"":""Mon ex est comme une racine carrée : elle est irrationnelle et je ne sais pas quoi en faire."",""run"":""gemini""},{""id"":61068,""pun"":""J'ai tracé ma vie amoureuse : c'est un cercle vicieux, le rayon de mon lit reste constant."",""run"":""gemini""},{""id"":10115,""pun"":""Je n'ai pas de chance en amour, je tombe toujours sur des vecteurs : ils ont une direction, un sens, mais pas de personnalité."",""run"":""gemini""},{""id"":84271,""pun"":""Ma dernière rupture était géométrique : elle m'a plaqué dans un plan."",""run"":""gemini""},{""id"":44744,""pun"":""Ma vie sentimentale, c'est comme un parallélogramme : j'ai des côtés parallèles mais on ne se croise jamais."",""run"":""gemini""}]"
2779	"[{""id"":19461,""pun"":""Elle m'a quitté pour un prof de maths. C'est son nouvel ex-posant."",""run"":""gemini""},{""id"":53022,""pun"":""J'ai tracé mes ruptures sur un plan : l'abscisse pour les ex et l'ordonnée pour les 'pourquoi ?'."",""run"":""gemini""},{""id"":23209,""pun"":""J'ai rompu avec ma copine mathématicienne car elle n'arrêtait pas de me poser des problèmes."",""run"":""gemini""},{""id"":97052,""pun"":""Ma relation était comme une asymptote : on s'est rapprochés sans jamais vraiment se toucher."",""run"":""gemini""},{""id"":48536,""pun"":""Comment appelle-t-on un triangle amoureux qui a mal tourné ? Un triangle rectangle, car un des deux est resté droit et l'autre est parti."",""run"":""gemini""},{""id"":46215,""pun"":""Mon ex était comme un cercle : pas de coins, mais elle tournait toujours autour du pot."",""run"":""gemini""},{""id"":55896,""pun"":""On s'est quittés au sommet de notre courbe, c'était le point de rupture."",""run"":""gemini""},{""id"":31574,""pun"":""Pourquoi les géomètres ne sont-ils jamais heureux en amour ? Parce qu'ils cherchent toujours la petite amie au lieu de l'hypoténuse."",""run"":""gemini""},{""id"":76175,""pun"":""Mon ex est comme le nombre pi : elle est irrationnelle et ça ne s'arrête jamais."",""run"":""gemini""},{""id"":23798,""pun"":""Pour mon ex, l'amour était une équation à une seule inconnue : elle ne savait jamais qui j'étais."",""run"":""gemini""},{""id"":20215,""pun"":""J'ai fait un graphique de mes conquêtes passées. Il y a l'axe des ex et l'axe des désillusions."",""run"":""gemini""},{""id"":90349,""pun"":""Ma vie sentimentale, c'est de la géométrie : j'ai des ex-aequo partout mais personne au centre."",""run"":""gemini""}]"
2780	"[{""id"":76330,""pun"":""C'est un produit très accessible : dès que tu le vois, tu tombes dessus."",""run"":""gemini""},{""id"":11281,""pun"":""Pourquoi le dictionnaire est-il si fier ? Parce qu'il trouve que 'simple' est un mot très riche."",""run"":""gemini""},{""id"":21094,""pun"":""Le problème avec les gens simples, c'est qu'ils n'ont pas de pluriel dans leur vie."",""run"":""gemini""},{""id"":75282,""pun"":""Mon ami est tellement direct qu'il a été embauché comme ligne de métro."",""run"":""gemini""},{""id"":33894,""pun"":""Pourquoi les informaticiens ne sont-ils jamais mariés ? Parce qu'ils cherchent toujours la solution la plus simple, mais ils tombent sur un système complexe-xe."",""run"":""gemini""},{""id"":63490,""pun"":""Un moine bouddhiste commande un burger : Faites-m'en un avec tout, mais gardez ça simple."",""run"":""gemini""},{""id"":71010,""pun"":""L'herboriste est une personne très simple : elle ne vit que de basilic et d'eau fraîche."",""run"":""gemini""},{""id"":55085,""pun"":""Ma rupture a été très simple : on a divisé par deux, c'est élémentaire mon cher Watson."",""run"":""gemini""},{""id"":16406,""pun"":""C'est l'histoire d'un atome qui voulait rester simple, mais il a fini par faire une scène car il était trop instable."",""run"":""gemini""},{""id"":84547,""pun"":""Il m'a dit que sa recette était simple comme bonjour, mais j'ai fini par dire au revoir à ma cuisine."",""run"":""gemini""},{""id"":63528,""pun"":""Il a un esprit très épuré : quand il réfléchit, il fait le vide."",""run"":""gemini""},{""id"":55766,""pun"":""Pourquoi les minimalistes n'ont-ils jamais de montre ? Parce que le temps, c'est trop chargé."",""run"":""gemini""}]"
2781	"[{""id"":39109,""pun"":""C'est un véritable pasta-temps."",""run"":""gemini""},{""id"":86318,""pun"":""On a plein de pasta-bilités ce soir."",""run"":""gemini""},{""id"":94671,""pun"":""Il faut toujours garder les pâtes sur terre."",""run"":""gemini""},{""id"":37020,""pun"":""Garde tes nouilles, je ne veux pas d'anti-pastis."",""run"":""gemini""},{""id"":15490,""pun"":""Il n'y a aucune pasta-bilisation possible."",""run"":""gemini""},{""id"":30944,""pun"":""Spaghetti-tu quoi ? Je t'aime."",""run"":""gemini""},{""id"":31338,""pun"":""C'est un travail de longue haleine : il faut avoir la pasta-ience."",""run"":""gemini""},{""id"":56810,""pun"":""Quel est le comble du choix ? Avoir trop de pro-pâtes-itions."",""run"":""gemini""},{""id"":87212,""pun"":""C'est un cannelloni de génie."",""run"":""gemini""},{""id"":12282,""pun"":""C'est l'heure de passer à la pasta-vitesse supérieure."",""run"":""gemini""},{""id"":36230,""pun"":""Ne sois pas si pasta-gnon !"",""run"":""gemini""},{""id"":67070,""pun"":""Ne fais pas de nouilles-en-propre !"",""run"":""gemini""}]"
2782	"[{""id"":10012,""pun"":""Le météorologue vaniteux a fini par perdre le nord : il ne savait plus d'où soufflait le vent de sa gloire."",""run"":""gemini""},{""id"":79561,""pun"":""On a demandé son avis à la girouette, mais elle a répondu que ça dépendait de quel côté le vent tournait."",""run"":""gemini""},{""id"":20322,""pun"":""Il a voulu installer une éolienne sans succès, c'était vraiment un vent d'échec."",""run"":""gemini""},{""id"":95884,""pun"":""L'expert en girouettes a perdu son travail car sa carrière ne tournait plus rond."",""run"":""gemini""},{""id"":18059,""pun"":""Il a acheté un anémomètre d'occasion, mais c'était une affaire de peu de vent."",""run"":""gemini""},{""id"":84451,""pun"":""Il parlait météo avec une telle vanité qu'il a fini par s'auto-congestionner les bronches."",""run"":""gemini""},{""id"":51002,""pun"":""L'homme qui voulait diriger les nuages n'était qu'un brasseur de vent."",""run"":""gemini""},{""id"":78839,""pun"":""Le vent s'est levé inutilement, c'était un courant d'air sans but lucratif."",""run"":""gemini""},{""id"":60556,""pun"":""L'inventeur de la voile carrée a fait un flop, il n'avait pas le vent en poupe."",""run"":""gemini""},{""id"":94861,""pun"":""Il essayait désespérément de capturer la brise, mais c'était un brassage d'air inutile."",""run"":""gemini""},{""id"":50638,""pun"":""Le fabricant de girouettes a fait faillite : il a déposé le bilan car il ne savait plus où donner de la tête."",""run"":""gemini""},{""id"":91983,""pun"":""Pourquoi la girouette est-elle toujours fatiguée ? Parce qu'elle est en plein burn-août."",""run"":""gemini""}]"
2783	"[{""id"":92901,""pun"":""L'apocalypse, c'est comme un mauvais livre : on a hâte d'arriver à la fin."",""run"":""gemini""},{""id"":95860,""pun"":""Ma banque m'a dit que l'apocalypse arrivait car mon compte était en phase terminale."",""run"":""gemini""},{""id"":18809,""pun"":""Les cavaliers de l'Apocalypse sont arrivés. Le premier a dit : 'On est venus pour le dernier tour.'"",""run"":""gemini""},{""id"":83834,""pun"":""L'apocalypse ? J'ai beau lire la définition, je n'y vois pas la fin du monde."",""run"":""gemini""},{""id"":77554,""pun"":""Un prophète de malheur est entré dans un bar. Le serveur lui a dit : 'C'est pour la fin des temps ?'"",""run"":""gemini""},{""id"":22127,""pun"":""Le chaos total arrive, mais ne paniquez pas : c'est juste un mauvais quart d'heure de la fin des temps."",""run"":""gemini""},{""id"":93990,""pun"":""Si c'est vraiment l'Armageddon, j'espère qu'on n'aura pas trop de 'mal-à-don' après."",""run"":""gemini""},{""id"":51547,""pun"":""Je n'ai pas peur du Jugement dernier, j'ai déjà survécu au dernier jugement de mon ex."",""run"":""gemini""},{""id"":16736,""pun"":""Si c'est la fin du monde, j'espère qu'on aura droit à une petite remise de peine... ou de peine de mort."",""run"":""gemini""},{""id"":77573,""pun"":""Pourquoi l'apocalypse n'a-t-elle jamais lieu le dimanche ? Parce que c'est le jour du Seigneur, pas du Saigneur."",""run"":""gemini""},{""id"":94807,""pun"":""L'apocalypse approche, mais restez zen : une petite brise calmera la crise."",""run"":""gemini""},{""id"":66230,""pun"":""L'apocalypse climatique me fatigue, j'ai une mine de crise."",""run"":""gemini""}]"
2784	"[{""id"":32448,""pun"":""Tu penses que je devrais aller me baigner ? Je n'en suis pas si thon."",""run"":""gemini""},{""id"":57441,""pun"":""Pour la plage, j'hésite encore, je suis un peu marée basse en ce moment."",""run"":""gemini""},{""id"":16437,""pun"":""Tu veux faire un château de sable ? Désolé, j'ai déjà un grain."",""run"":""gemini""},{""id"":64662,""pun"":""Aller à la plage ? Je ne suis pas d'algue, je vais réfléchir."",""run"":""gemini""},{""id"":54883,""pun"":""On m'a proposé d'aller à la mer, mais j'ai dit non : j'avais trop de sable sur la planche."",""run"":""gemini""},{""id"":44058,""pun"":""Aller sur la côte ? C'est sûr, ça va me coûter un bras."",""run"":""gemini""},{""id"":23094,""pun"":""Je voulais aller à la plage, mais j'ai peur de me prendre un plaquage par une vague."",""run"":""gemini""},{""id"":93981,""pun"":""Aller à la mer ? J'ai peur que ça finisse en queue de poisson."",""run"":""gemini""},{""id"":54357,""pun"":""Tu veux aller nager ? Je ne sais pas, je suis dans le flou maritime."",""run"":""gemini""},{""id"":54377,""pun"":""Aller bronzer ? C'est hors de question, je suis au bout du rouleau de printemps."",""run"":""gemini""},{""id"":44603,""pun"":""Il m'a demandé de sortir avec lui au port, mais il a jeté l'ancre avant que je dise oui."",""run"":""gemini""},{""id"":24031,""pun"":""Je n'irai pas à la plage, j'ai eu un gros coup de blues de l'océan."",""run"":""gemini""}]"
2785	"[{""id"":56348,""pun"":""Mon fleuriste est très pieux, il ne jure que par la sainte croissance."",""run"":""gemini""},{""id"":36409,""pun"":""Comment les fleurs se disent-elles bonjour ? Elles se jettent des fleurs."",""run"":""gemini""},{""id"":96685,""pun"":""Ma boutique de fleurs est en pleine floraison financière."",""run"":""gemini""},{""id"":13245,""pun"":""Pourquoi les fleurs n'utilisent-elles jamais Tinder ? Parce qu'elles préfèrent fleurer en vrai."",""run"":""gemini""},{""id"":56198,""pun"":""Comment va ton entreprise de fleurs ? Ça marche fort, c'est une affaire florissante."",""run"":""gemini""},{""id"":15339,""pun"":""Tu as vu le fleuriste qui a fait faillite ? Il a déposé le bilan, c'est la fin des haricots."",""run"":""gemini""},{""id"":43074,""pun"":""Je n'aime pas les fleurs séchées, ça me fout un bourdon."",""run"":""gemini""},{""id"":24775,""pun"":""Il ne faut jamais raconter de blagues à un cactus, il risque de se piquer."",""run"":""gemini""},{""id"":41537,""pun"":""Un bouquet qui ne se vend pas, c'est une fleur qui fait la plante."",""run"":""gemini""},{""id"":15503,""pun"":""Le jardinier a été arrêté, il avait trop pris de racines."",""run"":""gemini""},{""id"":42384,""pun"":""Le dahlia est fier de sa réussite, il dit que c'est le fruit de son laurier."",""run"":""gemini""},{""id"":66160,""pun"":""On a demandé au fleuriste s'il aimait son métier, il a répondu : \""Pétales et j'aime !\"""",""run"":""gemini""}]"
2786	"[{""id"":25519,""pun"":""Si le fleuriste a réussi, c'est parce qu'il a écrit un beau récit de fleurs."",""run"":""gemini""},{""id"":24743,""pun"":""Le vendeur de fleurs a été arrêté. Il vendait du pavot sous le manteau, c'était un vrai coup de pétale."",""run"":""gemini""},{""id"":37770,""pun"":""Tu connais le fleuriste qui a fait fortune ? Il a pris racine dans le milieu."",""run"":""gemini""},{""id"":56695,""pun"":""Pourquoi les fleurs ne conduisent pas ? Parce qu'elles n'ont pas de permis de conduire, elles préfèrent les pots d'échappement."",""run"":""gemini""},{""id"":53880,""pun"":""- Ma boutique de fleurs cartonne. - Ah, tu as enfin trouvé ton terrain d'entente ?"",""run"":""gemini""},{""id"":90471,""pun"":""Les fleuristes ne font jamais de grèves, ils préfèrent les manifestations de tiges."",""run"":""gemini""},{""id"":63557,""pun"":""On a demandé au fleuriste s'il avait une petite amie. Il a répondu : 'J'ai flirté avec une rose'."",""run"":""gemini""},{""id"":77765,""pun"":""- Comment va ton commerce de fleurs ? - Ça va, c'est très florissant !"",""run"":""gemini""},{""id"":86764,""pun"":""Le marchand de fleurs a été licencié, il n'était plus à la hauteur de sa canne à sucre."",""run"":""gemini""},{""id"":87529,""pun"":""- Ton business de tulipes se porte bien ? - Oui, ça commence à bourgeonner sérieusement."",""run"":""gemini""},{""id"":91066,""pun"":""- Tu connais l'histoire du cactus ? Elle est piquante."",""run"":""gemini""},{""id"":81750,""pun"":""- Ton jardinier est enfin riche ? - Oui, on peut dire qu'il a du pot."",""run"":""gemini""}]"
2787	"[{""id"":37271,""pun"":""L'Australie est le seul pays où l'on peut rater son coup et quand même se prendre la monnaie de sa pièce."",""run"":""gemini""},{""id"":91763,""pun"":""Quand un boomerang fait une gaffe, on appelle ça un contrecoup d'un soir."",""run"":""gemini""},{""id"":61370,""pun"":""Je voulais jeter mon vieux boomerang, mais c'est une relation toxique : il refuse de me lâcher."",""run"":""gemini""},{""id"":35666,""pun"":""Quel est le comble pour un boomerang ? Partir en vacances et oublier de rentrer."",""run"":""gemini""},{""id"":10194,""pun"":""Lancer un boomerang, c'est comme prêter de l'argent à un ami : on espère toujours un retour sur investissement."",""run"":""gemini""},{""id"":35146,""pun"":""J'ai acheté un boomerang amnésique. Il est parti, mais il ne sait plus pourquoi il doit revenir."",""run"":""gemini""},{""id"":80455,""pun"":""Le boomerang, c'est le seul projectile qui a l'esprit de suite."",""run"":""gemini""},{""id"":34083,""pun"":""Un boomerang qui ne revient pas, on appelle ça un bois-mort-rang."",""run"":""gemini""},{""id"":87489,""pun"":""Le boomerang est l'arme préférée des comptables : c'est le seul objet qui garantit un retour immédiat."",""run"":""gemini""},{""id"":57179,""pun"":""J'ai essayé de vendre mon boomerang d'occasion, mais c'est impossible : il revient toujours à la charge."",""run"":""gemini""},{""id"":19629,""pun"":""Les fabricants de boomerangs ne font jamais faillite : le chiffre d'affaires revient toujours."",""run"":""gemini""},{""id"":35391,""pun"":""Pourquoi les boomerangs sont-ils de mauvais élèves ? Parce qu'ils font toujours leur rentrée avant même d'être partis."",""run"":""gemini""}]"
2788	"[{""id"":30171,""pun"":""Les parachutistes sont des gens qui tombent toujours à pic."",""run"":""gemini""},{""id"":29619,""pun"":""On a une telle croissance que même le pape a une grande croyance en nous."",""run"":""gemini""},{""id"":29975,""pun"":""Pour un vol qui dure, il faut avoir de l'elle."",""run"":""gemini""},{""id"":39834,""pun"":""Les oiseaux migrateurs ne se perdent jamais car ils ont un plan de vol-ière."",""run"":""gemini""},{""id"":50505,""pun"":""Ce pilote est un vrai génie, il a beaucoup d'al-titre."",""run"":""gemini""},{""id"":97756,""pun"":""Voler au-dessus des nuages, c'est vraiment une idée de haut vol."",""run"":""gemini""},{""id"":59027,""pun"":""Un planeur qui rate son atterrissage, c'est un beau plaquage au sol."",""run"":""gemini""},{""id"":31510,""pun"":""Pourquoi les pilotes sont-ils calmes ? Parce qu'ils gardent leur sang-froid en altitude."",""run"":""gemini""},{""id"":42180,""pun"":""Prendre de l'altitude, c'est la seule façon de voir les choses de haut."",""run"":""gemini""},{""id"":44925,""pun"":""L'astronaute a été licencié car il était toujours dans la lune."",""run"":""gemini""},{""id"":81710,""pun"":""Le vent s'est levé, il est vraiment dans son assiette."",""run"":""gemini""},{""id"":24292,""pun"":""Il voulait être pilote mais il n'avait pas l'air."",""run"":""gemini""}]"
2789	"[{""id"":61284,""pun"":""Les vendeurs de cola voient toujours le verre à moitié pshitt."",""run"":""gemini""},{""id"":71535,""pun"":""L'inventeur du Schweppes est un homme très agri-able."",""run"":""gemini""},{""id"":96654,""pun"":""On a proposé un job au créateur de soda, il a répondu : « C'est une offre im-pshitt-able ! »"",""run"":""gemini""},{""id"":90634,""pun"":""Celui qui a inventé l'eau gazeuse a vraiment eu un coup de pompe."",""run"":""gemini""},{""id"":66857,""pun"":""Lancer un nouveau soda, c’est saisir une occasion pshitt-uliere."",""run"":""gemini""},{""id"":19221,""pun"":""Les inventeurs de boissons gazeuses ont un incroyable sens des af-bulles."",""run"":""gemini""},{""id"":88121,""pun"":""Pour percer dans le soda, il ne faut pas manquer de gaz."",""run"":""gemini""},{""id"":69979,""pun"":""Le créateur du soda est riche car il a toujours eu beaucoup de bouteille."",""run"":""gemini""},{""id"":33948,""pun"":""Travailler dans les bulles, c’est une carrière qui ne manque pas de ressort... ou de gaz."",""run"":""gemini""},{""id"":78173,""pun"":""Quand l'usine de boissons a explosé, c'était une véritable opportunité de se faire mousser."",""run"":""gemini""},{""id"":36116,""pun"":""Le succès des boissons pétillantes, c'est avant tout une question d'efferves-sens des affaires."",""run"":""gemini""},{""id"":43988,""pun"":""Le fabricant de limonade a réussi car il a su garder la bulle froide."",""run"":""gemini""}]"
2790	"[{""id"":98620,""pun"":""À Cordoue, les fonctionnaires gèrent les dossiers avec beaucoup de corde à leur arc."",""run"":""gemini""},{""id"":19142,""pun"":""Un fonctionnaire espagnol qui a du coeur, c'est un Madrid-gale."",""run"":""gemini""},{""id"":14736,""pun"":""Il n'y a pas que le riz qui rit jaune à Valence."",""run"":""gemini""},{""id"":64210,""pun"":""Le maire de Séville est un homme très Séville avec son administration."",""run"":""gemini""},{""id"":67230,""pun"":""Les secrétaires de mairie à Bilbao sont toujours dans le Bill-beau."",""run"":""gemini""},{""id"":62749,""pun"":""En Espagne, quand le gouvernement tombe, c'est la chute de Madrid."",""run"":""gemini""},{""id"":15237,""pun"":""Travailler à la mairie de Malaga, c'est un métier qui a de la gueule."",""run"":""gemini""},{""id"":24494,""pun"":""Les agents du fisc en Espagne sont souvent très Tarifa-ciles."",""run"":""gemini""},{""id"":63533,""pun"":""L'agent d'entretien de Grenade est très explosif quand il fait le ménage."",""run"":""gemini""},{""id"":89864,""pun"":""Les jardiniers de la ville espagnole sont très fiers de leur Palma-rès."",""run"":""gemini""},{""id"":78278,""pun"":""Un policier espagnol qui fait bien son travail, c'est l'ordre et la Castille."",""run"":""gemini""},{""id"":89529,""pun"":""Les agents municipaux en Andalousie sont des Séville-serviteurs."",""run"":""gemini""}]"
2791	"[{""id"":36369,""pun"":""Quand un banquier se fâche, il perd tout son crédit."",""run"":""gemini""},{""id"":78685,""pun"":""Les coffres-forts sont comme les banquiers : froids à l'extérieur, mais pleins d'intérêt."",""run"":""gemini""},{""id"":13473,""pun"":""Le banquier n'est jamais seul, il est toujours accompagné de sa propre réserve."",""run"":""gemini""},{""id"":90986,""pun"":""Le banquier est un homme sans faille, sauf quand il est à découvert."",""run"":""gemini""},{""id"":96087,""pun"":""Les banquiers qui ont du coffre ne manquent jamais d'air quand ils parlent d'argent."",""run"":""gemini""},{""id"":28259,""pun"":""Les banquiers sont généreux jusqu'au coffre."",""run"":""gemini""},{""id"":38030,""pun"":""Elle est tellement économe qu'elle a une sécurité tout à fait sécurisée."",""run"":""gemini""},{""id"":59126,""pun"":""Un banquier qui a trop de vertus finit toujours mal vêtue."",""run"":""gemini""},{""id"":66748,""pun"":""Ma banque est tellement blindée que même l'humour n'y pénètre pas."",""run"":""gemini""},{""id"":67317,""pun"":""Pourquoi les banquiers aiment-ils le saut à la perche ? Car ils adorent passer le coffre."",""run"":""gemini""},{""id"":42722,""pun"":""À la banque, on ne dit pas 'je t'aime', on dit 'je te prête attention'."",""run"":""gemini""},{""id"":15813,""pun"":""Un banquier qui tombe amoureux fait une OPA sur votre cœur."",""run"":""gemini""}]"
2792	"[{""id"":39513,""pun"":""Un voleur qui entre par la lucarne est un homme qui a de l'esprit, mais peu d'ouverture."",""run"":""gemini""},{""id"":63212,""pun"":""Le voleur était tellement nul qu'il a pris un carreau au lieu de prendre la fuite."",""run"":""gemini""},{""id"":56223,""pun"":""Pour un cambrioleur, une fenêtre n'est jamais un problème, c'est toujours une solution de transparence."",""run"":""gemini""},{""id"":30661,""pun"":""Le voleur de fenêtres a été libéré : la police n'avait aucune preuve concrète, tout était trop limpide."",""run"":""gemini""},{""id"":91195,""pun"":""Le cambrioleur a été arrêté car il cherchait une vitre d'opportunité, mais il n'avait aucune glace."",""run"":""gemini""},{""id"":13646,""pun"":""Les voleurs de fenêtres n'ont aucun avenir, ils finissent tous derrière les barreaux."",""run"":""gemini""},{""id"":52048,""pun"":""Un cambrioleur qui casse une vitre, c'est quelqu'un qui veut briser la glace."",""run"":""gemini""},{""id"":89289,""pun"":""Les cambrioleurs informatiques ne cherchent pas d'occasions, ils attendent juste une petite ouverture de Windows."",""run"":""gemini""},{""id"":50968,""pun"":""Quand un cambrioleur retire un volet, il espère que sa carrière va enfin prendre son envolée."",""run"":""gemini""},{""id"":15062,""pun"":""Pourquoi les cambrioleurs aiment-ils les fenêtres ? Parce qu'ils ont besoin d'un nouveau cadre de vie."",""run"":""gemini""},{""id"":72166,""pun"":""Le meilleur moment pour un vol ? Le créneau, surtout quand il y a une vitre à briser."",""run"":""gemini""},{""id"":88268,""pun"":""Un voleur qui passe par le volet s'est sans doute dit : c'est là que je m'envolai."",""run"":""gemini""}]"
2793	"[{""id"":29991,""pun"":""Les cartographes sont des gens formidables : ils ont toujours une légende à raconter."",""run"":""gemini""},{""id"":14557,""pun"":""Pourquoi les analystes aiment-ils les mythes ? Parce qu'ils cherchent toujours la clé de la légende."",""run"":""gemini""},{""id"":95329,""pun"":""Ce graphique est un vrai guerrier, il survit grâce à sa légende."",""run"":""gemini""},{""id"":81959,""pun"":""Le statisticien a pris sa retraite ; il est devenu une légende vivante, mais on ne comprend plus ses axes."",""run"":""gemini""},{""id"":61294,""pun"":""Ne croyez pas tout ce que dit ce graphique, c'est une légende urbaine."",""run"":""gemini""},{""id"":91463,""pun"":""Un graphique sans légende, c'est comme un héros sans histoire : ça manque de repères."",""run"":""gemini""},{""id"":20564,""pun"":""Certains histogrammes se prennent pour des icônes, surtout quand la légende est dorée."",""run"":""gemini""},{""id"":85899,""pun"":""Ma carte du monde est tellement vieille qu'elle contient des légendes de dragons."",""run"":""gemini""},{""id"":62630,""pun"":""Si tu ne comprends pas les étiquettes du graphique, c'est que tu n'es pas à la hauteur de la légende."",""run"":""gemini""},{""id"":23422,""pun"":""Le roi Arthur avait une table ronde, mais ce qu'il préférait, c'était la légende du graphique."",""run"":""gemini""},{""id"":75629,""pun"":""Quand j'ai vu ce diagramme circulaire, j'ai su que c'était une légende épique."",""run"":""gemini""},{""id"":15412,""pun"":""Ces graphiques sont incroyables, ils appartiennent vraiment à la légende."",""run"":""gemini""}]"
2794	"[{""id"":26452,""pun"":""Le cardiologue est un homme de rythme, il ne perd jamais la cadence."",""run"":""gemini""},{""id"":69807,""pun"":""Pour un cardiologue, une rupture, c'est juste un problème de tuyauterie."",""run"":""gemini""},{""id"":48732,""pun"":""Un cardiologue qui fait une erreur, c'est quelqu'un qui manque de tact... ou de tachycardie."",""run"":""gemini""},{""id"":14899,""pun"":""Les chirurgiens cardiaques sont toujours pressés : ils travaillent à cœur ouvert."",""run"":""gemini""},{""id"":70838,""pun"":""Un cardiologue très riche a beaucoup de liquide, surtout dans les veines."",""run"":""gemini""},{""id"":92347,""pun"":""Ne tombez jamais amoureux d'un cardiologue, ils finissent toujours par vous briser le muscle."",""run"":""gemini""},{""id"":32065,""pun"":""Un cardiologue qui rompt avec sa femme, c'est une grosse défaillance de la pompe."",""run"":""gemini""},{""id"":41715,""pun"":""Les cardiologues ne sont pas méchants, ils ont simplement le cœur sur la main... mais c'est celui d'un autre."",""run"":""gemini""},{""id"":43319,""pun"":""Pourquoi les cardiologues ne sont-ils jamais stressés ? Parce qu'ils gardent toujours leur sang-froid."",""run"":""gemini""},{""id"":52668,""pun"":""Certains cardiologues sont vraiment sans cœur, ils ne font que circuler."",""run"":""gemini""},{""id"":12629,""pun"":""Mon cardiologue est un vrai magicien, il me fait des tours d'artères."",""run"":""gemini""},{""id"":76242,""pun"":""Le cardiologue a été arrêté par la police : il brûlait trop de vaisseaux."",""run"":""gemini""}]"
2795	"[{""id"":91052,""pun"":""Il a un tempérament de feu, surtout quand il nous pompe l'air."",""run"":""gemini""},{""id"":81575,""pun"":""Ce petit est un génie du mal, il a l'art et la manière de nous mettre en rogne."",""run"":""gemini""},{""id"":84527,""pun"":""Le petit moustique est vraiment dans sa meilleure forme, c'est un as-pique."",""run"":""gemini""},{""id"":79088,""pun"":""L'élève turbulent a le verbe haut, mais surtout la verve de terre."",""run"":""gemini""},{""id"":86761,""pun"":""Ces enfants sont toujours dans leurs meilleurs pestes."",""run"":""gemini""},{""id"":29408,""pun"":""Il n'est pas insupportable, il est juste en pleine crise d'idole-escence."",""run"":""gemini""},{""id"":88087,""pun"":""Ma fille est une perle, mais une perle-turbatrice."",""run"":""gemini""},{""id"":10908,""pun"":""Ce garnement est au sommet de sa sâle-itude."",""run"":""gemini""},{""id"":77190,""pun"":""Quand l'enfant terrible se tait, c'est qu'il prépare son meilleur silence-nuisible."",""run"":""gemini""},{""id"":66822,""pun"":""C'est un enfant brillant, surtout pour briller par son impolitesse."",""run"":""gemini""},{""id"":41588,""pun"":""Le gamin est insupportable, il est au zénith de sa canaille-titude."",""run"":""gemini""},{""id"":99513,""pun"":""Un enfant qui fait des bêtises au lit, c'est un cauchemar-pion."",""run"":""gemini""}]"
2796	"[{""id"":22180,""pun"":""Une fourmi qui n'écoute rien est une fourmi-sérable."",""run"":""gemini""},{""id"":33391,""pun"":""Un pou qui réussit ses examens est un pou-it-icien brillant."",""run"":""gemini""},{""id"":90169,""pun"":""Le dresseur de puces est très fier, c'est un métier de petite taille mais de grande classe."",""run"":""gemini""},{""id"":52207,""pun"":""Cet enfant est une peste polie, il dit toujours 'mer-ci' avant de mordre."",""run"":""gemini""},{""id"":45804,""pun"":""Quand les termites mangent la table, c'est une faim de bois."",""run"":""gemini""},{""id"":20157,""pun"":""Ma cuisine est envahie par les cafards, c'est un vrai blatte-age médiatique."",""run"":""gemini""},{""id"":34414,""pun"":""Ces enfants sont de vraies pestes, ils sont toujours au sommet de leur forme-idables."",""run"":""gemini""},{""id"":95698,""pun"":""Le jardinier est en dépression à cause des pucerons, il a le bourdon."",""run"":""gemini""},{""id"":46963,""pun"":""Cet enfant turbulent adore peindre les murs, il nous enduis d'ennui."",""run"":""gemini""},{""id"":48912,""pun"":""Les mouches ne travaillent jamais le dimanche, elles font la grasse mouche-inée."",""run"":""gemini""},{""id"":98911,""pun"":""On a demandé à ce moustique de partir, mais il fait de la résistance : c'est un insecte têtu."",""run"":""gemini""},{""id"":80450,""pun"":""Le poète agaçant parlait de moustiques avec beaucoup de verbe."",""run"":""gemini""}]"
2797	"[{""id"":69507,""pun"":""Les horlogers ne sont jamais en retard car ils ont toujours un temps d'avance."",""run"":""gemini""},{""id"":56974,""pun"":""On dit que mon horloger est cinglé, mais moi je trouve qu'il sonne juste."",""run"":""gemini""},{""id"":87124,""pun"":""Certains horlogers sont calmes, mais d'autres n'ont pas toute leur trotteuse."",""run"":""gemini""},{""id"":76050,""pun"":""L'horloger qui ne vend rien finit par passer un sale quart d'heure."",""run"":""gemini""},{""id"":37860,""pun"":""L'horloger a fait une dépression car il travaillait trop contre la montre."",""run"":""gemini""},{""id"":27350,""pun"":""Un horloger qui devient fou, c'est quelqu'un qui a un grain de sable dans l'engrenage."",""run"":""gemini""},{""id"":17198,""pun"":""Ma pendule est lunatique, elle change d'aiguille selon son humeur."",""run"":""gemini""},{""id"":20747,""pun"":""L'horloger est devenu fou : il a fini par perdre la boule de son pendule."",""run"":""gemini""},{""id"":67287,""pun"":""Il ne faut pas énerver un horloger, car il pourrait vite monter sur ses grands ressorts."",""run"":""gemini""},{""id"":90392,""pun"":""Le coucou de mon grand-père est bizarre, il est complètement déréglé du cerveau."",""run"":""gemini""},{""id"":34250,""pun"":""Ma montre est très timide, elle avance toujours à reculons."",""run"":""gemini""},{""id"":94142,""pun"":""Un horloger qui perd la tête, c'est un homme qui n'a plus une seconde à lui."",""run"":""gemini""}]"
2798	"[{""id"":64225,""pun"":""Le commandant a perdu ses clés, il est maintenant colonel parce qu'il n'a plus de quoi ouvrir."",""run"":""gemini""},{""id"":80728,""pun"":""Dans l'armée, on déteste les ordres vagues, c'est pour ça qu'on préfère quand c'est le Général."",""run"":""gemini""},{""id"":45013,""pun"":""Quel est le comble pour un militaire ? C'est d'être au garde-à-vous mais de n'être à personne."",""run"":""gemini""},{""id"":15867,""pun"":""Un officier qui ne prend pas de douche, c'est un sale officier, mais s'il commande, c'est un sale Adjudant."",""run"":""gemini""},{""id"":93667,""pun"":""Les militaires ne font jamais de cache-cache, car ils finissent toujours par se dé-masquer."",""run"":""gemini""},{""id"":88345,""pun"":""Un General qui tombe dans l'eau, ça fait un officier de marine ? Non, ça fait un chef-d'œuvre."",""run"":""gemini""},{""id"":82436,""pun"":""Un soldat qui mange trop de haricots, c'est un pétard mouillé."",""run"":""gemini""},{""id"":10638,""pun"":""Mon ami militaire est devenu boulanger : maintenant il fait des pains de campagne."",""run"":""gemini""},{""id"":97041,""pun"":""On a demandé au Général son opinion sur l'hiver, il a répondu que c'était une question de froid aux troupes."",""run"":""gemini""},{""id"":29515,""pun"":""Le capitaine a été renvoyé de la piscine car il ne savait pas faire la brasse, seulement le garde-à-vous."",""run"":""gemini""},{""id"":71503,""pun"":""Pourquoi l'armée est-elle si bruyante ? Parce qu'il y a toujours un Lieutenant qui hurle."",""run"":""gemini""},{""id"":72615,""pun"":""Pourquoi les officiers ne sont-ils jamais précis ? Parce qu'ils restent dans le Général."",""run"":""gemini""}]"
2799	"[{""id"":78200,""pun"":""Ce chef est tellement narcissique qu'il ne cuisine que des 'moi-les'."",""run"":""gemini""},{""id"":24919,""pun"":""Le serveur était si radin qu'il servait la soupe à la crevette... sans la crevette."",""run"":""gemini""},{""id"":58876,""pun"":""Les fruits de mer sont très narcissiques : ils passent leur temps à se regarder dans la glace."",""run"":""gemini""},{""id"":72169,""pun"":""Ne fais pas ton homard, sois un peu plus généreux !"",""run"":""gemini""},{""id"":80587,""pun"":""Les crustacés ne partagent jamais rien, ils sont trop égo-moules."",""run"":""gemini""},{""id"":66727,""pun"":""C'est un crabe très avide : il veut toujours plus de blé, mais il ne finit jamais ses pâtes."",""run"":""gemini""},{""id"":93981,""pun"":""La palourde est très mesquine, elle ne te dit jamais un mot, elle reste muette."",""run"":""gemini""},{""id"":49780,""pun"":""On dit que les huîtres sont avares parce qu'elles sont toujours fermées."",""run"":""gemini""},{""id"":58469,""pun"":""On a demandé à la crevette de partager son dessert, mais elle est trop égocentrique-vettes."",""run"":""gemini""},{""id"":77105,""pun"":""Quel est le comble de l'égoïsme pour un crustacé ? C'est de vivre dans sa propre coquille."",""run"":""gemini""},{""id"":20982,""pun"":""Ce cuisinier est vraiment une pince : il garde tous les homards pour lui."",""run"":""gemini""},{""id"":35795,""pun"":""Un crustacé qui ne veut pas prêter son argent est un homard d'affaires."",""run"":""gemini""}]"
2800	"[{""id"":23911,""pun"":""Ma nutritionniste est une perle : elle a beaucoup d'estomac pour supporter mes écarts."",""run"":""gemini""},{""id"":48923,""pun"":""Les régimes de bananes, c'est dur à digérer : ça finit toujours par peser sur l'estomac."",""run"":""gemini""},{""id"":87787,""pun"":""Mon nouveau régime à base de riz est un succès : c'est une décision mûrement réfléchie."",""run"":""gemini""},{""id"":18320,""pun"":""Le cannibale a arrêté son régime, il ne pouvait plus voir personne en peinture... ou en ragoût."",""run"":""gemini""},{""id"":97136,""pun"":""Faire un régime de groupe, c'est une question de corps de métier."",""run"":""gemini""},{""id"":93738,""pun"":""Un nutritionniste qui réussit, c'est quelqu'un qui a la taille de l'emploi."",""run"":""gemini""},{""id"":72041,""pun"":""Un régime sans gras, c'est une décision qui vient des tripes."",""run"":""gemini""},{""id"":52522,""pun"":""J'ai arrêté mon régime sur un coup de tête, ou plutôt sur un coup de faim."",""run"":""gemini""},{""id"":97865,""pun"":""Quand mon ventre gargouille, c'est mon instinct qui s'exprime par les voies de faits."",""run"":""gemini""},{""id"":68352,""pun"":""Pourquoi les intestins sont-ils honnêtes ? Parce qu'ils ont toujours le fond du sac."",""run"":""gemini""},{""id"":92251,""pun"":""Les régimes drastiques me font peur, j'ai l'estomac noué à l'idée de manger du bouillon."",""run"":""gemini""},{""id"":97770,""pun"":""Il ne faut pas prendre les régimes à la légère, sinon on ne perd rien."",""run"":""gemini""}]"
