id_en	shuffled_candidates_json
3601	"[{""id"":90702,""pun"":""Savez-vous pourquoi le frère d'Einstein ne s'est jamais marié ? Parce que c'était un Frank-ennemi de l'amour."",""run"":""gemini""},{""id"":47099,""pun"":""Einstein était une lumière, mais son neveu Frank était si moche qu'on l'appelait l'affreux Einstein."",""run"":""gemini""},{""id"":65137,""pun"":""Einstein avait un frère qui travaillait dans les égouts : il s'appelait Frank, et il dégageait une horreur de cadavre."",""run"":""gemini""},{""id"":27790,""pun"":""Le frère d'Einstein n'était pas très intelligent, on l'appelait Frank : il était un peu monstrueusement lent."",""run"":""gemini""},{""id"":86652,""pun"":""On sait qu'Albert Einstein était un génie, mais on parle peu de sa cousine : la célèbre Frankine... c'était une vraie horreur."",""run"":""gemini""},{""id"":11322,""pun"":""Albert était un génie, mais son frère Frank était si méchant qu'on disait de lui : c'est un Frank-tireur de monstres."",""run"":""gemini""},{""id"":80481,""pun"":""Albert cherchait l'atome, mais son frère Frank cherchait la sortie : il était Frank d'esprit, mais le corps ne suivait pas."",""run"":""gemini""},{""id"":94274,""pun"":""Tout le monde connaît le Frank d'Einstein, mais saviez-vous qu'il avait une soeur nommée Erreur ? C'était une véritable horreur."",""run"":""gemini""},{""id"":37104,""pun"":""On dit qu'Einstein était génial, mais son frère Frank était carrément décomposé par la jalousie."",""run"":""gemini""},{""id"":87618,""pun"":""Einstein était un génie, mais son frère était boucher... il s'appelait Frank et il faisait des saucisses de mort-vivant."",""run"":""gemini""},{""id"":85987,""pun"":""La famille Einstein était bizarre : Albert avait le cerveau, et Frank avait les morceaux des autres."",""run"":""gemini""},{""id"":77128,""pun"":""Einstein a découvert la relativité, mais son frère Frank a découvert l'horreur : il s'est trompé de labo, c'était une grave horreur."",""run"":""gemini""}]"
3602	"[{""id"":71923,""pun"":""Plutôt que de faire la moue, on fait la rando."",""run"":""gemini""},{""id"":35818,""pun"":""C'est l'auberge espagnole, mais avec plus de sardines."",""run"":""gemini""},{""id"":90359,""pun"":""Un séjour plein d'amuse-tente."",""run"":""gemini""},{""id"":29565,""pun"":""On est dans de beaux draps, mais c'est un sac de couchage."",""run"":""gemini""},{""id"":66900,""pun"":""C'est in-tente-se comme expérience."",""run"":""gemini""},{""id"":67136,""pun"":""C'est tout à fait sa-tente-faisant."",""run"":""gemini""},{""id"":67417,""pun"":""On va camper sur ses positions."",""run"":""gemini""},{""id"":52937,""pun"":""Quel tente-atout pour nos vacances !"",""run"":""gemini""},{""id"":77436,""pun"":""On ne se fait pas d'illusion, on se fait des cabanes."",""run"":""gemini""},{""id"":92271,""pun"":""C'est une tente-ation irrésistible."",""run"":""gemini""},{""id"":76295,""pun"":""C'est une équipe qui a du piquet."",""run"":""gemini""},{""id"":68244,""pun"":""Il n'y a pas photo, mais il y a rando."",""run"":""gemini""}]"
3603	"[{""id"":76671,""pun"":""Il est si égocentrique qu'il ne met pas d'écharpe, il s'entoure uniquement de sa propre opinion."",""run"":""gemini""},{""id"":51186,""pun"":""Quand on est enveloppé dans son orgueil, on finit par étouffer le style."",""run"":""gemini""},{""id"":31173,""pun"":""Un égoïste qui change de chemise reste toujours dans de beaux draps."",""run"":""gemini""},{""id"":54062,""pun"":""L'égocentrique est un expert du multicouche : il empile les épaisseurs de moi."",""run"":""gemini""},{""id"":66353,""pun"":""Celui qui est plein de lui-même finit souvent par déborder de sa veste."",""run"":""gemini""},{""id"":68282,""pun"":""Le narcissique ne porte pas de manteau, il se drape dans son ego."",""run"":""gemini""},{""id"":15294,""pun"":""Il est tellement centré sur lui qu'il ne s'habille qu'en 'sur-mesure' pour son ego."",""run"":""gemini""},{""id"":39634,""pun"":""Les égoïstes n'ont pas besoin de laine, ils sont déjà tricotés sur eux-mêmes."",""run"":""gemini""},{""id"":46487,""pun"":""À force de se regarder le nombril, on finit par porter un pull à col interne."",""run"":""gemini""},{""id"":36912,""pun"":""Il n'a pas froid car il est toujours couvert de louanges."",""run"":""gemini""},{""id"":17113,""pun"":""Pourquoi les narcissiques n'ont-ils jamais froid ? Parce qu'ils sont toujours bien vêtus de leur suffisance."",""run"":""gemini""},{""id"":13262,""pun"":""On est toujours trop habillé quand on est imbu de sa parure."",""run"":""gemini""}]"
3604	"[{""id"":36214,""pun"":""On a le pain sur la planche de bord digitale."",""run"":""gemini""},{""id"":46115,""pun"":""On moule vos interfaces pour qu'elles ne restent pas sur le carreau."",""run"":""gemini""},{""id"":56879,""pun"":""On ne raconte pas de salades, on préfère les mille-feuilles de calques."",""run"":""gemini""},{""id"":18441,""pun"":""Graphisme et web : la fournée du jour est déjà en ligne."",""run"":""gemini""},{""id"":49351,""pun"":""Le code est cuit à point : pas un seul bug au four."",""run"":""gemini""},{""id"":40172,""pun"":""Pas de demi-sel chez nous, on code avec du goût."",""run"":""gemini""},{""id"":18279,""pun"":""Un site web bien levé, c'est la cerise sur le gâteau de votre com."",""run"":""gemini""},{""id"":47483,""pun"":""Des pixels bien dorés, sortis tout droit du processeur."",""run"":""gemini""},{""id"":85829,""pun"":""On pétrit vos idées, vous récoltez les miettes de succès."",""run"":""gemini""},{""id"":56721,""pun"":""Nos designs ont de la brioche : ils sont bien gonflés."",""run"":""gemini""},{""id"":56431,""pun"":""Pour vos sites web, on met la main à la pâte graphique."",""run"":""gemini""},{""id"":46928,""pun"":""Besoin d'un site croquant ? Nos développeurs ont la recette."",""run"":""gemini""}]"
3605	"[{""id"":60285,""pun"":""En politique, on est pour la séparation de l'Église et de l'État... de siège."",""run"":""gemini""},{""id"":67566,""pun"":""Pour certains extrémistes, la liberté de culte est surtout une liberté de culte... de la haine."",""run"":""gemini""},{""id"":49980,""pun"":""Entre la foi et la loi, il n'y a qu'une lettre, mais beaucoup de litiges."",""run"":""gemini""},{""id"":95489,""pun"":""Ils prônent la séparation des Églises et de l'Éther, car leurs discours manquent d'oxygène."",""run"":""gemini""},{""id"":81294,""pun"":""La laïcité, c'est quand on remplace le 'Amen' par un 'Ah, bon ?'."",""run"":""gemini""},{""id"":83498,""pun"":""Il ne faut pas confondre la laïcité et la laide-cité, surtout en banlieue."",""run"":""gemini""},{""id"":88859,""pun"":""Certains prêcheurs ont un don pour transformer la messe en une arme de masse."",""run"":""gemini""},{""id"":17199,""pun"":""On demande la séparation de l'État et de l'Haine, mais ils font souvent bon ménage."",""run"":""gemini""},{""id"":47376,""pun"":""Le fanatisme, c'est l'art de mettre Dieu au milieu de toutes les haines."",""run"":""gemini""},{""id"":64537,""pun"":""Quand la politique s'en mêle, le sacré devient un sacré bordel."",""run"":""gemini""},{""id"":27575,""pun"":""Le dialogue interreligieux est souvent un dialogue de sourds qui crient au miracle."",""run"":""gemini""},{""id"":25647,""pun"":""Le gouvernement a décidé de séparer l'Église et l'Aigreur."",""run"":""gemini""}]"
3606	"[{""id"":91325,""pun"":""J'ai une blague sur les magasins, mais elle n'a pas « supermarché »."",""run"":""gemini""},{""id"":35728,""pun"":""C'est l'histoire d'un poil, avant il était bien, maintenant il est « déçu » (des-sous)."",""run"":""gemini""},{""id"":94802,""pun"":""Il était tellement radin qu'il ne donnait même pas son avis."",""run"":""gemini""},{""id"":90772,""pun"":""Le mec qui a inventé le correcteur orthographique est un génie, il mérite une « médaille » d'horreur."",""run"":""gemini""},{""id"":28457,""pun"":""Un prêtre qui démissionne n'a plus de « père »-spective."",""run"":""gemini""},{""id"":37530,""pun"":""Comment appelle-t-on un boomerang qui ne revient pas ? Un bout de bois."",""run"":""gemini""},{""id"":78206,""pun"":""Le boulanger ne fait pas l'amour, il pétrit (fait le tri)."",""run"":""gemini""},{""id"":58614,""pun"":""Un comptable qui fait l'amour, ça compte."",""run"":""gemini""},{""id"":58075,""pun"":""Le vitrier a cassé sa pipe, il est transparent."",""run"":""gemini""},{""id"":13342,""pun"":""On a recommencé deux fois, m'a-t-elle « repris » (repris)."",""run"":""gemini""},{""id"":23152,""pun"":""Les électriciens font souvent l'amour au courant."",""run"":""gemini""},{""id"":25903,""pun"":""Pourquoi les plongeurs plongent-ils toujours en arrière ? Parce que sinon ils tombent dans le bateau."",""run"":""gemini""}]"
3607	"[{""id"":32077,""pun"":""Le maçon n'était pas un angle, mais il gardait toujours la forme."",""run"":""gemini""},{""id"":59468,""pun"":""Le menuisier paresseux a de la planche sur le pain."",""run"":""gemini""},{""id"":57044,""pun"":""Les charpentiers ne font pas les choses à moitié, ils font des angles droits."",""run"":""gemini""},{""id"":15469,""pun"":""Pourquoi les géomètres n’aiment pas la paresse ? Parce qu’ils craignent de perdre le Nord."",""run"":""gemini""},{""id"":73409,""pun"":""Il a voulu rogner sur les prix, il a fini sur la paille."",""run"":""gemini""},{""id"":78562,""pun"":""Un électricien qui va vite n'est jamais au courant."",""run"":""gemini""},{""id"":13952,""pun"":""On ne prend pas de raccourcis, mais on a quand même un court-circuit."",""run"":""gemini""},{""id"":43232,""pun"":""Je suis allé chez le psychologue pour bois : il avait un gros nœud au cerveau."",""run"":""gemini""},{""id"":48480,""pun"":""On a bâclé le cadre, maintenant c'est nous qui sommes dans le décor."",""run"":""gemini""},{""id"":88559,""pun"":""On ne tourne pas les coins ronds, on les équarrit."",""run"":""gemini""},{""id"":97327,""pun"":""Il ne faut pas brûler les étapes, sinon le chantier part en fumée."",""run"":""gemini""},{""id"":56298,""pun"":""Le menuisier qui bâcle son travail finit toujours par prendre la porte."",""run"":""gemini""}]"
3608	"[{""id"":59889,""pun"":""Les poissons ne lisent pas l'avenir, car ils finissent tous en filets sans lignes."",""run"":""gemini""},{""id"":95715,""pun"":""Ma voyante est fan de natation : elle ne lit plus les mains, elle regarde les palmes."",""run"":""gemini""},{""id"":95442,""pun"":""Un palmier qui se présente aux élections n'a pas de programme, il a juste des palmes."",""run"":""gemini""},{""id"":87975,""pun"":""On ne lit pas dans les lignes de la main, on se les prend juste en pleine figure."",""run"":""gemini""},{""id"":67754,""pun"":""Quand un palmier fait de la plongée, il n'a pas besoin de palmes, il a déjà des branches."",""run"":""gemini""},{""id"":37906,""pun"":""Ne lisez pas l'avenir dans un palmier, vous n'y trouverez que des dattes périmées."",""run"":""gemini""},{""id"":47207,""pun"":""La voyante était nulle : elle a confondu mes lignes de la main avec mes lignes de crédit."",""run"":""gemini""},{""id"":31506,""pun"":""Le palmier est l'arbre le plus propre : il a toujours des palmes de rechange."",""run"":""gemini""},{""id"":75016,""pun"":""Pourquoi les palmiers ne lisent-ils jamais l'avenir ? Parce qu'ils perdent toujours leurs feuilles."",""run"":""gemini""},{""id"":12405,""pun"":""Un palmier qui gagne un prix au festival de Cannes, c'est une palme d'or ou un arbre de talent ?"",""run"":""gemini""},{""id"":24367,""pun"":""On m'a dit que j'avais une ligne de vie courte, alors j'ai pris un abonnement plus long."",""run"":""gemini""},{""id"":96136,""pun"":""Les voyantes ne lisent pas les palmes, elles les mettent pour fuir leurs clients."",""run"":""gemini""}]"
3609	"[{""id"":26593,""pun"":""On vous mène en bateau, mais avec le sourire !"",""run"":""gemini""},{""id"":25126,""pun"":""Notre service de transport a un moteur de bonheur."",""run"":""gemini""},{""id"":66102,""pun"":""Traverser la ville nous botte, surtout en caisse !"",""run"":""gemini""},{""id"":34058,""pun"":""Nous pilotons votre destin, sans rater le virage."",""run"":""gemini""},{""id"":22394,""pun"":""On vous conduit au septième ciel !"",""run"":""gemini""},{""id"":78470,""pun"":""On roule pour vous, vous roulez pour nous !"",""run"":""gemini""},{""id"":92820,""pun"":""On a le turbo pour votre moral."",""run"":""gemini""},{""id"":74391,""pun"":""L'auto-satisfaction commence au volant."",""run"":""gemini""},{""id"":33245,""pun"":""Pour aller mieux, passez la seconde !"",""run"":""gemini""},{""id"":95552,""pun"":""Le trajet est long, mais c'est pas trayais drôle !"",""run"":""gemini""},{""id"":72766,""pun"":""Un trajet qui ne manque pas d'air (bag)."",""run"":""gemini""},{""id"":33098,""pun"":""Avec nous, la route tourne au plaisir."",""run"":""gemini""}]"
3610	"[{""id"":11964,""pun"":""Refaire sa marque sans pression ? Impossible, on finit toujours par boire un verre."",""run"":""gemini""},{""id"":53001,""pun"":""On modernise vos marques : on ne garde que la crème, le reste part à la flotte."",""run"":""gemini""},{""id"":85882,""pun"":""On donne du corps à votre marque : de la bouteille pour les anciens, et un nouveau bouchon pour les jeunes."",""run"":""gemini""},{""id"":15408,""pun"":""Notre agence est une source d'inspiration : on rafraîchit les marques sans jamais être à sec."",""run"":""gemini""},{""id"":58216,""pun"":""Votre identité visuelle est livide ? On la rend liquide pour qu'elle coule de source."",""run"":""gemini""},{""id"":96386,""pun"":""On réveille vos marques : s'il n'y a pas de jus dans votre logo, on presse l'orange du marketing."",""run"":""gemini""},{""id"":54425,""pun"":""Pour rafraîchir un logo, on n'utilise pas d'eau tiède, on jette un froid sur la concurrence."",""run"":""gemini""},{""id"":17248,""pun"":""On rafraîchit votre business : ici, même les idées glacées finissent par briser la glace."",""run"":""gemini""},{""id"":92563,""pun"":""Pour rafraîchir une image de marque, on ne fait pas de vagues, on boit la tasse jusqu'au succès."",""run"":""gemini""},{""id"":41723,""pun"":""On donne un coup de jeune à vos marques : nos clients ne sont jamais pressés, sauf si c'est pour un citron."",""run"":""gemini""},{""id"":44548,""pun"":""On actualise votre produit : un vrai bain de jouvence, sans pour autant se noyer dans le détail."",""run"":""gemini""},{""id"":62295,""pun"":""Une marque qui a soif de changement ? On lui sert un cocktail de croissance frappant."",""run"":""gemini""}]"
3611	"[{""id"":74690,""pun"":""Un chien au nez froid a souvent un flair pour les gens chaleureux."",""run"":""gemini""},{""id"":16228,""pun"":""Un museau froid n'empêche pas d'avoir du cœur au ventre."",""run"":""gemini""},{""id"":86642,""pun"":""Pour les chiens enrhumés, on a des cœurs qui ne manquent pas d'air."",""run"":""gemini""},{""id"":38983,""pun"":""Ce chien a un flair d'auteur : il écrit ses mémoires avec sa truffe."",""run"":""gemini""},{""id"":75724,""pun"":""Pour les truffes glacées, on a des maîtres qui ont du chien."",""run"":""gemini""},{""id"":96554,""pun"":""On aime les chiens passionnément : c'est un amour qui nous sort par les yeux et entre par le nez."",""run"":""gemini""},{""id"":25920,""pun"":""Un chien qui a froid cherche toujours un maître au poil."",""run"":""gemini""},{""id"":11858,""pun"":""Ici, on ne fait pas de vidage de sac, on ne fait que du visage de chien !"",""run"":""gemini""},{""id"":40633,""pun"":""On chouchoute les chiens : ici, c'est l'amour à pleins poumons et à plein nez."",""run"":""gemini""},{""id"":55415,""pun"":""Ne faites pas la fine bouche : nos chiens ont le nez fin mais le cœur large."",""run"":""gemini""},{""id"":72487,""pun"":""On a du flair : on ne mène pas nos clients par le bout du nez, mais par le bout du cœur."",""run"":""gemini""},{""id"":55713,""pun"":""Votre chien a le nez gelé ? Notre accueil est pourtant sans odeur et sans horreur."",""run"":""gemini""}]"
3612	"[{""id"":13713,""pun"":""Je te soutiens à cent pour sang, car j'ai la moelle épinière solidaire."",""run"":""gemini""},{""id"":10563,""pun"":""Ne t'inquiète pas, j'ai les épaules assez larges pour ton sac à dos et tes problèmes."",""run"":""gemini""},{""id"":96805,""pun"":""On vous couvre les reins, à moins que vous ne préfériez qu'on vous les lèche."",""run"":""gemini""},{""id"":50800,""pun"":""On te protège, on ne veut pas que tu finisse sur les rotules au lieu des lombaires."",""run"":""gemini""},{""id"":98743,""pun"":""Etre ton allié, c'est ma colonne vertébrale morale."",""run"":""gemini""},{""id"":47689,""pun"":""Pour te soutenir, j'ai plus d'une vertèbre dans mon sac."",""run"":""gemini""},{""id"":79017,""pun"":""On assure tes arrière-trains, c'est la base de notre amitié."",""run"":""gemini""},{""id"":94659,""pun"":""On est derrière toi, mais ne pète pas, s'il te plaît."",""run"":""gemini""},{""id"":53841,""pun"":""Il m'a promis de me soutenir, mais il a fini par me tourner le dos... avec une telle souplesse !"",""run"":""gemini""},{""id"":64069,""pun"":""Je serai toujours derrière toi, c'est mon côté vertébral."",""run"":""gemini""},{""id"":94511,""pun"":""Si tu tombes, je serai là : je suis ton ostéopathe de secours."",""run"":""gemini""},{""id"":20771,""pun"":""Tu peux compter sur moi, je suis d'une loyauté lombaire."",""run"":""gemini""}]"
3613	"[{""id"":61050,""pun"":""Un déménagement plein d'entrain."",""run"":""gemini""},{""id"":42907,""pun"":""On vous remue, ciel et terre."",""run"":""gemini""},{""id"":62408,""pun"":""Pour un voyage qui vous touche, prenez le train fantôme."",""run"":""gemini""},{""id"":23247,""pun"":""Un transport qui a du transport."",""run"":""gemini""},{""id"":61975,""pun"":""Nos déménageurs sont très émouvants : ils déplacent tout, même vos sentiments."",""run"":""gemini""},{""id"":93345,""pun"":""On vous fait vibrer, même sans amortisseurs."",""run"":""gemini""},{""id"":18868,""pun"":""Avec nous, vous allez de l'avant, sans même marcher."",""run"":""gemini""},{""id"":23684,""pun"":""On ne manque pas d'air pour vos transports pneumatiques."",""run"":""gemini""},{""id"":21980,""pun"":""On vous transporte, de joie comme en bus."",""run"":""gemini""},{""id"":34196,""pun"":""On a le moteur dans la peau."",""run"":""gemini""},{""id"":34526,""pun"":""Le seul voyage qui vous prend aux tripes, c'est le mal de mer."",""run"":""gemini""},{""id"":24008,""pun"":""On vous mène en bateau, mais avec classe."",""run"":""gemini""}]"
3614	"[{""id"":93327,""pun"":""On aime les mélanges qui ont de la bouteille... et du coffre-fort."",""run"":""gemini""},{""id"":59247,""pun"":""On adore nos mélanges, c'est du thé-rittoire inconnu."",""run"":""gemini""},{""id"":98566,""pun"":""Un mélange avec autant d'atouts, c'est carrément un as-thé."",""run"":""gemini""},{""id"":50442,""pun"":""Le secret de ce mélange ? C'est le profit-terole des vitamines."",""run"":""gemini""},{""id"":58070,""pun"":""Boire ce blend, c'est l'assurance d'une santé de fer... ou d'infusion."",""run"":""gemini""},{""id"":59791,""pun"":""C'est un mélange de fruits, mais avec des pépins-benefits."",""run"":""gemini""},{""id"":96375,""pun"":""Pour ce mélange, on n'a pas lésiné sur les moyens, c'est de la haute valeur... de vanneur."",""run"":""gemini""},{""id"":31711,""pun"":""Ce jus a trop d'atouts, c'est un véritable cocktail de gain-gembre."",""run"":""gemini""},{""id"":90851,""pun"":""Un mélange avec des bénéfices ? C'est tout pralin-f bénéfice !"",""run"":""gemini""},{""id"":10054,""pun"":""Ce mix de vitamines a beaucoup de valeur, c'est un vrai valseur de saveurs."",""run"":""gemini""},{""id"":25312,""pun"":""On adore les infusions qui rapportent gros : c'est du cash-mire."",""run"":""gemini""},{""id"":90298,""pun"":""Ce smoothie est une mine d'or, c'est un vrai kiff-vitamine."",""run"":""gemini""}]"
3615	"[{""id"":34839,""pun"":""L'imprimeur est un homme marquant : il laisse toujours sa trace."",""run"":""gemini""},{""id"":16071,""pun"":""On a le tampon de l'industrie : on fait toujours bonne impression !"",""run"":""gemini""},{""id"":25535,""pun"":""Un typographe qui divorce ? Il a perdu son caractère."",""run"":""gemini""},{""id"":11893,""pun"":""Pourquoi l'imitateur ne va pas à la plage ? Il a peur des contre-façons."",""run"":""gemini""},{""id"":47243,""pun"":""Le sculpteur est un homme de forme, il moule tout le monde."",""run"":""gemini""},{""id"":52554,""pun"":""Un imprimeur qui prend son temps ? C'est qu'il est en pleine édition limitée."",""run"":""gemini""},{""id"":82174,""pun"":""L'agent secret de l'imprimerie : on l'appelle l'agent encreur."",""run"":""gemini""},{""id"":77663,""pun"":""Il travaille dans l'estampage, c'est son gagne-pain : il a la main mise."",""run"":""gemini""},{""id"":84177,""pun"":""L'imitateur a fini au tribunal pour fraude : il a fait fausse impression."",""run"":""gemini""},{""id"":49768,""pun"":""C'est un métier de papier, mais je vous assure que c'est du béton !"",""run"":""gemini""},{""id"":49619,""pun"":""Ma nouvelle imprimante est très émotive : elle est tout de suite sous pression."",""run"":""gemini""},{""id"":30150,""pun"":""L'imitateur d'oiseaux a-t-1 des plumes ? Non, mais il a du répondant."",""run"":""gemini""}]"
3616	"[{""id"":34742,""pun"":""Il ne faut jamais contredire un avocat, sinon il vous fait payer ses honoraires de mauvaise foi."",""run"":""gemini""},{""id"":84270,""pun"":""Les juristes sont excellents en cuisine : ils maîtrisent l'art de la sauce aux petits oignons juridiques."",""run"":""gemini""},{""id"":62342,""pun"":""Le tribunal est un endroit très propre car le juge rend toujours un arrêté."",""run"":""gemini""},{""id"":62982,""pun"":""Le fiscaliste est un bon avocat : il connaît toutes les carottes pour éviter de se faire poireauter par le fisc."",""run"":""gemini""},{""id"":46852,""pun"":""Quand tu évoquas tes problèmes juridiques, j'ai tout de suite pensé à te trouver un avocat."",""run"":""gemini""},{""id"":23845,""pun"":""Pourquoi l'avocat porte-t-il une robe ? Pour ne pas qu'on voie qu'il a le bras long."",""run"":""gemini""},{""id"":17418,""pun"":""Un juge qui fait du jardinage, c'est normal : il adore trancher dans le vif du sujet."",""run"":""gemini""},{""id"":42701,""pun"":""Pour ses impôts, il a pris un avocat marron : au moins, ça se marie bien avec les dossiers classés."",""run"":""gemini""},{""id"":41717,""pun"":""Il a demandé une consultation à son psy et son avocat : maintenant il a un avis de tempête sous un crâne."",""run"":""gemini""},{""id"":17688,""pun"":""L'expert en conseil fiscal a fini en prison : il a trop pris ses clients pour des vaches à lait, sans l'avis de la traite."",""run"":""gemini""},{""id"":74165,""pun"":""Un avocat qui perd la tête, ça finit souvent en guacamole."",""run"":""gemini""},{""id"":21817,""pun"":""On a demandé son avis à l'avocat, mais il a plaidé qu'il était déjà à moitié avocat-fruit."",""run"":""gemini""}]"
3617	"[{""id"":38436,""pun"":""Le slogan de cette bière est captivant, il nous enivre de mots."",""run"":""gemini""},{""id"":91629,""pun"":""Faire la pub d'une bière forte, c'est une idée qui a du corps."",""run"":""gemini""},{""id"":18921,""pun"":""Cette pub pour la bière est un succès, on ne manque pas d'orge."",""run"":""gemini""},{""id"":17982,""pun"":""Faire de la pub pour du malt, ça donne une de ces verres-tiges."",""run"":""gemini""},{""id"":69103,""pun"":""Le tournage de la pub a duré jusqu'à treize heures du mat', c'était sur les braises."",""run"":""gemini""},{""id"":44082,""pun"":""On devrait mettre cette bière en avant, c'est l'écume des jours."",""run"":""gemini""},{""id"":17840,""pun"":""Une pub pour une bière sans alcool ? C'est de la pression pour rien."",""run"":""gemini""},{""id"":36066,""pun"":""Faire une pub en brasserie, ça demande beaucoup d'alambic."",""run"":""gemini""},{""id"":58142,""pun"":""Le projet de pub sur le vin a fait pschiit, la bière a pris la brèche."",""run"":""gemini""},{""id"":94147,""pun"":""Pour vendre cette bière, il faut savoir garder sa mousse-tache."",""run"":""gemini""},{""id"":22701,""pun"":""Une bière bien fraîche sur un plateau ? C'est un scénario qui se boit."",""run"":""gemini""},{""id"":68727,""pun"":""On devrait lancer une pub pour cette bière, c’est grisant."",""run"":""gemini""}]"
3618	"[{""id"":58748,""pun"":""J'ai parlé de mon chauffage en panne au SAV, mais le courant n'est pas passé."",""run"":""gemini""},{""id"":12493,""pun"":""Il m'a parlé de sa passion pour les allumettes, c'est un vrai fureteur de flammes."",""run"":""gemini""},{""id"":68002,""pun"":""Ma discussion sur les radiateurs est devenue houleuse : le ton est monté d'un cran."",""run"":""gemini""},{""id"":81454,""pun"":""On a discuté de l'incendie de la boulangerie ; c'était un sujet brûlant."",""run"":""gemini""},{""id"":92153,""pun"":""Le vendeur de poêles à bois a vraiment le feu sacré quand il argumente."",""run"":""gemini""},{""id"":15408,""pun"":""Le débat sur la climatisation a jeté un froid dans la pièce."",""run"":""gemini""},{""id"":91032,""pun"":""Ce dictateur était tellement en colère contre les pompiers qu'on l'appelait le Ad-Hoc Führer."",""run"":""gemini""},{""id"":86014,""pun"":""Discuter du prix du bois de chauffage, c'est vraiment un débat qui fait des étincelles."",""run"":""gemini""},{""id"":35360,""pun"":""On a débattu toute la journée des incendies de forêt, c'était une discussion très animée."",""run"":""gemini""},{""id"":75651,""pun"":""Le débat sur les feux de paille a été très court : il s'est éteint de lui-même."",""run"":""gemini""},{""id"":47812,""pun"":""Parler de crémation, c'est un sujet qui me réduit en cendres."",""run"":""gemini""},{""id"":91270,""pun"":""Les pompiers ont eu un débat sur le feu de joie ; l'ambiance était chaleureuse."",""run"":""gemini""}]"
3619	"[{""id"":69948,""pun"":""L'artificier du cirque a été renvoyé : il n'avait aucune mèche de cheveux, mais il a quand même perdu la boule."",""run"":""gemini""},{""id"":77179,""pun"":""Le prêtre a refusé de bénir le cirque parce qu'on lui a dit que le spectacle était canon."",""run"":""gemini""},{""id"":64963,""pun"":""On a interdit au clown d'approcher le canon car il avait déjà trop bu de coups."",""run"":""gemini""},{""id"":75519,""pun"":""C'est un comble pour un boulet de canon que de se faire licencier pour avoir été trop lent."",""run"":""gemini""},{""id"":33693,""pun"":""Le clown qui s'occupe du canon a une sacrée force de frappe, surtout quand il récite ses blagues."",""run"":""gemini""},{""id"":48740,""pun"":""Le clown a été expulsé du canon car il n'avait pas le bras assez long pour la mise à feu."",""run"":""gemini""},{""id"":15107,""pun"":""L'homme-canon ne voulait pas travailler car il se sentait un peu tube aujourd'hui."",""run"":""gemini""},{""id"":67806,""pun"":""Le cirque a un nouveau canon révolutionnaire : c'est le dernier cri de l'artillerie pour faire hurler de rire."",""run"":""gemini""},{""id"":57722,""pun"":""Au cirque, le loup a mangé l'homme-canon car il le trouvait vraiment à son goût."",""run"":""gemini""},{""id"":84355,""pun"":""On ne peut pas faire confiance à un canon, il finit toujours par vous lâcher."",""run"":""gemini""},{""id"":30606,""pun"":""Le canon est tombé amoureux d'une cloche de l'église : c'est un bel accord de principes."",""run"":""gemini""},{""id"":28466,""pun"":""Quand l'homme-canon a pris sa retraite, il a enfin pu souffler pour ne plus être sous pression."",""run"":""gemini""}]"
3620	"[{""id"":73283,""pun"":""On bichonne votre bolide, c'est notre moteur de fierté."",""run"":""gemini""},{""id"":28800,""pun"":""Votre auto mérite le haut du pavé, on s’occupe de son CV (Châssis-Véhicule)."",""run"":""gemini""},{""id"":55258,""pun"":""On ne plaisante pas avec votre carrosse, c’est notre moteur de car-rosse."",""run"":""gemini""},{""id"":31316,""pun"":""Dites adieu aux pneus lisses, ici on ne glisse pas sur le sujet."",""run"":""gemini""},{""id"":61772,""pun"":""Pour votre carrosserie, on ne fait pas de voilage sur la face."",""run"":""gemini""},{""id"":82632,""pun"":""Votre Mazda ? On en fait un Maz-d'art."",""run"":""gemini""},{""id"":60344,""pun"":""Votre voiture est un poème, laissez-nous en prendre les vers."",""run"":""gemini""},{""id"":20549,""pun"":""Confiez-nous votre véhicule, on en fait une affaire qui roule."",""run"":""gemini""},{""id"":26054,""pun"":""On ne lâche pas le volant, on a la passion en travers du châssis."",""run"":""gemini""},{""id"":68268,""pun"":""On soigne votre conduite, c'est notre ligne de mire."",""run"":""gemini""},{""id"":77443,""pun"":""Dans ce garage, on a la caisse dans la peau."",""run"":""gemini""},{""id"":25631,""pun"":""On prend soin de vos roues, parce que c'est notre rayon."",""run"":""gemini""}]"
3621	"[{""id"":47248,""pun"":""Jésus préférait le vin, car il ne pouvait pas marcher sur de la bière."",""run"":""gemini""},{""id"":46193,""pun"":""Adam et Ève voulaient un avocat, mais ils n'avaient que des pépins."",""run"":""gemini""},{""id"":94972,""pun"":""Pourquoi les églises sont-elles fraîches ? Parce qu'elles ont beaucoup de paroissiens."",""run"":""gemini""},{""id"":97611,""pun"":""Un moine qui ne trouve pas ses mots est un moine qui n'a pas d'abbaye-ce-dé."",""run"":""gemini""},{""id"":92231,""pun"":""Le prêtre a perdu sa voix, il est tombé en syncope."",""run"":""gemini""},{""id"":78724,""pun"":""Une église sans clocher, c'est une église qui n'a pas de son."",""run"":""gemini""},{""id"":49264,""pun"":""Le boulanger ne va plus à la messe car il n'a plus de pain sur la planche."",""run"":""gemini""},{""id"":39081,""pun"":""Moïse est un grand fan de musique : il adore la mer Rouge-gorge."",""run"":""gemini""},{""id"":91583,""pun"":""Les anges font souvent la grève car ils en ont marre de voler."",""run"":""gemini""},{""id"":62439,""pun"":""Il ne faut pas vendre la peau de l'évêque avant de l'avoir tué."",""run"":""gemini""},{""id"":65340,""pun"":""On vous accueille avec les psaumes grandes ouvertes."",""run"":""gemini""},{""id"":15746,""pun"":""Les fidèles sont très sportifs : ils font des pompes funèbres."",""run"":""gemini""}]"
3622	"[{""id"":20701,""pun"":""Le congrès des hiboux a duré toute la nuit, ils n'ont pas vu le temps passer tellement ils ont ulu-lu de rire."",""run"":""gemini""},{""id"":91675,""pun"":""La conférence sur les hiboux était géniale, ils ont vraiment le sens de l'hou-mour."",""run"":""gemini""},{""id"":38895,""pun"":""On a demandé l'avis d'un hibou sur la fête, il a répondu : « C'est tout ce que j'u-louais ! »"",""run"":""gemini""},{""id"":82219,""pun"":""J'ai croisé un hibou très drôle, il m'a dit qu'il travaillait dans le spectacle : il fait du stand-up ululement."",""run"":""gemini""},{""id"":38095,""pun"":""Au bal des hiboux, l'ambiance était incroyable, tout le monde était sur son trente-et-un ou plutôt son trente-et-plum."",""run"":""gemini""},{""id"":53631,""pun"":""À la réunion des chouettes, l'ambiance était électrique : elles avaient toutes la pêche ou plutôt le bec."",""run"":""gemini""},{""id"":99872,""pun"":""On est allés à la convention des hiboux, c'était vraiment chouette."",""run"":""gemini""},{""id"":74773,""pun"":""Au sommet des oiseaux de nuit, personne ne s'est ennuyé, c'était un vrai festival de drôles d'oiseaux."",""run"":""gemini""},{""id"":66157,""pun"":""J'ai invité un hibou à dîner, il a trouvé ça chouette mais il a refusé le dessert car il était déjà noct-urne."",""run"":""gemini""},{""id"":37252,""pun"":""Le rassemblement des rapaces nocturnes était un peu lourd, c'était pas du gâteau mais du hibou."",""run"":""gemini""},{""id"":55043,""pun"":""Le débat chez les chouettes était passionné, elles n'arrêtaient pas de se voler dans les plumes."",""run"":""gemini""},{""id"":14473,""pun"":""Un hibou qui raconte des blagues, c'est un oiseau qui a du répondant, ou plutôt du ré-paon-dant."",""run"":""gemini""}]"
3623	"[{""id"":80833,""pun"":""On était si pauvres qu'on ne faisait même plus de projets sur la comète, on n'avait pas les moyens de payer le voyage."",""run"":""gemini""},{""id"":38368,""pun"":""Mon banquier est un génie : il a réussi à me mettre à découvert alors qu'il fait tout le temps gris."",""run"":""gemini""},{""id"":38422,""pun"":""Je suis tellement à sec que mon compte en banque a soif de reconnaissance."",""run"":""gemini""},{""id"":39340,""pun"":""Quand j'ai dit à mon banquier que j'avais besoin de liquide, il m'a jeté un verre d'eau au visage."",""run"":""gemini""},{""id"":16761,""pun"":""J'ai essayé de payer mes impôts avec un sourire, mais le fisc m'a répondu qu'ils n'acceptaient pas la monnaie de ma pièce."",""run"":""gemini""},{""id"":48572,""pun"":""Il est tellement radin qu'il n'écoute que les conversations gratuites."",""run"":""gemini""},{""id"":34423,""pun"":""Ma femme m'a quitté à cause de mes problèmes de d'argent. Elle m'a dit : 'Ça suffit, je me tire d'ici !' C'est ironique, car moi je ne peux rien tirer."",""run"":""gemini""},{""id"":78969,""pun"":""Il ne faut pas prêter attention aux gens qui n'ont pas de crédit."",""run"":""gemini""},{""id"":38495,""pun"":""On était tellement fauchés qu'on ne mangeait que des dattes, pour au moins être à jour."",""run"":""gemini""},{""id"":87484,""pun"":""Tellement pauvre que quand j'achète un ticket de métro, je demande au contrôleur s'il prend les chèques-déjeuner de l'esprit."",""run"":""gemini""},{""id"":81523,""pun"":""J'ai acheté un dictionnaire avec mon dernier centime, mais je n'ai pas trouvé les mots pour le dire."",""run"":""gemini""},{""id"":51023,""pun"":""On était si pauvres qu'on ne pouvait même pas prêter attention, et encore moins la rendre."",""run"":""gemini""}]"
3624	"[{""id"":75066,""pun"":""Suivez-nous, on connaît le secteur comme notre mufle."",""run"":""gemini""},{""id"":86138,""pun"":""Il n'y a pas d'erreur possible, notre boussole est en cuir véritable."",""run"":""gemini""},{""id"":34866,""pun"":""Vous cherchez votre chemin ? N'écoutez pas les vaches qui risquent de vous traire en erreur."",""run"":""gemini""},{""id"":61267,""pun"":""On ne vous mènera pas en bateau, on préfère le bétail."",""run"":""gemini""},{""id"":33316,""pun"":""Ne soyez pas une vache de direction, suivez le bon troupeau."",""run"":""gemini""},{""id"":84917,""pun"":""Faites-nous confiance, on a du boeuf pour vous mettre sur la bonne voie."",""run"":""gemini""},{""id"":29702,""pun"":""Ne vous trompez pas de direction, posez-lui un lapin, pas un taureau !"",""run"":""gemini""},{""id"":84354,""pun"":""Un bon guide doit savoir rester bœuf sur ses positions."",""run"":""gemini""},{""id"":95357,""pun"":""On va vous guider sans que ce soit un travail de boeuf."",""run"":""gemini""},{""id"":60524,""pun"":""On vous oriente avec passion, car on a le bœuf sacré."",""run"":""gemini""},{""id"":79621,""pun"":""Pour votre itinéraire, on prend le taureau par les cornes."",""run"":""gemini""},{""id"":11062,""pun"":""On n'est pas là pour vous faire tourner en bourrique, mais pour vous mener en génisse."",""run"":""gemini""}]"
3625	"[{""id"":18764,""pun"":""Il faut ralentir dare-dare, car à cette vitesse, le paysage devient un post-it."",""run"":""gemini""},{""id"":18736,""pun"":""Vite, ralentis ! On n'a plus le temps d'aller doucement."",""run"":""gemini""},{""id"":94041,""pun"":""On ferait mieux de ralentir de toute urgence, sinon on va finir par se hâter lentement vers le mur."",""run"":""gemini""},{""id"":48024,""pun"":""Il faut ralentir sec, parce qu'en ce moment ma voiture a une notion très floue de la célérité."",""run"":""gemini""},{""id"":22901,""pun"":""Il faut freiner illico, parce que la physique, elle, ne ralentit jamais pour réfléchir."",""run"":""gemini""},{""id"":34672,""pun"":""Ralentis en quatrième vitesse, sinon on va arriver avant d'être partis."",""run"":""gemini""},{""id"":93910,""pun"":""Dépêche-toi de ralentir, la gendarmerie a un sens de l'humour très limité sur la vélocité."",""run"":""gemini""},{""id"":80746,""pun"":""Freine fissa ! Si on ralentit trop tard, on sera les premiers à être en retard."",""run"":""gemini""},{""id"":91973,""pun"":""Freine tout de suite ! Si tu ralentis à deux à l'heure, on va finir par dépasser l'avenir."",""run"":""gemini""},{""id"":35187,""pun"":""Ralentissons prestement, avant que le radar ne nous fasse un portrait-robot à 130."",""run"":""gemini""},{""id"":18796,""pun"":""On devrait ralentir d'un coup sec, mon ange, avant de devenir des ailes de carrosserie."",""run"":""gemini""},{""id"":89589,""pun"":""Il va falloir freiner de façon véloce, ou on va transformer cette Smart en accordéon."",""run"":""gemini""}]"
3626	"[{""id"":97350,""pun"":""Quand un prof de maths se fait mal, il crie : 'C'est l'addition qui fait mal !'"",""run"":""gemini""},{""id"":35510,""pun"":""Pourquoi les profs de maths ont-ils beaucoup d'enfants ? Parce qu'ils savent que c'est le produit des facteurs."",""run"":""gemini""},{""id"":92839,""pun"":""Pourquoi les profs de maths aiment-ils les forêts ? Parce qu'il y a beaucoup de racines."",""run"":""gemini""},{""id"":46106,""pun"":""Un prof de maths ne meurt jamais, il finit simplement par perdre ses facultés."",""run"":""gemini""},{""id"":31058,""pun"":""On ne manque jamais de profs de maths : ils se multiplient pour s'en sortir."",""run"":""gemini""},{""id"":64611,""pun"":""Les professeurs de maths ne sont jamais seuls : ils font toujours des produits dérivés."",""run"":""gemini""},{""id"":73811,""pun"":""Le prof de maths a raté son rendez-vous galant car il n'avait pas les bonnes coordonnées."",""run"":""gemini""},{""id"":59078,""pun"":""Si un prof de maths se sent seul, il n'a qu'à chercher sa moitié."",""run"":""gemini""},{""id"":13731,""pun"":""Les profs de maths sont d'excellents amants : ils connaissent toutes les intégrales."",""run"":""gemini""},{""id"":42893,""pun"":""Un prof de maths dépressif est un homme dont les problèmes n'ont pas de solution."",""run"":""gemini""},{""id"":84387,""pun"":""Le prof de maths a acheté une maison car il voulait enfin changer de base."",""run"":""gemini""},{""id"":42176,""pun"":""Le prof de maths est resté au lit tout l'hiver car il avait peur d'attraper froid aux sinus."",""run"":""gemini""}]"
3627	"[{""id"":30868,""pun"":""Un électricien qui travaille gratuitement, c'est quelqu'un qui n'est pas au courant."",""run"":""gemini""},{""id"":69793,""pun"":""Les employés du pressing font toujours du bon boulot, ils sont très repassionnés."",""run"":""gemini""},{""id"":35744,""pun"":""Les laveurs de vitres n'ont pas peur du labeur, ils ont juste besoin de clarté sur leur salaire."",""run"":""gemini""},{""id"":48728,""pun"":""Les jardiniers ne font jamais grève car ils aiment trop semer la zizanie."",""run"":""gemini""},{""id"":16059,""pun"":""Le personnel de la morgue est en grève : ils veulent que le travail reste un plaisir mortel."",""run"":""gemini""},{""id"":53441,""pun"":""On a engagé un mercenaire pour faire le ménage, car il est expert en exécution des tâches."",""run"":""gemini""},{""id"":74323,""pun"":""On a demandé au boulanger de travailler gratuitement, mais il a répondu que ça ne mangeait pas de pain."",""run"":""gemini""},{""id"":61206,""pun"":""Travailler dans une usine de lunettes, c'est dur, on s'en prend plein la vue."",""run"":""gemini""},{""id"":26489,""pun"":""Si un pâtissier travaille trop, il finit par être complètement roulé dans la farine."",""run"":""gemini""},{""id"":71387,""pun"":""Le travail d'un sommelier est épuisant : il finit toujours par déboucher sur une crise."",""run"":""gemini""},{""id"":98789,""pun"":""C'est l'histoire d'un récit qui a fini premier de sa classe : c'était un récit réussi."",""run"":""gemini""},{""id"":97867,""pun"":""Un comptable qui n'a plus d'utilité, c'est un homme qui ne compte plus pour personne."",""run"":""gemini""}]"
3628	"[{""id"":21845,""pun"":""Entre nous, c'est du sérieux : on est plus près que le chauffeur du passager de devant."",""run"":""gemini""},{""id"":64272,""pun"":""On est si proches qu'on ne fait plus qu'un : on est devenus des siamois de proximité."",""run"":""gemini""},{""id"":95134,""pun"":""On est intimes : je connais même le code de son grille-pain."",""run"":""gemini""},{""id"":44558,""pun"":""Deux aimants qui s'aiment, c'est une relation qui a du pôle."",""run"":""gemini""},{""id"":18299,""pun"":""Elle m'a dit qu'on était proches, alors j'ai emménagé dans son sac à main."",""run"":""gemini""},{""id"":97453,""pun"":""Notre amitié est un cercle : on tourne toujours autour du pot."",""run"":""gemini""},{""id"":45635,""pun"":""On est tellement liés qu'on devrait s'appeler 'Noeuds'."",""run"":""gemini""},{""id"":33980,""pun"":""Je suis si proche de mon voisin que je connais ses rêves avant qu'il s'endorme."",""run"":""gemini""},{""id"":71295,""pun"":""On est connectés, c'est fusionnel : on partage même nos migraines."",""run"":""gemini""},{""id"":51612,""pun"":""Pour être plus proche de la nature, j'ai épousé une plante. On a une relation très racine."",""run"":""gemini""},{""id"":83419,""pun"":""On est voisins de palier, mais on n'est jamais sur le même pied d'égalité."",""run"":""gemini""},{""id"":69912,""pun"":""On est très proches, un vrai duo de chocs : on a beaucoup d'affection, mais surtout de la flexion quand on fait du sport."",""run"":""gemini""}]"
3629	"[{""id"":66414,""pun"":""Les employés licenciés du nucléaire ne manquent pas d'énergie pour manifester."",""run"":""gemini""},{""id"":20448,""pun"":""Virer des experts en fusion nucléaire, c'est prendre le risque de jeter un froid."",""run"":""gemini""},{""id"":24736,""pun"":""Depuis les licenciements à la centrale, l'ambiance est devenue radioactive : tout le monde est sur les charbons ardents."",""run"":""gemini""},{""id"":31531,""pun"":""Après la fermeture du réacteur, l'humeur du personnel est carrément plombée."",""run"":""gemini""},{""id"":80799,""pun"":""À la centrale, le plan social a fait l'effet d'une bombe."",""run"":""gemini""},{""id"":29340,""pun"":""Les licenciés du nucléaire sont formels : cette décision est enrichissante... pour les actionnaires uniquement."",""run"":""gemini""},{""id"":44847,""pun"":""Suite aux coupes budgétaires, l'atome est devenu crochu : il s'accroche à son poste."",""run"":""gemini""},{""id"":23851,""pun"":""Il n'y a plus de courant entre la direction du nucléaire et les syndicats."",""run"":""gemini""},{""id"":16530,""pun"":""Le personnel de la centrale est dévasté par les licenciements, ils ont tous la mine déterrée."",""run"":""gemini""},{""id"":81291,""pun"":""Le directeur de la centrale a viré tout le monde : il voulait sans doute une équipe plus légère, sans aucun noyau dur."",""run"":""gemini""},{""id"":18680,""pun"":""À l'usine nucléaire, les départs forcés ont provoqué une réaction en chaîne de démissions."",""run"":""gemini""},{""id"":35415,""pun"":""Quand on liquide une centrale, les employés finissent par radier le patron."",""run"":""gemini""}]"
3630	"[{""id"":34503,""pun"":""L'assureur des alpinistes est au sommet : quelle belle couverture nuageuse."",""run"":""gemini""},{""id"":53557,""pun"":""L'assurance des boulangers est top : ils ont une couverture en croûte."",""run"":""gemini""},{""id"":80737,""pun"":""L'assureur du zoo est serein : il a une couverture en peau de zèbre."",""run"":""gemini""},{""id"":22884,""pun"":""Le journal des sans-abris manque de couverture : c'est un comble."",""run"":""gemini""},{""id"":70284,""pun"":""On couvre toute la Bretagne : on a acheté assez de parapluies."",""run"":""gemini""},{""id"":13218,""pun"":""On a couvert l'affaire du vol de draps : le dossier est bien bordé."",""run"":""gemini""},{""id"":45155,""pun"":""On a une bonne couverture à Lyon : surtout quand il gèle."",""run"":""gemini""},{""id"":56900,""pun"":""Le journaliste de mode est bien couvert : il porte trois manteaux."",""run"":""gemini""},{""id"":83757,""pun"":""Le reporter météo est en plein reportage : il est sous une pluie de flashs."",""run"":""gemini""},{""id"":49761,""pun"":""L'assuré était un fantôme : il a pris une couverture qui fait peur."",""run"":""gemini""},{""id"":42696,""pun"":""Pour l'assurance d'un glacier, on a une couverture de survie de glace."",""run"":""gemini""},{""id"":89350,""pun"":""Le magazine sur les toits est bien distribué : il assure la couverture."",""run"":""gemini""}]"
3631	"[{""id"":54479,""pun"":""Notre cabinet a les reins solides pour porter vos projets de guérison."",""run"":""gemini""},{""id"":52333,""pun"":""On vous soutient mordicus, de la nuque jusqu'au coccyx."",""run"":""gemini""},{""id"":16132,""pun"":""Votre dos est une défense contre la gravité, ne soyez pas en défiance."",""run"":""gemini""},{""id"":60914,""pun"":""Un problème de vertèbres ? C'est le moment de se serrer les coudes."",""run"":""gemini""},{""id"":73279,""pun"":""On prend soin de votre défense... immunitaire et vertébrale !"",""run"":""gemini""},{""id"":19594,""pun"":""Vous en avez plein le dos ? Laissez-nous vider le sac."",""run"":""gemini""},{""id"":11444,""pun"":""Prendre soin de sa posture, c'est une question de décence pour son dos."",""run"":""gemini""},{""id"":95131,""pun"":""Ici, on remet les pendules à l'heure et les disques à leur place."",""run"":""gemini""},{""id"":79557,""pun"":""On ne vous tournera jamais le dos, sauf pour manipuler votre colonne."",""run"":""gemini""},{""id"":94533,""pun"":""Besoin d'un soutien vertébral ? On a plus d'un tour dans notre sac (de nerfs)."",""run"":""gemini""},{""id"":32702,""pun"":""Ne faites plus de vieux os, venez redresser la barre !"",""run"":""gemini""},{""id"":51075,""pun"":""Un chiro qui vous veut du bien : il ne vous brisera pas le cœur, seulement le cou."",""run"":""gemini""}]"
3632	"[{""id"":30794,""pun"":""À force de boire du thé au jasmin, j'ai fini par me faire un jasmine-dset cool."",""run"":""gemini""},{""id"":74222,""pun"":""Au restaurant chinois, ils m'ont servi mon thé super vite, c'était un ex-press-o."",""run"":""gemini""},{""id"":83006,""pun"":""On a attendu notre boisson très longtemps au restaurant chinois, c’était du thé... oolong-temps."",""run"":""gemini""},{""id"":51420,""pun"":""Ce thé est si vieux qu'il ne s'infuse plus, il s'en-fous."",""run"":""gemini""},{""id"":80695,""pun"":""Le serveur chinois est tombé avec le plateau, c'était un beau tas de thé."",""run"":""gemini""},{""id"":97198,""pun"":""Ma tasse de thé a pris la fuite car elle avait peur de se faire tremper."",""run"":""gemini""},{""id"":95438,""pun"":""On a demandé au serveur s'il restait du thé, il a répondu : 'C'est Matcha-nce ou jamais'."",""run"":""gemini""},{""id"":33078,""pun"":""On a volé tout le stock du resto chinois, c'est le pires thé du siècle."",""run"":""gemini""},{""id"":55460,""pun"":""J'ai commandé un thé mais j'ai dû partir, j'étais pres-thé par le temps."",""run"":""gemini""},{""id"":44850,""pun"":""Pourquoi les buveurs de thé chinois ne sont jamais stressés ? Parce qu'ils ont toujours Jasmine au bout du fil."",""run"":""gemini""},{""id"":34828,""pun"":""Comment appelle-t-on un thé qui a fait de la prison ? Un in-thé-gré."",""run"":""gemini""},{""id"":19311,""pun"":""Le thé vert est-il bon pour la santé ? Pas s'il est au vert-de-gris."",""run"":""gemini""}]"
3633	"[{""id"":57905,""pun"":""« J'ai perdu mon zeste de sympathie pour toi », dit-elle aigrement."",""run"":""gemini""},{""id"":88092,""pun"":""« Ce jus de citron est trop raffiné », dit-il en voyant le sol se raviner."",""run"":""gemini""},{""id"":28089,""pun"":""« Je n'ai plus d'agrumes », s'écria-t-elle, totalement désappointée."",""run"":""gemini""},{""id"":71783,""pun"":""« On a oublié le citron », dit-elle avec une pointe d'acidité."",""run"":""gemini""},{""id"":29254,""pun"":""« La limonade est finie », dit-elle avec un air piqué."",""run"":""gemini""},{""id"":70117,""pun"":""« Tu veux un citron ? », demanda-t-elle pour presser la décision."",""run"":""gemini""},{""id"":61196,""pun"":""« J'en ai marre des citrons », dit-elle avec amertume."",""run"":""gemini""},{""id"":96665,""pun"":""« On n'a plus de citrons », dit-elle d'un ton acide."",""run"":""gemini""},{""id"":46401,""pun"":""« Je déteste presser les agrumes », dit-elle d'un ton pressé."",""run"":""gemini""},{""id"":36964,""pun"":""« Tu es comme un citron : jaune et acide », lui lança-t-elle d'un ton cassant."",""run"":""gemini""},{""id"":91422,""pun"":""« Il n'y a plus de pamplemousse », dit-elle avec amertume."",""run"":""gemini""},{""id"":76828,""pun"":""« Ce citron est trop vieux », dit-elle avec un certain zeste de mépris."",""run"":""gemini""}]"
3634	"[{""id"":85710,""pun"":""Le pigeon putschiste ne travaille jamais seul, il agit toujours en groupe de pression."",""run"":""gemini""},{""id"":64303,""pun"":""Le putsch des oiseaux a réussi : c’est un coup d’ailes."",""run"":""gemini""},{""id"":62146,""pun"":""« Le coup d'État est un succès », roucoula-t-il."",""run"":""gemini""},{""id"":99182,""pun"":""« C'est une révolution ! », chuchota l'oiseau en faisant sa révolution autour du perchoir."",""run"":""gemini""},{""id"":26814,""pun"":""Le nouveau dictateur ailé a interdit les chats : c'est un arrêt du perchoir."",""run"":""gemini""},{""id"":71439,""pun"":""Quand les pigeons prennent l'Élysée, ils ne font pas de quartier, ils font des fientes."",""run"":""gemini""},{""id"":62511,""pun"":""Prendre la mairie n'était pas un défi pour ce pigeon, c'était une simple colonie de vacances."",""run"":""gemini""},{""id"":54444,""pun"":""« Le trône est à moi », siffle le merle en haut de l'État."",""run"":""gemini""},{""id"":37913,""pun"":""« J'ai renversé le gouvernement ! », s'exclama le pigeon tout en fientant sur la statue du Premier Ministre."",""run"":""gemini""},{""id"":58346,""pun"":""« Je prends enfin mon envol en politique », murmura le pigeon au palais."",""run"":""gemini""},{""id"":12232,""pun"":""L'oiseau a pris le ministère de l'Intérieur car il aimait déjà les nids douillets."",""run"":""gemini""},{""id"":91221,""pun"":""Le général Pigeon a pris le pouvoir, il veut instaurer un régime de graines."",""run"":""gemini""}]"
3635	"[{""id"":85124,""pun"":""Pourquoi les thermomètres sont-ils si instruits ? Parce qu'ils ont beaucoup de degrés."",""run"":""gemini""},{""id"":86099,""pun"":""Pourquoi la foudre a-t-elle eu son bac ? Parce qu'elle était au courant."",""run"":""gemini""},{""id"":22115,""pun"":""Un expert en canicule est quelqu'un qui a fait de hautes études de chaleur."",""run"":""gemini""},{""id"":41619,""pun"":""Le thermomètre a raté son examen car il n’était pas à la bonne température de confort."",""run"":""gemini""},{""id"":32005,""pun"":""Les météorologues sont très qualifiés : ils passent leur vie à obtenir des mentions très bien en 'froid' et 'chaud'."",""run"":""gemini""},{""id"":31140,""pun"":""Quand un nuage obtient son doctorat, il devient un stratus social."",""run"":""gemini""},{""id"":60817,""pun"":""Les étudiants en météo sont brillants, ils ont toujours du soleil dans les idées."",""run"":""gemini""},{""id"":16432,""pun"":""Il n'a pas eu son diplôme de météo, il a fini au-dessous de tous les niveaux."",""run"":""gemini""},{""id"":90934,""pun"":""Le vent n'a pas besoin de diplôme, il a déjà un sacré souffle de génie."",""run"":""gemini""},{""id"":12340,""pun"":""Comment appelle-t-on un étudiant qui étudie la neige ? Un bachelier en flocon-nomie."",""run"":""gemini""},{""id"":73642,""pun"":""Quel diplôme faut-il pour prévoir la pluie ? Un Master en eau-tudes supérieures."",""run"":""gemini""},{""id"":36336,""pun"":""Un présentateur météo qui fait la tête, c'est un cumulu-nimbus ? Non, c'est juste un grand râleur de chaleur."",""run"":""gemini""}]"
3636	"[{""id"":39390,""pun"":""Un présentateur météo qui ne sait pas s'expliquer est toujours dans le brouillard."",""run"":""gemini""},{""id"":43601,""pun"":""Les prévisionnistes qui font des erreurs ont souvent les idées brumeuses."",""run"":""gemini""},{""id"":82987,""pun"":""Quand le tonnerre gronde, c'est que les cieux ne sont pas d'accord."",""run"":""gemini""},{""id"":88909,""pun"":""Les prévisions de pluie tombent toujours à l'eau."",""run"":""gemini""},{""id"":57710,""pun"":""Si le ciel est gris, c'est que le nuage fait grise mine."",""run"":""gemini""},{""id"":81228,""pun"":""Le vent s'est levé très tôt ce matin car il voulait être dans le vent."",""run"":""gemini""},{""id"":90783,""pun"":""Un nuage qui tombe amoureux cherche souvent son âme méteo."",""run"":""gemini""},{""id"":96059,""pun"":""Le soleil ne part jamais en vacances, il fait juste de la figuration derrière les nuages."",""run"":""gemini""},{""id"":34128,""pun"":""Un météorologue qui se trompe tout le temps finit par avoir un éclair de génie."",""run"":""gemini""},{""id"":43013,""pun"":""Un orage qui n'éclate jamais manque cruellement de coup de foudre."",""run"":""gemini""},{""id"":25503,""pun"":""Quand la météo annonce de la grêle, le présentateur se prend souvent une averse de critiques."",""run"":""gemini""},{""id"":89274,""pun"":""Le ciel était si bas que les oiseaux devaient se mettre à couvert."",""run"":""gemini""}]"
3637	"[{""id"":82795,""pun"":""Quand un Martien s'ennuie, il va sur la Place Rouge."",""run"":""gemini""},{""id"":60058,""pun"":""Le Martien a raté son examen de conduite car il n'avait pas la notion de l'espace."",""run"":""gemini""},{""id"":83733,""pun"":""Pourquoi les Martiens ne font-ils jamais de sport ? Parce qu'ils manquent d'espace."",""run"":""gemini""},{""id"":63247,""pun"":""Pourquoi les Martiens détestent-ils le rangement ? Parce que ça prend trop de place."",""run"":""gemini""},{""id"":56735,""pun"":""Bienvenue sur Terre ! On vous a trouvé un job : vous serez garagiste pour les Renault Espace."",""run"":""gemini""},{""id"":15349,""pun"":""Bienvenue les Martiens ! On vous a réservé une place dans le vide-grenier."",""run"":""gemini""},{""id"":11638,""pun"":""Un Martien qui ne trouve pas de parking est un alien-né."",""run"":""gemini""},{""id"":16679,""pun"":""Quel est le poisson préféré des martiens ? Le thon-de-l'espace."",""run"":""gemini""},{""id"":34643,""pun"":""Un Martien arrive au restaurant et demande : 'Avez-vous une table dans l'espace fumeur ?'"",""run"":""gemini""},{""id"":84268,""pun"":""Les Martiens ne sont pas très bavards, ils se contentent de la barre d'espace."",""run"":""gemini""},{""id"":77795,""pun"":""Les Martiens adorent la musique, surtout quand il y a de la basse... spatiale."",""run"":""gemini""},{""id"":77296,""pun"":""Les Martiens adorent les parcs d'attractions, surtout le grand huit... clos."",""run"":""gemini""}]"
3638	"[{""id"":33090,""pun"":""Bienvenue au Gîte et le Couvert... de neige."",""run"":""gemini""},{""id"":85037,""pun"":""C'est l'hôtel idéal pour les chiens de traîneau : on y sert de la soupe à la moche."",""run"":""gemini""},{""id"":64247,""pun"":""Bienvenue à l'Hôtel de la Paix... avec un glaçon, c'est l'Hôtel de la Poix !"",""run"":""gemini""},{""id"":20927,""pun"":""Ne restez pas de glace devant notre accueil chaleureux !"",""run"":""gemini""},{""id"":14318,""pun"":""Un hôtel pour tempêtes ? C'est le 'Vents et Marées', mais sans les marées."",""run"":""gemini""},{""id"":11132,""pun"":""Bienvenue au Chalet 'Ate', pour ceux qui n'ont plus hâte de repartir."",""run"":""gemini""},{""id"":39681,""pun"":""Vous êtes givré ? Notre hôtel aussi !"",""run"":""gemini""},{""id"":77451,""pun"":""Ici, on ne dort pas à la belle étoile, mais à la congère-rie."",""run"":""gemini""},{""id"":62842,""pun"":""À l'Auberge du Cristal, le service est complètement givré."",""run"":""gemini""},{""id"":15940,""pun"":""Attention au blocage dans le bocage, vous allez rester plantés !"",""run"":""gemini""},{""id"":30970,""pun"":""On est au sommet de notre art : bienvenue à l'Hôtel Givre-et-Logis."",""run"":""gemini""},{""id"":83334,""pun"":""Pour les skieurs, c'est l'Hôtel de la Glisse : on y entre par la fente, on en sort par la pente."",""run"":""gemini""}]"
3639	"[{""id"":42572,""pun"":""Le chien boxeur était KO, mais il restait punchy."",""run"":""gemini""},{""id"":85557,""pun"":""Il était si têtu qu'il a fini par devenir la tête de mât-tin."",""run"":""gemini""},{""id"":43206,""pun"":""« Je refuse de bouger », dit le chien d'arrêt avec ténacité."",""run"":""gemini""},{""id"":34521,""pun"":""« Ce sera long, mais je vais y arriver », dit-il d'un air de teckel (déterminé)."",""run"":""gemini""},{""id"":74711,""pun"":""« Je reviens toujours à la charge », retient le pitbull obstiné."",""run"":""gemini""},{""id"":65059,""pun"":""Il ne se décourageait jamais : il avait un moral d’acier-lhoutis."",""run"":""gemini""},{""id"":75981,""pun"":""Pour un chien policier, être têtu est une forme de flair-play."",""run"":""gemini""},{""id"":26128,""pun"":""« J'en ai assez de courir après les os ! » dit le dogue pendant son jogging."",""run"":""gemini""},{""id"":55566,""pun"":""Le berger restait immobile devant ses bêtes : c’était un sto-unique."",""run"":""gemini""},{""id"":24215,""pun"":""« Je vais tout recommencer à zéro ! » dit le chien en remuant la queue."",""run"":""gemini""},{""id"":15678,""pun"":""« Je ne lâcherai jamais ce morceau ! » déclara-t-il avec un ton de caniche."",""run"":""gemini""},{""id"":26788,""pun"":""C'est un chien de garde très obstiné : il n'a aucun mal à terrier ses adversaires."",""run"":""gemini""}]"
3640	"[{""id"":14749,""pun"":""Forer en mer, c'est l'art de garder la tête hors de l'eau tout en allant au fond des choses."",""run"":""gemini""},{""id"":20657,""pun"":""Un puits sans fin, c'est comme une discussion avec un philosophe : ça n'aboutit à rien de concret, mais c'est très profond."",""run"":""gemini""},{""id"":33058,""pun"":""Maîtriser la nappe phréatique, c'est avoir de la suite dans les idées de génie civil."",""run"":""gemini""},{""id"":22062,""pun"":""Les mineurs sont les seuls à savoir qu'en creusant, on finit par s'élever intellectuellement."",""run"":""gemini""},{""id"":31522,""pun"":""Pour un puisatier, un échec est toujours un trou de mémoire."",""run"":""gemini""},{""id"":30473,""pun"":""Pourquoi Georges est-il si robuste ? Parce qu'il travaille à la forge."",""run"":""gemini""},{""id"":96363,""pun"":""Les géologues sont des gens formidables : ils ont toujours le mot pour rire, mais jamais pour les strates."",""run"":""gemini""},{""id"":77873,""pun"":""Le forage de puits est un travail profond, on finit toujours par toucher le fond du sujet."",""run"":""gemini""},{""id"":71685,""pun"":""Savoir forer, c'est avoir un esprit de pénétration hors du commun."",""run"":""gemini""},{""id"":15286,""pun"":""Un forage réussi, c'est un projet qui a de l'avenir et beaucoup de ressources cachées."",""run"":""gemini""},{""id"":94498,""pun"":""Quand un foreur tombe amoureux, c'est toujours un coup de foudre en profondeur."",""run"":""gemini""},{""id"":77159,""pun"":""Le géologue qui a perdu son travail a vraiment touché le fond."",""run"":""gemini""}]"
3641	"[{""id"":76112,""pun"":""Je suis tellement Honnête que même mon ombre ne me suit pas dans les zones d'ombre."",""run"":""gemini""},{""id"":73271,""pun"":""Je voulais être un homme honnête, mais comme je m'appelle Paul, c'est déjà un mensonge."",""run"":""gemini""},{""id"":17802,""pun"":""Il m'a dit 'sois Ouvert', alors je suis allé m'installer en terrasse."",""run"":""gemini""},{""id"":48784,""pun"":""C'est dur d'être Sincère quand on s'appelle Jean-Claude et qu'on n'a rien à cacher."",""run"":""gemini""},{""id"":77473,""pun"":""Je voulais être Loyal, mais mon chien le faisait déjà beaucoup mieux que moi."",""run"":""gemini""},{""id"":90832,""pun"":""Pour être Franc, je devrais déjà demander l'autorisation à mes parents de changer de prénom."",""run"":""gemini""},{""id"":67710,""pun"":""On m'a dit d'être Droit, alors j'ai arrêté de marcher en diagonale."",""run"":""gemini""},{""id"":86407,""pun"":""Pour être tout à fait Transparent, il faudrait d'abord que je sois un fantôme."",""run"":""gemini""},{""id"":58080,""pun"":""Pour être Carré avec toi, je vais devoir porter une armure de Minecraft."",""run"":""gemini""},{""id"":55645,""pun"":""Si je voulais être plus Direct, je travaillerais dans le marketing, pas dans la franchise."",""run"":""gemini""},{""id"":27037,""pun"":""Il voulait un avis Net, alors je lui ai passé un coup de chiffon sur les lunettes."",""run"":""gemini""},{""id"":93783,""pun"":""On m'a demandé d'être Véridique, mais j'ai préféré rester moi-même : c'est moins fatigant."",""run"":""gemini""}]"
3642	"[{""id"":40264,""pun"":""Un fabricant de freins ne prend jamais de vacances, il ralentit juste la cadence."",""run"":""gemini""},{""id"":67253,""pun"":""Le fabricant de freins est très fatigué, il a besoin d'une pause parking."",""run"":""gemini""},{""id"":22444,""pun"":""Un électricien ne freine jamais, il préfère couper le courant."",""run"":""gemini""},{""id"":48671,""pun"":""Ma voiture ne freine plus, c'est un vrai cas de conscience : elle n'a plus aucune retenue."",""run"":""gemini""},{""id"":44202,""pun"":""L'inventeur de la pédale de frein est décédé : on a tous observé un temps d'arrêt."",""run"":""gemini""},{""id"":51632,""pun"":""Le fabricant de freins a fait faillite, il a tout lâché d'un coup."",""run"":""gemini""},{""id"":61269,""pun"":""Le cycliste a cessé de pédaler pour faire un break, mais il a fini dans le décor."",""run"":""gemini""},{""id"":47990,""pun"":""Pourquoi le mécanicien a-t-il arrêté sa carrière ? Il était à bout de plaquettes."",""run"":""gemini""},{""id"":77780,""pun"":""Le garagiste sécurise sa femme, car il est très attaché à la sécurité."",""run"":""gemini""},{""id"":31492,""pun"":""Les mécaniciens font toujours grève par solidarité : ils sont tous dans le même sabot."",""run"":""gemini""},{""id"":78132,""pun"":""Il a arrêté de fabriquer des disques de frein parce qu'il ne tournait plus rond."",""run"":""gemini""},{""id"":73840,""pun"":""On a dû arrêter le débat sur les freins : pour certains c'était un sujet trop serré."",""run"":""gemini""}]"
3643	"[{""id"":93687,""pun"":""On a une église pour enfants car on aime bien les petits-fils de Dieu."",""run"":""gemini""},{""id"":35139,""pun"":""Il ne faut pas bayée pendant le sermon, même si la porte reste bée."",""run"":""gemini""},{""id"":81202,""pun"":""On a une section pour jeunes car on aime les gosses-beaux (gospels)."",""run"":""gemini""},{""id"":99483,""pun"":""Pour les mioches, on fait la messe en bas-âge."",""run"":""gemini""},{""id"":35077,""pun"":""L'enseignement des jeunes, c'est biblique : on les prend sous notre aile (L)."",""run"":""gemini""},{""id"":76957,""pun"":""Notre chorale de jeunes est ouverte : on a besoin de nouvelles voix-ture."",""run"":""gemini""},{""id"":30321,""pun"":""On apprend aux enfants à être sages, c'est une question de foi(e)."",""run"":""gemini""},{""id"":44444,""pun"":""Nos bambins sont des anges, mais ils font parfois des cloches-pieds."",""run"":""gemini""},{""id"":99896,""pun"":""Le prêtre adore les enfants, il trouve qu'ils ont un sacré caractère."",""run"":""gemini""},{""id"":60033,""pun"":""L'école du dimanche ? C'est une garderie pour petits-saints."",""run"":""gemini""},{""id"":48163,""pun"":""À l'école biblique, on ne s'ennuie pas, on reste en-chanté."",""run"":""gemini""},{""id"":19095,""pun"":""On accueille les bébés à la messe pour qu'ils ne soient pas en pleins-chants."",""run"":""gemini""}]"
3644	"[{""id"":83068,""pun"":""L'agent immobilier m'a vendu une porte dérobée, j'ai l'impression de m'être fait voler."",""run"":""gemini""},{""id"":67580,""pun"":""Quelle ouverture d'esprit ! dit-il en admirant la lucarne."",""run"":""gemini""},{""id"":77773,""pun"":""Il aimait tellement les seuils qu'il en devenait insoucieux."",""run"":""gemini""},{""id"":84045,""pun"":""Un portail de cette qualité, c'est une entrée en matière grise."",""run"":""gemini""},{""id"":61494,""pun"":""Il passait son temps à admirer le chambranle : il n'avait pas de cadre de vie."",""run"":""gemini""},{""id"":63295,""pun"":""C'est une porte magnifique, dit-il, complètement fasciné par l'entracte."",""run"":""gemini""},{""id"":14245,""pun"":""Un boucher qui admire une porte, c'est beau, mais ça manque de charpente."",""run"":""gemini""},{""id"":50983,""pun"":""Le fantôme adore les courants d'air, ça le met dans un état d'esprit frappé."",""run"":""gemini""},{""id"":97879,""pun"":""Le serrurier est tombé amoureux : il a trouvé la clé du bonheur."",""run"":""gemini""},{""id"":85881,""pun"":""Quel beau paillasson ! s'exclama-t-il, un peu au bout du passage."",""run"":""gemini""},{""id"":66997,""pun"":""Elle est restée sur le seuil, car elle avait l'esprit très ouvert."",""run"":""gemini""},{""id"":62040,""pun"":""Devant cette double porte, il s'est senti transporté."",""run"":""gemini""}]"
3645	"[{""id"":15502,""pun"":""Il a crié sur son modèle car il n'était pas assez exposé à ses critiques."",""run"":""gemini""},{""id"":82840,""pun"":""« Ne bouge plus ! » ordonna-t-il, car il était très arrêté sur la question."",""run"":""gemini""},{""id"":11285,""pun"":""« Je déteste être pris en photo », a-t-il dit en faisant une scène."",""run"":""gemini""},{""id"":85616,""pun"":""« Ton portrait est flou », a-t-il lancé sans aucune précision."",""run"":""gemini""},{""id"":67941,""pun"":""« Ce flash m'aveugle ! » s'écria-t-il, alors que la situation l'éblouissait."",""run"":""gemini""},{""id"":82641,""pun"":""« Quel beau zoom ! » s'écria-t-il en haussant le ton."",""run"":""gemini""},{""id"":96157,""pun"":""Quand l'appareil photo est tombé en panne, le photographe a perdu son objectif."",""run"":""gemini""},{""id"":38511,""pun"":""« Tu n'as toujours pas développé mes photos ? » s'est-il exclamé d'un ton négatif."",""run"":""gemini""},{""id"":80673,""pun"":""Le photographe était tellement nerveux qu'il a fini par craquer son obturateur."",""run"":""gemini""},{""id"":24206,""pun"":""Un photographe qui se fâche finit toujours par faire un développement tragique."",""run"":""gemini""},{""id"":12785,""pun"":""« Arrête de me cadrer ! » a-t-il hurlé, se sentant soudainement très limité."",""run"":""gemini""},{""id"":57535,""pun"":""Le photographe en colère a fini par faire un véritable cliché."",""run"":""gemini""}]"
3646	"[{""id"":39066,""pun"":""Un politicien qui entre au couvent, c'est un retour à la case dé-prie : il compte ses sous et ses Je vous salue Marie."",""run"":""gemini""},{""id"":47313,""pun"":""L'abbesse a refusé de voter. Elle a dit : 'Entre deux maux, je choisis le silence.'"",""run"":""gemini""},{""id"":49830,""pun"":""Mon candidat est une vraie religieuse : il a la foi, mais surtout celle du charbonnier."",""run"":""gemini""},{""id"":66631,""pun"":""Pourquoi les religieuses n'aiment-elles pas la gauche ? Parce qu'elles préfèrent être dans le droit chemin."",""run"":""gemini""},{""id"":73388,""pun"":""Comment appelle-t-on une religieuse qui fait de la politique ? Une sœur-pression."",""run"":""gemini""},{""id"":66882,""pun"":""Pourquoi les politiciens sont-ils comme des nonnes ? Parce qu'ils passent leur temps à promettre le ciel sans jamais y aller."",""run"":""gemini""},{""id"":32515,""pun"":""Quel est le parti politique des religieuses ? Le centre, car elles sont au milieu du couvent."",""run"":""gemini""},{""id"":83543,""pun"":""Ma sœur est entrée dans les ordres pour ne plus rien faire. Elle est devenue une 'nonne-activité'."",""run"":""gemini""},{""id"":22754,""pun"":""Si une nonne se présente aux élections, elle prône l'austérité car elle a déjà fait vœu de pauvreté."",""run"":""gemini""},{""id"":82240,""pun"":""Quel est le comble pour une abbesse ? C'est de voter pour la baisse des impôts."",""run"":""gemini""},{""id"":84916,""pun"":""Un ministre au cloître, c'est l'abbé-dé de la politique."",""run"":""gemini""},{""id"":46198,""pun"":""Je n'ai pas d'avis politique, je suis comme une religieuse : je n'ai aucune conviction, je n'ai que des vœux."",""run"":""gemini""}]"
3647	"[{""id"":16533,""pun"":""Pourquoi le mariage de Jay-Z était-il si propre ? Parce qu'il y avait beaucoup de 'Beyon-savon'."",""run"":""gemini""},{""id"":21930,""pun"":""Qu'est-ce que Jay-Z a offert à sa promise ? Une bague de fian-SAY."",""run"":""gemini""},{""id"":95371,""pun"":""Que dit Jay-Z quand il voit sa femme en robe blanche ? 'C'est beau, non ?' (Beyon-non)."",""run"":""gemini""},{""id"":77892,""pun"":""Pourquoi la fiancée de Jay-Z ne se perd-elle jamais ? Parce qu'elle a un bon marquage à la culotte."",""run"":""gemini""},{""id"":98813,""pun"":""Comment Beyonce appelle-t-elle sa relation depuis qu'elle est en couple avec Jay-Z ? Un Ma-Jay-stic mariage."",""run"":""gemini""},{""id"":57492,""pun"":""Comment Jay-Z appelle-t-il sa femme quand elle est très calme ? Ma fiancée s'est tue (Cé-tue)."",""run"":""gemini""},{""id"":73732,""pun"":""Pourquoi Beyoncé n'a-t-elle pas porté de voile ? Parce qu'elle préférait le 'Jay-Z' (jet set)."",""run"":""gemini""},{""id"":85727,""pun"":""Comment appelle-t-on Beyoncé quand elle hésite à dire oui ? Une 'Beyon-sait-pas'."",""run"":""gemini""},{""id"":51452,""pun"":""Comment s'appelle l'oiseau préféré de la promise ? Le 'Jay-Z' (geai)."",""run"":""gemini""},{""id"":69886,""pun"":""Quel est le gâteau préféré de la future mariée de Jay-Z ? La Brioche de Knowles."",""run"":""gemini""},{""id"":97574,""pun"":""Pourquoi Jay-Z a-t-il épousé Beyoncé ? Parce qu'il en est 'Beyon-cé' (béat/fou)."",""run"":""gemini""},{""id"":30915,""pun"":""Quel genre de musique la fiancée écoute-t-elle au mariage ? Du Beyon-zouk."",""run"":""gemini""}]"
3648	"[{""id"":25496,""pun"":""Quel est le comble pour un feu rouge ? Ne pas avoir de carte grise."",""run"":""gemini""},{""id"":57251,""pun"":""Pourquoi les feux sont-ils timides ? Parce qu'ils passent leur temps à rougir."",""run"":""gemini""},{""id"":78975,""pun"":""Deux feux font la course : le premier est arrivé, le deuxième a eu un excès de zèle (sel)."",""run"":""gemini""},{""id"":12082,""pun"":""Un feu qui refuse de travailler est un feu qui fait la sourde oreille (au rail)."",""run"":""gemini""},{""id"":60243,""pun"":""Pourquoi le feu orange est-il stressé ? Parce qu'il est entre deux feux."",""run"":""gemini""},{""id"":56613,""pun"":""Que fait un feu tricolore quand il est fatigué ? Il clignote des yeux."",""run"":""gemini""},{""id"":85434,""pun"":""Que dit un feu rouge à un autre feu rouge ? Ne regarde pas, je vais passer au vert (verre)."",""run"":""gemini""},{""id"":72400,""pun"":""Pourquoi le feu rouge n'a pas pu sortir avec le feu vert ? Parce qu'il l'a grillé."",""run"":""gemini""},{""id"":85769,""pun"":""Un feu rouge s'arrête devant un miroir : 'Oh non, je suis une vraie tomate !'"",""run"":""gemini""},{""id"":64487,""pun"":""Qu'est-ce qu'un feu rouge qui se déshabille ? Un feu qui change de couleur."",""run"":""gemini""},{""id"":11241,""pun"":""Le feu vert dit au feu rouge : 'T'as une petite mine, t'es tout pâle (pas le) droit.'"",""run"":""gemini""},{""id"":79449,""pun"":""Comment appelle-t-on un feu qui fait du sport ? Un feu coureur."",""run"":""gemini""}]"
3649	"[{""id"":81428,""pun"":""Quel est le plat préféré des moines tibétains ? Le riz-veil spirituel."",""run"":""gemini""},{""id"":58449,""pun"":""Un bouddhiste achète un hot-dog. Le vendeur demande : \""Ketchup ?\"" Le moine : \""Non, cela me suffira à l’être.\"""",""run"":""gemini""},{""id"":62730,""pun"":""Le moine dit au marchand de saucisses : \""Je ne veux qu'un hot-dog, car le superflu est l'ennemi du Bien-être.\"""",""run"":""gemini""},{""id"":22226,""pun"":""Quand un hot-dog médite, qu'est-ce qu'il cherche ? Le pain intérieur."",""run"":""gemini""},{""id"":99456,""pun"":""Pourquoi les moines bouddhistes n'utilisent jamais de GPS ? Parce qu'ils ont déjà trouvé la Voie."",""run"":""gemini""},{""id"":71239,""pun"":""Quel est le condiment de la sagesse ? La moutarde de l'esprit."",""run"":""gemini""},{""id"":17678,""pun"":""Pourquoi le bouddhiste a-t-il refusé le rab de frites ? Parce qu'il était déjà en phase de dés-frites-ment."",""run"":""gemini""},{""id"":77597,""pun"":""Comment appelle-t-on un bonze qui fait la cuisine ? Un maître d'ashram."",""run"":""gemini""},{""id"":70329,""pun"":""Que dit le bouddhiste au marchand de hot-dogs ? \""Donne-moi l'unité universelle... avec de la moutarde.\"""",""run"":""gemini""},{""id"":19623,""pun"":""Pourquoi les bouddhistes détestent-ils les saucisses ? Parce qu'elles sont l'essence même de l'attachement aux boyaux."",""run"":""gemini""},{""id"":67316,""pun"":""Un boucher bouddhiste dit à son client : \""Désolé, je ne peux pas vous servir, j'ai perdu la chair de poule.\"""",""run"":""gemini""},{""id"":68555,""pun"":""Le moine commande un hot-dog et dit : \""Faites-moi un Tout, s'il vous plaît.\"""",""run"":""gemini""}]"
3650	"[{""id"":29780,""pun"":""Que fait un habitant de l'Essonne quand il calcule ? Il travaille de 91 (de neuf-un)."",""run"":""gemini""},{""id"":32135,""pun"":""Qu'a dit la calculatrice à l'étudiant ? Tu peux compter sur moi."",""run"":""gemini""},{""id"":44667,""pun"":""Quel est le comble pour un mathématicien ? Se faire piquer son goûter par un sinus (sinusite)."",""run"":""gemini""},{""id"":33577,""pun"":""C'est l'histoire d'un angle qui est très obtus, il ne comprend jamais rien."",""run"":""gemini""},{""id"":91072,""pun"":""Comment appelle-t-on un chiffre qui a confiance en lui ? Un numéro sûr."",""run"":""gemini""},{""id"":74359,""pun"":""Un comptable qui ne boit pas de café est un homme sans filtre (chiffre)."",""run"":""gemini""},{""id"":28684,""pun"":""Pourquoi les calculatrices ne mentent-elles jamais ? Parce qu'elles n'ont pas de mauvaise foi."",""run"":""gemini""},{""id"":84434,""pun"":""Un mathématicien n'a pas de foie, mais il a plusieurs fois raison."",""run"":""gemini""},{""id"":85963,""pun"":""Pourquoi le livre de maths est-il allé voir un psy ? Parce qu'il avait trop de complexes."",""run"":""gemini""},{""id"":82836,""pun"":""Pourquoi les maths sont-elles stressantes ? Parce qu'elles ont trop de problèmes."",""run"":""gemini""},{""id"":21651,""pun"":""Pourquoi la calculatrice est-elle si dévote ? Parce qu'elle a la foi (foie) de calculer."",""run"":""gemini""},{""id"":79003,""pun"":""Que dit un 0 à un 8 ? Jolie ceinture !"",""run"":""gemini""}]"
3651	"[{""id"":64372,""pun"":""Le charpentier mène une vie de rêve : il est toujours sur de bons rails."",""run"":""gemini""},{""id"":73103,""pun"":""Le marteau a dit à la vis : On va faire une fête, tu es l'invitée d'attache !"",""run"":""gemini""},{""id"":86701,""pun"":""Il ne faut jamais s'énerver contre un marteau, il finit toujours par taper sur les nerfs."",""run"":""gemini""},{""id"":31545,""pun"":""Un clou qui réussit tout est un clou qui a de la pointe."",""run"":""gemini""},{""id"":10774,""pun"":""Le charpentier a fini sa maison, il a enfin trouvé sa planche de salut."",""run"":""gemini""},{""id"":79110,""pun"":""L'apprenti charpentier a fait un travail parfait, c'était vraiment au point."",""run"":""gemini""},{""id"":58144,""pun"":""Pourquoi le menuisier est-il si calme ? Parce qu'il a un bon caractère de bois."",""run"":""gemini""},{""id"":16799,""pun"":""Qu'a dit le menuisier quand il a fini son meuble ? C'est pile-poil."",""run"":""gemini""},{""id"":69186,""pun"":""Le charpentier est fatigué, il a un coup de barre."",""run"":""gemini""},{""id"":66232,""pun"":""Le menuisier a été arrêté, il avait une affaire de planches à billets."",""run"":""gemini""},{""id"":31042,""pun"":""Comment appelle-t-on un menuisier qui fait des erreurs ? Un charlatan-pentier."",""run"":""gemini""},{""id"":22912,""pun"":""Le marteau est très bavard : il n'arrête pas d'enfoncer le clou."",""run"":""gemini""}]"
3652	"[{""id"":72572,""pun"":""Pourquoi la craie est-elle si bavarde ? Parce qu'elle veut toujours laisser une trace de son discours."",""run"":""gemini""},{""id"":98756,""pun"":""Quel est le comble pour une craie ? C'est de tomber dans les pommes parce qu'elle a trop de calcaire."",""run"":""gemini""},{""id"":72490,""pun"":""Comment appelle-t-on un prof qui n'utilise plus de craie ? Un prof dés-ardoise-é."",""run"":""gemini""},{""id"":70664,""pun"":""Comment les craies règlent-elles leurs disputes ? Elles font table rase."",""run"":""gemini""},{""id"":26666,""pun"":""Que dit une craie amoureuse ? Je suis totalement brossée par toi."",""run"":""gemini""},{""id"":44466,""pun"":""Pourquoi le tableau n'a-t-il pas répondu ? Parce qu'il était au pied du mûr."",""run"":""gemini""},{""id"":41994,""pun"":""Pourquoi le feutre est-il jaloux de la craie ? Parce qu'elle a un succès fou au tableau d'honneur."",""run"":""gemini""},{""id"":39464,""pun"":""Pourquoi le feutre effaçable ne parle-t-il jamais ? Parce qu'il n'a pas son mot à craie."",""run"":""gemini""},{""id"":61666,""pun"":""Pourquoi le tableau noir est-il triste ? Parce qu'on lui fait toujours des reproches à l'écrit."",""run"":""gemini""},{""id"":53675,""pun"":""Que fait une craie quand elle s'ennuie ? Elle se délite de la situation."",""run"":""gemini""},{""id"":26933,""pun"":""Pourquoi les craies ne vont-elles jamais à la plage ? Parce qu'elles ont peur du grain de sable."",""run"":""gemini""},{""id"":42958,""pun"":""Que dit un tableau noir quand il en a marre ? Je fais une craie de nerfs."",""run"":""gemini""}]"
3653	"[{""id"":69410,""pun"":""Pourquoi le vin est-il toujours en retard ? Parce qu'il doit décanter !"",""run"":""gemini""},{""id"":88710,""pun"":""Que dit un raisin avant de se faire écraser ? 'Je n'ai plus d'espoir, je vois la vie en rouge.'"",""run"":""gemini""},{""id"":30618,""pun"":""Pourquoi les bouteilles de vin sont-elles si timides ? Parce qu'elles ont toujours le bouchon."",""run"":""gemini""},{""id"":77377,""pun"":""Comment appelle-t-on un vers de terre dans un verre de vin ? Un verre solitaire."",""run"":""gemini""},{""id"":62380,""pun"":""Quel est le comble pour un verre ? C'est d'être vide et d'avoir le vertige."",""run"":""gemini""},{""id"":58378,""pun"":""C'est l'histoire d'un raisin qui devient du vin. Il a enfin trouvé sa voix (voie)."",""run"":""gemini""},{""id"":42346,""pun"":""Pourquoi les sommeliers sont-ils musclés ? Parce qu'ils lèvent le coude."",""run"":""gemini""},{""id"":47876,""pun"":""Quel est l'ami préféré du raisin ? Le ver (de terre), car il finit toujours dans le verre."",""run"":""gemini""},{""id"":26277,""pun"":""Qu'est-ce qu'un raisin qui n'a pas pu devenir du vin ? Un raisin qui a le moral à zéro (vin)."",""run"":""gemini""},{""id"":11259,""pun"":""Un raisin sec qui se fait écraser, c'est un drame sans pépins ?"",""run"":""gemini""},{""id"":56324,""pun"":""Pourquoi les raisins n'aiment-ils pas les blagues ? Parce qu'elles ne sont jamais très fines (vin)."",""run"":""gemini""},{""id"":51267,""pun"":""Pourquoi le vin blanc est-il malheureux ? Parce qu'il n'a pas de rouge à lèvres."",""run"":""gemini""}]"
3654	"[{""id"":73702,""pun"":""Un raisin qui se fait marcher dessus ne dit rien, il a trop de pépins."",""run"":""gemini""},{""id"":22394,""pun"":""Quel est le vin le plus bruyant ? Le vin qui crie (Vouvray)."",""run"":""gemini""},{""id"":25615,""pun"":""Qu'est-ce qu'un raisin qui court ? Un raisin pressé."",""run"":""gemini""},{""id"":58744,""pun"":""Que fait un raisin quand il est stressé ? Il se met la pression."",""run"":""gemini""},{""id"":13472,""pun"":""Pourquoi les raisins sont-ils toujours tristes ? Parce qu'ils finissent tous en bouteille après avoir versé des larmes de vin."",""run"":""gemini""},{""id"":33314,""pun"":""Que dit un raisin avant de mourir ? 'Je vais passer de vie à trépas... de raisin.'"",""run"":""gemini""},{""id"":52138,""pun"":""C'est l'histoire d'un grain de raisin qui ne voulait pas être écrasé. Il a fini par porter sa plainte au tribunal, car il avait du grief."",""run"":""gemini""},{""id"":95077,""pun"":""Comment appelle-t-on un raisin qui a beaucoup de problèmes ? Un raisin sec, car il n'a plus de jus."",""run"":""gemini""},{""id"":19832,""pun"":""Pourquoi le raisin s'est-il fait arrêter ? Parce qu'il était impliqué dans un trafic de blanc."",""run"":""gemini""},{""id"":95627,""pun"":""Comment les raisins communiquent-ils ? Par le bouche-à-oreille, mais ça finit souvent en rumeur de comptoir."",""run"":""gemini""},{""id"":70171,""pun"":""Pourquoi le raisin vert est-il jaloux ? Parce que le raisin noir a plus de bouteille."",""run"":""gemini""},{""id"":41805,""pun"":""Que dit un raisin qui se fait écraser ? Rien, il porte juste sa plainte en fût de chêne."",""run"":""gemini""}]"
3655	"[{""id"":13588,""pun"":""Si un diacre travaille dans un bar, est-ce qu'on l'appelle un bière-man ?"",""run"":""gemini""},{""id"":20434,""pun"":""Le boulanger n'est plus allé à la messe car il trouvait que l'hostie n'était pas assez levée."",""run"":""gemini""},{""id"":39303,""pun"":""Un prêtre qui fait la manche à la terrasse d'un café, c'est une quête de service."",""run"":""gemini""},{""id"":48358,""pun"":""Pourquoi les fidèles font-ils la queue devant le confessionnal ? Pour un service après-vente de l'âme."",""run"":""gemini""},{""id"":49511,""pun"":""Pourquoi le prêtre refuse-t-il d'aller au restaurant ? Parce qu'il n'aime pas que le service soit compris."",""run"":""gemini""},{""id"":92397,""pun"":""Un moine qui cuisine trop d'ail fait-il toujours preuve de bonne foi ?"",""run"":""gemini""},{""id"":29182,""pun"":""L'évêque ne commande jamais de vin au restaurant : il préfère attendre le sermon de la vigne."",""run"":""gemini""},{""id"":38242,""pun"":""Le curé a ouvert une pizzeria, il l'a appelée 'La sainte-Pâte'."",""run"":""gemini""},{""id"":69310,""pun"":""On a demandé au curé si les serveurs du restaurant étaient croyants, il a répondu qu'ici on ne manquait pas de ferveur."",""run"":""gemini""},{""id"":46347,""pun"":""À l'église, l'office est toujours gratuit alors qu'au restaurant, les frais de service sont sacrés."",""run"":""gemini""},{""id"":58979,""pun"":""Le prêtre a été renvoyé du restaurant car il ne cessait de multiplier les pains des autres clients."",""run"":""gemini""},{""id"":23491,""pun"":""Quel est le comble pour un cafetier ? Avoir le démon de midi lors du service de l'angélus."",""run"":""gemini""}]"
3656	"[{""id"":72139,""pun"":""Les philatélistes sont des gens formidables : ils ne perdent jamais la carte."",""run"":""gemini""},{""id"":76449,""pun"":""Pourquoi le timbre a-t-il été licencié ? Parce qu'il n'avait plus aucun cachet."",""run"":""gemini""},{""id"":80160,""pun"":""Le philatéliste a été quitté par sa femme car il ne lui léchait plus que le dos."",""run"":""gemini""},{""id"":66965,""pun"":""- Tu veux voir ma collection ? - Non merci, je ne mange pas de ce pain-là, je préfère rester timbrée."",""run"":""gemini""},{""id"":22702,""pun"":""Je n'aime pas les collectionneurs, ils sont tous un peu post-als."",""run"":""gemini""},{""id"":78714,""pun"":""- Tu collectionnes les timbres ? - Oui, je suis très attaché à l'étiquette."",""run"":""gemini""},{""id"":70972,""pun"":""Il a essayé de me séduire avec ses albums, mais je sais que sa philatélie n'est qu'une plate flatterie."",""run"":""gemini""},{""id"":87888,""pun"":""Un philatéliste qui ne trouve pas de timbres est un homme qui manque cruellement d'adresse."",""run"":""gemini""},{""id"":40759,""pun"":""C'est l'histoire d'un timbre qui s'est marié : il a enfin trouvé sa flamme."",""run"":""gemini""},{""id"":83233,""pun"":""Il m'a montré sa collection mais j'ai vite compris que c'était un mec à enveloppe vide."",""run"":""gemini""},{""id"":58631,""pun"":""Un philatéliste qui colle ses timbres de travers est un homme qui n'a aucun sens de l'orientation."",""run"":""gemini""},{""id"":46717,""pun"":""Elle collectionne les timbres car elle a un besoin viscéral d'être tamponnée."",""run"":""gemini""}]"
3657	"[{""id"":54349,""pun"":""Qu'est-ce que l'océan a dit à la plage ? Rien, il s'est juste jeté à l'eau."",""run"":""gemini""},{""id"":26172,""pun"":""Que dit un vitrier à son fils ? 'Tiens bon la vitre, je reviens'."",""run"":""gemini""},{""id"":47238,""pun"":""Qu'est-ce que l'océan a dit à la falaise ? Rien, il l'a juste frappée."",""run"":""gemini""},{""id"":75069,""pun"":""Quel est le comble pour un marin ? D'avoir le pied marin dans une botte de paille."",""run"":""gemini""},{""id"":59212,""pun"":""Deux grains de sable arrivent à la plage : 'Tiens, c'est blindé aujourd'hui !'"",""run"":""gemini""},{""id"":48123,""pun"":""Qu’est-ce qui est petit, vert et qui descend les escaliers ? Un p'tit pois qui fait 'paf'."",""run"":""gemini""},{""id"":84981,""pun"":""Pourquoi la mer est-elle bleue ? Parce que les poissons font 'bloup bloup'."",""run"":""gemini""},{""id"":98920,""pun"":""C'est l'histoire d'un schtroumpf qui tombe, et qui se fait un bleu."",""run"":""gemini""},{""id"":49260,""pun"":""Pourquoi les plongeurs plongent-ils toujours en arrière du bateau ? Parce que sinon ils tombent dans le bateau."",""run"":""gemini""},{""id"":33736,""pun"":""Que fait un canard qui a peur ? Il se jette à la mare."",""run"":""gemini""},{""id"":24133,""pun"":""Comment appelle-t-on un boomerang qui ne revient pas ? Un bâton."",""run"":""gemini""},{""id"":34497,""pun"":""Pourquoi les poissons vivent-ils dans l'eau salée ? Parce que le poivre les fait éternuer."",""run"":""gemini""}]"
3658	"[{""id"":43514,""pun"":""Comment les atomes d'hélium communiquent ? Par télé-gaz."",""run"":""gemini""},{""id"":90256,""pun"":""Pourquoi l'hélium ne veut jamais se lier avec les autres ? Parce qu'il se croit noble."",""run"":""gemini""},{""id"":18909,""pun"":""C'est l'histoire d'un atome qui perd un électron. Un autre lui demande : 'Tu en es sûr ?' - 'Oui, je suis positif !'"",""run"":""gemini""},{""id"":37658,""pun"":""Comment appelle-t-on un élément chimique qui a beaucoup d'humour ? Le marrium."",""run"":""gemini""},{""id"":71039,""pun"":""Quel est le comble pour un atome d'hélium ? C'est de ne pas être sérieux car il est trop gaz."",""run"":""gemini""},{""id"":94906,""pun"":""Un atome d'hélium croise un ami : 'Tu as l'air léger aujourd'hui !' - 'Normal, je suis dans mon élément !'"",""run"":""gemini""},{""id"":63979,""pun"":""Que dit un hélium qui se moque d'un autre gaz ? He ! He !"",""run"":""gemini""},{""id"":61060,""pun"":""Quel gaz est le plus poli ? L'hélium, car il lévite les conflits."",""run"":""gemini""},{""id"":38897,""pun"":""Pourquoi l'hélium est-il le roi de la blague ? Parce qu'il monte vite au cerveau."",""run"":""gemini""},{""id"":14971,""pun"":""Pourquoi les plongeurs à l'hélium ne sont jamais tristes ? Parce qu'ils ont toujours un petit air de rire."",""run"":""gemini""},{""id"":11128,""pun"":""Que fait un scientifique quand il s'ennuie ? Il crée des He-He."",""run"":""gemini""},{""id"":56969,""pun"":""Qu'est-ce qui est petit, rond, et qui rigole dans un labo ? Un He-He-lium."",""run"":""gemini""}]"
3659	"[{""id"":98669,""pun"":""Que commande un squelette au restaurant ouvrier ? Un plat de côtes, mais sans la peau du ventre."",""run"":""gemini""},{""id"":22753,""pun"":""Pourquoi le squelette n'a-t-il pas faim ? Parce qu'il est déjà plein à craquer."",""run"":""gemini""},{""id"":39192,""pun"":""Où est-ce qu'un squelette va manger un steak ? À l'os-taria."",""run"":""gemini""},{""id"":14206,""pun"":""Pourquoi le squelette n'est pas allé au barbecue ? Il n'avait plus un radis, juste les côtes."",""run"":""gemini""},{""id"":78981,""pun"":""Comment appelle-t-on un squelette qui fait la cuisine ? Un chef de d'os."",""run"":""gemini""},{""id"":26936,""pun"":""Pourquoi les squelettes ne mangent-ils jamais de porc ? Parce qu'ils ont déjà l'échine sur le dos."",""run"":""gemini""},{""id"":88421,""pun"":""Quel est le plat préféré d'un squelette à l'apéro ? Des os-lives."",""run"":""gemini""},{""id"":68274,""pun"":""Quel est le poisson préféré d'un squelette ? L'arête de bœuf."",""run"":""gemini""},{""id"":56262,""pun"":""Que mange un squelette qui veut garder la ligne ? De la salade de côtes."",""run"":""gemini""},{""id"":97720,""pun"":""Que boit un squelette quand il a très soif ? Un os-sirop."",""run"":""gemini""},{""id"":57359,""pun"":""Pourquoi le squelette n'aime pas les buffets ? Parce qu'il n'a pas d'estomac pour ça."",""run"":""gemini""},{""id"":26731,""pun"":""Pourquoi les squelettes sont-ils toujours fatigués au dîner ? Parce qu'ils ont une mine de déterré."",""run"":""gemini""}]"
3660	"[{""id"":30418,""pun"":""Pourquoi les squelettes aiment-ils les bals ? Pour bouger leurs vieux os."",""run"":""gemini""},{""id"":86222,""pun"":""Pourquoi les squelettes sont-ils si calmes ? Parce que rien ne peut leur taper sur le système."",""run"":""gemini""},{""id"":44593,""pun"":""Quel est le sport préféré des squelettes ? Le basket-bone."",""run"":""gemini""},{""id"":83032,""pun"":""Pourquoi les squelettes ne se disputent jamais ? Ils n'ont pas de cœur à ça."",""run"":""gemini""},{""id"":94627,""pun"":""Quel est l'instrument préféré des squelettes ? Le trom-bone."",""run"":""gemini""},{""id"":70852,""pun"":""Quel est le plat préféré des squelettes ? L'os à moelle."",""run"":""gemini""},{""id"":55293,""pun"":""Qu'est-ce qui est plus grave qu'un squelette dans un placard ? Un squelette qui en sort pour réclamer des côtes."",""run"":""gemini""},{""id"":11676,""pun"":""Comment appelle-t-on un squelette qui travaille à la poste ? Un centre de tri-thorax."",""run"":""gemini""},{""id"":39263,""pun"":""Pourquoi le squelette est-il allé au restaurant seul ? Parce qu'il n'avait personne avec qui sortir."",""run"":""gemini""},{""id"":56591,""pun"":""Que boit un squelette au petit-déjeuner ? Un bol de céré-râles."",""run"":""gemini""},{""id"":65278,""pun"":""Quel est le dessert préféré des squelettes ? Une île flott-os."",""run"":""gemini""},{""id"":15515,""pun"":""Pourquoi les squelettes ne font-ils jamais de barbecue ? Parce qu'ils n'ont pas de peau."",""run"":""gemini""}]"
3661	"[{""id"":34159,""pun"":""Que dit un gant à une chaussette ? On ne doit pas être du même pied d'égalité."",""run"":""gemini""},{""id"":44243,""pun"":""Pourquoi la chaussette est-elle allée voir le marionnettiste ? Pour qu'il lui donne un coup de main."",""run"":""gemini""},{""id"":67894,""pun"":""C'est l'histoire d'une chaussette qui se sent seule. Elle attend toujours sa moitié."",""run"":""gemini""},{""id"":58388,""pun"":""Que dit la marionnette à la chaussette trouée ? On te voit le bout du nez !"",""run"":""gemini""},{""id"":67343,""pun"":""Que dit une chaussette à un gant de boxe ? On ne va pas se quitter en bons thermes."",""run"":""gemini""},{""id"":33191,""pun"":""Quelle est la ville préférée des chaussettes ? Mi-bas."",""run"":""gemini""},{""id"":99249,""pun"":""Pourquoi la chaussette est-elle triste ? Parce qu'elle a le moral dans les talons."",""run"":""gemini""},{""id"":15277,""pun"":""Comment appelle-t-on une chaussette qui fait de la magie ? Une chaussette-trappe."",""run"":""gemini""},{""id"":36288,""pun"":""Le gant dit à la chaussette : Tu as besoin d'aide ? Je peux te prêter main-forte."",""run"":""gemini""},{""id"":12614,""pun"":""Une chaussette dit à une autre : Pourquoi tu pleures ? J'ai perdu mon talon d'Achille."",""run"":""gemini""},{""id"":28281,""pun"":""Pourquoi les chaussettes ne vont-elles jamais à l'école ? Parce qu'elles n'ont pas de cerveau, juste des orteils."",""run"":""gemini""},{""id"":35481,""pun"":""Une chaussette qui devient célèbre, c'est une vedette de bas étage."",""run"":""gemini""}]"
3662	"[{""id"":87445,""pun"":""Un carré demande au triangle : 'Ça va ?'. Le triangle répond : 'Bof, je me sens un peu coincé'."",""run"":""gemini""},{""id"":98450,""pun"":""Qu'est-ce qu'un triangle qui a raison ? Un triangle avec de bons arguments."",""run"":""gemini""},{""id"":43534,""pun"":""Qu'est-ce qu'un triangle qui ne sert à rien ? Un objet sans aucun motif."",""run"":""gemini""},{""id"":92646,""pun"":""Le triangle dit au cercle : 'Tu ne sers à rien, tu n'as aucun point de vue'."",""run"":""gemini""},{""id"":18940,""pun"":""Pourquoi le cercle déteste-t-il le triangle ? Parce qu'il n'est jamais d'accord, il a toujours un esprit de contradiction."",""run"":""gemini""},{""id"":77895,""pun"":""Un triangle amoureux, c'est quand trois personnes ne tournent pas rond."",""run"":""gemini""},{""id"":92485,""pun"":""Le cercle au triangle : 'Dommage pour toi, tu n'es pas au courant des dernières nouvelles'."",""run"":""gemini""},{""id"":39270,""pun"":""Entre un triangle et un cercle, le ton monte car le triangle n'est pas très carré."",""run"":""gemini""},{""id"":11158,""pun"":""Le cercle a dit au triangle : 'Franchement, tu n'as aucun intérêt, tu es trop borné'."",""run"":""gemini""},{""id"":20299,""pun"":""Pourquoi les cercles sont-ils si sociables ? Parce qu'ils ont un grand cercle d'amis."",""run"":""gemini""},{""id"":41466,""pun"":""Le cercle dit au triangle : 'Tu me fatigues avec tes piques'."",""run"":""gemini""},{""id"":45973,""pun"":""Le triangle ne peut pas voir le cercle en peinture : il le trouve trop superficiel."",""run"":""gemini""}]"
3663	"[{""id"":36754,""pun"":""Quel est le comble pour un astronaute qui n'aime pas le lactose ? Traverser la Voie Lactée sans son cachet."",""run"":""gemini""},{""id"":64957,""pun"":""Que dit une maman étoile à son fils avant d'aller au lit ? Fais de b-astres rêves."",""run"":""gemini""},{""id"":47894,""pun"":""Quel est le dessert préféré d'un astronaute ? La Voie Lactée, mais seulement le dessert glacé."",""run"":""gemini""},{""id"":37365,""pun"":""Comment s'appelle l'étoile qui produit le plus de lait ? L'Étoile du Berger (allemand)."",""run"":""gemini""},{""id"":37297,""pun"":""Quel est le café préféré des astronomes ? L'ex-Expresso."",""run"":""gemini""},{""id"":27907,""pun"":""C'est quoi un martien dans un bol de lait ? Un extra-terrestre non-écrémé."",""run"":""gemini""},{""id"":59933,""pun"":""Où les étoiles achètent-elles leur lait ? À la Grande Ourse-erie."",""run"":""gemini""},{""id"":24278,""pun"":""Comment appelle-t-1 une galaxie qui a beaucoup de crème ? Une vache laitière stellaire."",""run"":""gemini""},{""id"":12540,""pun"":""Pourquoi les étoiles ne boivent-elles jamais leur café noir ? Parce qu'elles préfèrent le nuage de lait-buleuse."",""run"":""gemini""},{""id"":65989,""pun"":""Comment appelle-t-on un yaourt qui brille dans le ciel ? Un Yaourt-anus."",""run"":""gemini""},{""id"":49002,""pun"":""Que boivent les constellations ? Du café au lait-toile."",""run"":""gemini""},{""id"":74011,""pun"":""Une étoile qui tombe dans un verre de lait, c'est quoi ? Une étoile filante de crème."",""run"":""gemini""}]"
3664	"[{""id"":50254,""pun"":""Quel est le comble pour un menuisier qui veut noter ses rendez-vous ? Utiliser un bloc-notes."",""run"":""gemini""},{""id"":73302,""pun"":""Pourquoi le capitaine note-t-il tout sur du bois ? Pour garder une trace de l'écorce terrest... ou spatiale."",""run"":""gemini""},{""id"":28778,""pun"":""Pourquoi les registres de bois sont-ils toujours précis ? Parce qu'ils font preuve de rigueur de chêne."",""run"":""gemini""},{""id"":49597,""pun"":""Comment appelle-t-on un journal intime écrit dans la forêt ? Un journal de bord."",""run"":""gemini""},{""id"":93565,""pun"":""Pourquoi les arbres du vaisseau Enterprise sont-ils très organisés ? Parce qu'ils ont un bon boulot."",""run"":""gemini""},{""id"":16047,""pun"":""Pourquoi le capitaine n'imprime-t-il jamais ses documents ? Parce qu'il a déjà assez de feuilles."",""run"":""gemini""},{""id"":76788,""pun"":""Où les bûcherons gardent-ils leurs secrets ? Dans un tronc commun."",""run"":""gemini""},{""id"":78206,""pun"":""Le capitaine Kirk ne s'assoit jamais directement sur le pont : il préfère s'asseoir sur son registre. C'est son siège social."",""run"":""gemini""},{""id"":55222,""pun"":""Comment appelle-t-on un récit écrit sur une branche ? Une histoire de bois dorment."",""run"":""gemini""},{""id"":81425,""pun"":""Comment appelle-t-on un bois qui ne dit jamais la vérité ? Un faux-rhé."",""run"":""gemini""},{""id"":57745,""pun"":""Quel est le logiciel préféré des charpentiers ? Word, parce qu'il y a des onglets."",""run"":""gemini""},{""id"":96366,""pun"":""Que fait un arbre quand il doit se connecter à l'ordinateur du capitaine ? Il se bûche."",""run"":""gemini""}]"
3665	"[{""id"":77049,""pun"":""Pourquoi Batman ne fait jamais de crêpes ? Parce qu'il a peur de Robin-et qui coule."",""run"":""gemini""},{""id"":34904,""pun"":""Un super-héros qui rate sa pâte devient Le Justicier Masqué-pone."",""run"":""gemini""},{""id"":23407,""pun"":""Pourquoi les héros mangent-ils des crêpes ? Pour la justice au sarrasin."",""run"":""gemini""},{""id"":37873,""pun"":""Que dit Batman quand il retourne une crêpe ? Je suis dans de beaux draps... de pâte."",""run"":""gemini""},{""id"":30791,""pun"":""Batman en cuisine ? C'est le Bat-teur à œufs."",""run"":""gemini""},{""id"":53367,""pun"":""Comment s'appelle Batman quand il fait des crêpes ? Le Crevalier Noir."",""run"":""gemini""},{""id"":75982,""pun"":""Comment appelle-t-on un film de super-héros sur une poêle ? Un Cape et d'Épée."",""run"":""gemini""},{""id"":24364,""pun"":""Batman préfère les crêpes car il déteste Joker avec la nourriture."",""run"":""gemini""},{""id"":22981,""pun"":""Quel est le super-pouvoir d'une crêpe ? Elle a toujours de la pâte-ience."",""run"":""gemini""},{""id"":21456,""pun"":""Un héros qui fait de la pâtisserie, c'est un Super-Man-qué."",""run"":""gemini""},{""id"":61940,""pun"":""Comment appelle-t-on Batman quand il est couvert de farine ? Le Chevalier Blanchi."",""run"":""gemini""},{""id"":68090,""pun"":""Batman adore le dessert, surtout quand c'est la Chauve-Souris sur le gâteau."",""run"":""gemini""}]"
3666	"[{""id"":92198,""pun"":""Que dit un empereur péruvien quand il voit une tache d'encre symétrique ? 'C'est tout moi, c'est l'Inca-rnation !'"",""run"":""gemini""},{""id"":36993,""pun"":""Pourquoi les psychologues adorent-ils le Pérou ? Parce qu'ils y voient des taches d'Inca."",""run"":""gemini""},{""id"":43848,""pun"":""Quel est l'empereur péruvien qui s'occupe de recharger les stylos ? L'Empereur Encreur."",""run"":""gemini""},{""id"":91350,""pun"":""Quel peuple précolombien était toujours taché ? Les Incas, car ils vivaient dans l'Inca-pacité de ne pas se salir."",""run"":""gemini""},{""id"":78699,""pun"":""Quel est le jeu préféré des enfants dans les Andes ? Le test de Rors-Chach-Chach-Chach (le chat-perché)."",""run"":""gemini""},{""id"":68919,""pun"":""Comment appelle-t-1 un test de Rorschach réalisé au Pérou ? Un test d'Inca-mpréhension."",""run"":""gemini""},{""id"":77033,""pun"":""Comment appelle-t-on un test psychologique très volumineux aux Andes ? Un Empereur de grande ampleur."",""run"":""gemini""},{""id"":29217,""pun"":""Quel est le comble pour un psychologue péruvien ? Faire une fixation sur une tache d'Inca."",""run"":""gemini""},{""id"":38373,""pun"":""Que se passe-t-il quand on renverse de l'encre sur un lama ? Ça fait une tache d'Inca-mouflage."",""run"":""gemini""},{""id"":32470,""pun"":""Comment appelle-t-on une tache d'encre sur un temple péruvien ? Un dessin Inca-ssable."",""run"":""gemini""},{""id"":22866,""pun"":""Où les psychologues péruviens jettent-ils leur encre ? Dans le lac Titi-caca (car c'est un test de merde)."",""run"":""gemini""},{""id"":10641,""pun"":""Pourquoi est-il impossible de lire l'avenir dans l'encre des Andes ? Parce que c'est l'Inca-nnu."",""run"":""gemini""}]"
3667	"[{""id"":39085,""pun"":""Comment appelle-t-on un serpent qui travaille au gouvernement ? Un boa-crate."",""run"":""gemini""},{""id"":56488,""pun"":""Quel est le comble pour un mathématicien qui a peur des reptiles ? C'est de calculer le périmètre d'un cercle avec un pi-thon."",""run"":""gemini""},{""id"":50547,""pun"":""Que fait un python quand il s'ennuie ? Il cherche sa constante."",""run"":""gemini""},{""id"":63124,""pun"":""Quel serpent est le plus fort en géométrie ? Le rectangle-reptile."",""run"":""gemini""},{""id"":71883,""pun"":""Comment appelle-t-on un serpent qui mesure 3,14 mètres ? Un Pi-thon."",""run"":""gemini""},{""id"":27282,""pun"":""Que dit un cercle quand il rencontre un serpent ? 'On tourne en rond, non ?'"",""run"":""gemini""},{""id"":28760,""pun"":""Pourquoi les serpents n'aiment-ils pas les angles droits ? Parce qu'ils sont toujours vicieux."",""run"":""gemini""},{""id"":64582,""pun"":""Quel est le comble pour un serpent ? C'est d'avoir une peau de lapin au lieu d'une peau de serpent."",""run"":""gemini""},{""id"":65510,""pun"":""Pourquoi les serpents sont-ils bons en maths ? Parce qu'ils connaissent leurs écailles de multiplication."",""run"":""gemini""},{""id"":66944,""pun"":""Qu'est-ce qu'un serpent qui a fait l'X ? Un poly-tech-naja."",""run"":""gemini""},{""id"":46837,""pun"":""Comment siffle un serpent mathématicien ? S-S-S-Sinus..."",""run"":""gemini""},{""id"":23048,""pun"":""Pourquoi le mathématicien ne garde-t-il jamais de serpent ? Parce qu'il n'aime pas les intégrales de venin."",""run"":""gemini""}]"
3668	"[{""id"":26068,""pun"":""Qu'est-ce qu'une vache qui fait du karaté ? Du bœuf haché."",""run"":""gemini""},{""id"":80051,""pun"":""Comment appelle-t-on une vache qui joue d'un instrument ? Une musi-meuh-cienne."",""run"":""gemini""},{""id"":16314,""pun"":""Où est-ce qu'on trouve les vaches les plus intelligentes ? À l'u-ni-meuh-rsité."",""run"":""gemini""},{""id"":56620,""pun"":""Comment appelle-t-on une vache qui a perdu ses pattes ? De la vache au sol."",""run"":""gemini""},{""id"":97530,""pun"":""Pourquoi les vaches ne vont-elles jamais au cinéma ? Parce qu'elles ont déjà vu le film 'Meuh-lin Rouge'."",""run"":""gemini""},{""id"":64920,""pun"":""Pourquoi les vaches ferment-elles les yeux pendant la traite ? Pour faire du lait demi-écrémé."",""run"":""gemini""},{""id"":62059,""pun"":""Comment appelle-t-on une vache qui ne bouge jamais ? Une immobilis-meuh."",""run"":""gemini""},{""id"":61320,""pun"":""Comment appelle-t-on un combat entre deux vaches ? Un meuh-el."",""run"":""gemini""},{""id"":13511,""pun"":""Comment appelle-t-on une vache qui fait de la méditation ? Une vache au lait serein."",""run"":""gemini""},{""id"":84547,""pun"":""Quel est le sport préféré des vaches ? Le meuh-long-跳."",""run"":""gemini""},{""id"":74968,""pun"":""Un bœuf qui ne peut pas marcher, c'est un bœuf qui en a marre."",""run"":""gemini""},{""id"":47945,""pun"":""Une vache qui ferme les yeux, c'est du lait concentré."",""run"":""gemini""}]"
3669	"[{""id"":13837,""pun"":""Pourquoi la porte est-elle allée chez le psychologue ? Parce qu'elle se sentait coincée."",""run"":""gemini""},{""id"":60765,""pun"":""Que dit une porte à une autre quand elles se séparent ? On reste en contact, mais on ne se paume pas."",""run"":""gemini""},{""id"":51999,""pun"":""Quel est le comble pour une porte ? De rester bouche bée."",""run"":""gemini""},{""id"":88863,""pun"":""Comment appelle-t-on une porte amoureuse ? Un coup de foudre, parce qu'elle craque à l'entrée."",""run"":""gemini""},{""id"":86753,""pun"":""Comment appelle-t-on une porte de chateau très gentille ? Une porte-clémence."",""run"":""gemini""},{""id"":18190,""pun"":""Comment appelle-t-on une porte qui fait de la magie ? Une porte-bonheur."",""run"":""gemini""},{""id"":12348,""pun"":""Comment appelle-t-on une porte qui est très polie ? Une porte de sortie, car elle tire sa révérence."",""run"":""gemini""},{""id"":59847,""pun"":""Pourquoi les portes n'aiment-elles pas les blagues ? Parce qu'elles n'ont pas de second degré, seulement des gonds."",""run"":""gemini""},{""id"":64873,""pun"":""Qu'est-ce qu'une porte qui chante ? Une porte-voix."",""run"":""gemini""},{""id"":23232,""pun"":""Comment appelle-t-on une porte qui a toujours raison ? Une porte-parole."",""run"":""gemini""},{""id"":48540,""pun"":""Qu'est-ce qu'une porte qui n'est pas sûre d'elle ? Une porte-à-faux."",""run"":""gemini""},{""id"":75496,""pun"":""Comment appelle-t-on une porte qui surveille tout ? Une porte-clé car elle assure la sécurité."",""run"":""gemini""}]"
3670	"[{""id"":81867,""pun"":""Comment appelle-t-on un père coincé dans un igloo ? Un 'père-du' dans le froid."",""run"":""gemini""},{""id"":68109,""pun"":""Comment appelle-t-on un père qui vend des glaces ? Un uni-père-sal."",""run"":""gemini""},{""id"":63878,""pun"":""Un père qui tombe dans la glace devient un 'Père-Noël' car il est maintenant en sur-gelé."",""run"":""gemini""},{""id"":35973,""pun"":""Qu'est-ce qu'un père qui glisse sur le givre ? Un papa-patin."",""run"":""gemini""},{""id"":85717,""pun"":""Pourquoi les pères adorent-ils l'hiver ? Parce qu'ils sont experts en 'père-gelisol'."",""run"":""gemini""},{""id"":55272,""pun"":""Comment appelle-t-on un père qui a toujours froid ? Un père-perdu."",""run"":""gemini""},{""id"":50725,""pun"":""Que devient un père qui gèle sur place ? Une statue de 'père-pétuité'."",""run"":""gemini""},{""id"":34770,""pun"":""Quel est le dessert préféré des papas ? La tarte au pè-re-can."",""run"":""gemini""},{""id"":47696,""pun"":""Comment appelle-t-on un père qui est resté trop longtemps au congélateur ? Un papa-glaçon."",""run"":""gemini""},{""id"":79776,""pun"":""Pourquoi le père est-il devenu un glaçon ? Parce qu'il voulait être un 'père-roquet' des neiges."",""run"":""gemini""},{""id"":87906,""pun"":""Comment appelle-t-on un père très froid ? Un pôle-père."",""run"":""gemini""},{""id"":54891,""pun"":""Comment appelle-t-on un père qui fait du patinage ? Un 'père-formance' sur glace."",""run"":""gemini""}]"
3671	"[{""id"":47999,""pun"":""Quel est le point commun entre un joueur de lyre et un politicien ? Ils aiment tous les deux accorder leur violon... ou leur mensonge."",""run"":""gemini""},{""id"":15786,""pun"":""Comment appelle-t-on un orchestre de menteurs ? Une harmonie de pipeaux."",""run"":""gemini""},{""id"":95217,""pun"":""Pourquoi ne faut-il pas croire les joueurs de harpe ? Parce qu'ils tirent trop sur la corde."",""run"":""gemini""},{""id"":44287,""pun"":""Comment appelle-t-on un menteur qui fait du montage vidéo ? Un monteur de bobards."",""run"":""gemini""},{""id"":73981,""pun"":""Un musicien qui triche au casino, c'est un 'as' de la lyre."",""run"":""gemini""},{""id"":37857,""pun"":""Le joueur de lyre a été arrêté pour fraude. Il avait une mauvaise 'note'."",""run"":""gemini""},{""id"":11290,""pun"":""On m'a dit que ce musicien antique était un menteur... J'ai du mal à le lyre sur son visage."",""run"":""gemini""},{""id"":73489,""pun"":""Comment appelle-t-on un musicien malhonnête ? Un flûtiste, parce qu'il nous mène toujours en bâteau avec son pipeau."",""run"":""gemini""},{""id"":48965,""pun"":""Quel instrument utilise un menteur professionnel ? Le pipeau, car il joue du 'faux' du matin au soir."",""run"":""gemini""},{""id"":34544,""pun"":""Pourquoi les menteurs n'aiment-ils pas la harpe ? Parce qu'ils ont peur qu'on pince la vérité."",""run"":""gemini""},{""id"":41793,""pun"":""C'est l'histoire d'un joueur de lyre qui mentait tout le temps. C'était un vrai 'menteur en scène'."",""run"":""gemini""},{""id"":29702,""pun"":""Quel est le comble pour un joueur de lyre ? C'est de ne pas savoir lire entre les cordes."",""run"":""gemini""}]"
3672	"[{""id"":63430,""pun"":""Comment appelle-t-on un post X qui a été banni ? Un ex-clu."",""run"":""gemini""},{""id"":77947,""pun"":""Pourquoi un post X supprimé est-il toujours calme ? Parce qu'il est ex-pauvre en contenu."",""run"":""gemini""},{""id"":10450,""pun"":""Comment appelle-t-on l'auteur d'un post supprimé qui s'énerve ? Un ex-aspéré."",""run"":""gemini""},{""id"":81025,""pun"":""Comment appelle-t-on un post X devenu obsolète ? Un ex-cès."",""run"":""gemini""},{""id"":90596,""pun"":""Comment appelle-t-on un post X qui a rendu l'âme ? Un ex-it."",""run"":""gemini""},{""id"":74238,""pun"":""Comment appelle-t-on un tweet effacé avec regret ? Un ex-pire."",""run"":""gemini""},{""id"":21889,""pun"":""Un post supprimé par son auteur reste-t-il valide ? Non, c'est un ex-trais."",""run"":""gemini""},{""id"":47501,""pun"":""Comment appelle-t-on une photo retirée de X ? Une ex-tension."",""run"":""gemini""},{""id"":70432,""pun"":""Comment appelle-t-on un post X qui n'a plus aucun succès ? Un ex-sang."",""run"":""gemini""},{""id"":11474,""pun"":""Pourquoi on ne retrouve plus ce tweet ? C'est un ex-trait de génie."",""run"":""gemini""},{""id"":84814,""pun"":""Un post supprimé par Musk est un ex-communié."",""run"":""gemini""},{""id"":80517,""pun"":""Comment appelle-t-on un ancien message de rupture sur X ? Un ex-posé."",""run"":""gemini""}]"
3673	"[{""id"":11342,""pun"":""Pourquoi les dinosaures ne parlent-ils plus ? Parce qu'ils sont au dictionnaire des synonymes... ils sont éteints."",""run"":""gemini""},{""id"":27094,""pun"":""Quel dinosaure connaît toutes les définitions ? Le Petit Robert-osaure."",""run"":""gemini""},{""id"":67701,""pun"":""Comment s'appelle le dinosaure qui corrige les fautes ? Le Bescherelle-ops."",""run"":""gemini""},{""id"":56639,""pun"":""Quel dinosaure adore la grammaire ? Le Conjugu-osaure."",""run"":""gemini""},{""id"":10959,""pun"":""Quel est le dinosaure le plus cultivé ? Le Philoso-ptor."",""run"":""gemini""},{""id"":66865,""pun"":""Comment s'appelle le dinosaure qui écrit des dictionnaires ? Le Larousse-ore."",""run"":""gemini""},{""id"":94072,""pun"":""Comment appelle-t-on un dinosaure qui connaît tous les synonymes ? Un Thésaurus."",""run"":""gemini""},{""id"":20494,""pun"":""Quel dinosaure est le meilleur en orthographe ? Le Dictée-ratops."",""run"":""gemini""},{""id"":66323,""pun"":""Comment appelle-t-on un dinosaure qui fait de la poésie ? Un Rime-osaure."",""run"":""gemini""},{""id"":46585,""pun"":""Comment appelle-t-on un reptile préhistorique qui a beaucoup de vocabulaire ? Un Verbe-iciraptor."",""run"":""gemini""},{""id"":99362,""pun"":""Quel dinosaure est un expert en étymologie ? Le Racine-osaure."",""run"":""gemini""},{""id"":84138,""pun"":""Comment appelle-t-on un dinosaure qui cherche ses mots ? Un Lexique-osaure."",""run"":""gemini""}]"
3674	"[{""id"":18394,""pun"":""Quel animal est le plus gradé de l'armée ? Le serf-gent."",""run"":""gemini""},{""id"":13237,""pun"":""Comment appelle-t-on un chat qui est dans l'armée ? Un chat-poteau."",""run"":""gemini""},{""id"":27531,""pun"":""Comment appelle-t-on un vétérinaire qui part au front ? Un chien de garde."",""run"":""gemini""},{""id"":76928,""pun"":""Comment appelle-t-on un médecin militaire qui soigne les oiseaux ? Un colonel-vert."",""run"":""gemini""},{""id"":27140,""pun"":""Comment appelle-t-on un dinosaure qui a fait la guerre ? Un Tyrannosaure-ex-militaire."",""run"":""gemini""},{""id"":89320,""pun"":""Pourquoi le médecin militaire a-t-il rejoint la cavalerie ? Pour faire des pansements à cheval."",""run"":""gemini""},{""id"":98910,""pun"":""Pourquoi les retraités de l'armée sont-ils de bons docteurs ? Parce qu'ils savent panser les plaies."",""run"":""gemini""},{""id"":22554,""pun"":""Un soldat qui soigne les vaches est un vétéran-meuglant."",""run"":""gemini""},{""id"":10010,""pun"":""Comment appelle-t-on un soldat qui aime les chats ? Un chat-sseur."",""run"":""gemini""},{""id"":44694,""pun"":""Quel soldat ne meurt jamais de faim ? Le garde-manger."",""run"":""gemini""},{""id"":21859,""pun"":""Pourquoi les militaires n'aiment-ils pas la chirurgie esthétique ? Parce qu'ils ont peur de perdre leurs galons."",""run"":""gemini""},{""id"":37572,""pun"":""Quel est le comble pour un militaire ? C'est de se mettre au garde-à-vous quand il voit une sentinelle... de mer."",""run"":""gemini""}]"
3675	"[{""id"":79344,""pun"":""Comment appelle-t-on un chien qui connaît toutes les formules magiques ? Un Grimoire-moute."",""run"":""gemini""},{""id"":28771,""pun"":""Pourquoi les chiens magiciens sont-ils nuls à cache-cache ? Parce qu'ils font toujours un tour de 'passe-patte'."",""run"":""gemini""},{""id"":24308,""pun"":""Quel chien fait de la magie noire ? Le Sorcier-ner."",""run"":""gemini""},{""id"":95882,""pun"":""Quel est le sortilège préféré des chiens ? L'Aboya-Kadavra."",""run"":""gemini""},{""id"":18557,""pun"":""Un chien magicien qui rate son tour, c'est une ca-catastrophe ? Non, c'est un 'canine'-tastrophe."",""run"":""gemini""},{""id"":88359,""pun"":""Comment appelle-t-on un chien qui fait disparaître les os ? Un escamoteur de croquettes."",""run"":""gemini""},{""id"":48197,""pun"":""Un chien qui sort un lapin de son chapeau, c'est un 'ouaf'-antasticien."",""run"":""gemini""},{""id"":24793,""pun"":""Quel est le chien préféré des magiciens ? Le Canich-tous-les-tours."",""run"":""gemini""},{""id"":42355,""pun"":""Pourquoi le magicien a-t-il pris un Dalmatien ? Pour faire des apparitions de points noirs."",""run"":""gemini""},{""id"":76757,""pun"":""Comment appelle-t-on un chien qui fait de la magie ? Un Abrakadabrador."",""run"":""gemini""},{""id"":60196,""pun"":""Comment appelle-t-on un chien qui lit l'avenir ? Un Chiromancien."",""run"":""gemini""},{""id"":24627,""pun"":""Quel chien est le roi de l'illusion ? Le Chien-llusionniste."",""run"":""gemini""}]"
3676	"[{""id"":47326,""pun"":""Quel est le comble pour un droïde astromécano ? Être à bout de boulons."",""run"":""gemini""},{""id"":93715,""pun"":""Pourquoi R2-D2 ne perd-il jamais au poker ? Parce qu'il a toujours un 'as' de rechange."",""run"":""gemini""},{""id"":90763,""pun"":""Pourquoi les droïdes n'ont-ils pas peur en forêt ? Parce qu'ils ont des scies-trois-P.O."",""run"":""gemini""},{""id"":66103,""pun"":""Pourquoi R2-D2 est-il toujours en retard ? Parce qu'il fait toujours un détour par Tatooine."",""run"":""gemini""},{""id"":52184,""pun"":""Quel est le droïde qui n'aime pas les raccourcis ? R2-Détour."",""run"":""gemini""},{""id"":10165,""pun"":""Quel est le droïde qui gère les bagages à l'aéroport ? R2-D'escale."",""run"":""gemini""},{""id"":57144,""pun"":""Comment appelle-t-on un droïde qui travaille au garage ? Un as-trop-mécano."",""run"":""gemini""},{""id"":89989,""pun"":""Quel robot est expert en stockage de grains ? R2-Silo."",""run"":""gemini""},{""id"":13979,""pun"":""Que dit un robot qui n'a plus de batterie ? Je suis au bout du robot."",""run"":""gemini""},{""id"":92907,""pun"":""Comment appelle-t-on un droïde qui prend toujours la route la plus longue ? R2-Déviation."",""run"":""gemini""},{""id"":80938,""pun"":""Comment appelle-t-on un robot qui fait des sirops en coupant des herbes ? C-3... Ciseaux !"",""run"":""gemini""},{""id"":79345,""pun"":""Quel est le robot préféré des boulangers ? R2-De pain."",""run"":""gemini""}]"
3677	"[{""id"":89342,""pun"":""Comment appelle-t-on un canard qui travaille à l'université ? Un Canard-démique."",""run"":""gemini""},{""id"":83180,""pun"":""Comment appelle-t-on un canard qui cite Socrate ? Un Philozo-mare."",""run"":""gemini""},{""id"":35236,""pun"":""Comment appelle-t-on un canard qui réfléchit trop ? Un grand-penseur."",""run"":""gemini""},{""id"":87603,""pun"":""Qu'est-ce qu'un canard qui résout des équations ? Un mathémati-chien."",""run"":""gemini""},{""id"":89515,""pun"":""Comment appelle-t-on un canard qui a réussi l'ENA ? Un énarre."",""run"":""gemini""},{""id"":61118,""pun"":""Quel est le diplôme préféré des canards ? Le Bac."",""run"":""gemini""},{""id"":88084,""pun"":""Quel est le saint patron des canards savants ? Saint-Gervais."",""run"":""gemini""},{""id"":80341,""pun"":""Un canard qui prend ses études très au sérieux est un canard laqué."",""run"":""gemini""},{""id"":36306,""pun"":""Pourquoi les canards sont-ils toujours premiers en classe ? Parce qu'ils sont très doués pour faire le coin-coin."",""run"":""gemini""},{""id"":53022,""pun"":""Comment appelle-t-on un canard qui lit de la philosophie ? Un Kant-ard."",""run"":""gemini""},{""id"":34733,""pun"":""Quel est l'oiseau le plus cultivé ? Le canard, car il a toujours un bouquin dans le bec."",""run"":""gemini""},{""id"":77503,""pun"":""Quel est le canard le plus sage ? Le Mare-about."",""run"":""gemini""}]"
3678	"[{""id"":60469,""pun"":""Pourquoi le pharaon était-il méchant ? Parce qu'il était en col-Ramsès."",""run"":""gemini""},{""id"":94669,""pun"":""Comment s'appelle le pharaon qui n'est jamais d'accord ? Pas-raon."",""run"":""gemini""},{""id"":99764,""pun"":""Quel est le pharaon le plus cool ? Tout-en-camion."",""run"":""gemini""},{""id"":65746,""pun"":""Comment appelle-t-on une momie qui a toujours raison ? Une mo-mi-vérité."",""run"":""gemini""},{""id"":55846,""pun"":""Pourquoi les pharaons ne sont-ils jamais pauvres ? Parce qu'ils ont des pyramides de pièces."",""run"":""gemini""},{""id"":46211,""pun"":""Quel est le dieu égyptien le plus grincheux ? Osiris-pas."",""run"":""gemini""},{""id"":88791,""pun"":""Qu'est-ce qu'un pharaon qui n'aime pas partager ? Un pharaon-tout-pour-moi."",""run"":""gemini""},{""id"":51788,""pun"":""Quel pharaon est le plus radin ? C'est Pas-un-Rad-mès."",""run"":""gemini""},{""id"":98129,""pun"":""Quel pharaon est le plus injuste ? Pharaon-pas-juste."",""run"":""gemini""},{""id"":79812,""pun"":""Quel est le pharaon le plus poli ? S'il-vous-plaît-raon."",""run"":""gemini""},{""id"":73636,""pun"":""Comment appelle-t-on un souverain égyptien qui ne veut rien faire ? Un farniente-on."",""run"":""gemini""},{""id"":16734,""pun"":""Quel est le pharaon qui boit le plus de café ? Exp-Ramsès."",""run"":""gemini""}]"
3679	"[{""id"":21007,""pun"":""Comment appelle-t-on un chat qui a atteint le sommet ? Un chapion."",""run"":""gemini""},{""id"":92153,""pun"":""Un petit chat qui tombe d'une falaise, c'est une catastrophe ? Non, une chat-te-astrophe."",""run"":""gemini""},{""id"":23027,""pun"":""Quel est le massif le plus dangereux pour un félin ? Le Chat-lais."",""run"":""gemini""},{""id"":35471,""pun"":""Comment s'appelle le guide de haute montagne des félins ? Le Cha-rpa."",""run"":""gemini""},{""id"":78660,""pun"":""Quel est le compositeur préféré des chats de montagne ? Miaou-zart."",""run"":""gemini""},{""id"":65608,""pun"":""Comment appelle-t-on un chat qui vit en altitude ? Un chat-mou-nu de montagne."",""run"":""gemini""},{""id"":89711,""pun"":""Comment les chats mesurent-ils la hauteur des montagnes ? En chat-mètres."",""run"":""gemini""},{""id"":28679,""pun"":""Que disent les chats quand ils voient l'Himalaya ? C'est chat-crément haut !"",""run"":""gemini""},{""id"":29588,""pun"":""Quel est le sommet préféré des chats ? Le Mont Miaou."",""run"":""gemini""},{""id"":32315,""pun"":""Quel est le sport préféré des chatons alpinistes ? Le rrrr-onronnement de montagne."",""run"":""gemini""},{""id"":93598,""pun"":""Pourquoi les chats n'escaladent-ils pas les sommets ? Parce qu'ils ont peur de se piquer sur les pics."",""run"":""gemini""},{""id"":82900,""pun"":""Quel est le sommet le plus doux du monde ? Le Mont de Chaton."",""run"":""gemini""}]"
3680	"[{""id"":32252,""pun"":""Quel est le sandwich préféré des humoristes ? Le pan-vannes-ni."",""run"":""gemini""},{""id"":63455,""pun"":""Un sandwich qui raconte des bêtises, c'est un jambon-beurre... de rire."",""run"":""gemini""},{""id"":66610,""pun"":""Pourquoi les sandwichs sont-ils toujours joyeux ? Parce qu'ils ont la mie-forme."",""run"":""gemini""},{""id"":27540,""pun"":""Comment appelle-t-on un sandwich qui fait des jeux de mots ? Un panini-galigola."",""run"":""gemini""},{""id"":50151,""pun"":""Qu'est-ce qu'un sandwich qui plane après une blague ? Une escalope planée."",""run"":""gemini""},{""id"":10733,""pun"":""Un sandwich qui fait du stand-up, c'est un croque-monsieur qui a du mordant."",""run"":""gemini""},{""id"":62163,""pun"":""Comment appelle-t-on un sandwich qui fait des blagues ? Un calembour-ger."",""run"":""gemini""},{""id"":62728,""pun"":""Comment appelle-t-on un sandwich qui n'est pas drôle ? Un pain-sec."",""run"":""gemini""},{""id"":44171,""pun"":""C'est l'histoire d'un sandwich qui raconte une blague, et tout le monde en fait une tartine."",""run"":""gemini""},{""id"":70272,""pun"":""Quel est le sandwich le plus drôle de la boulangerie ? Le chausson aux pommes... de ris."",""run"":""gemini""},{""id"":28512,""pun"":""Quel est le comble pour un sandwich ? C'est de se faire mener en bateau-mouche par une miche de pain."",""run"":""gemini""},{""id"":91866,""pun"":""Un sandwich qui a trop d'humour, c'est un pain-ce-sans-rire."",""run"":""gemini""}]"
3681	"[{""id"":35374,""pun"":""Quel est le comble pour une serviette de table ? C'est de se mettre au pli."",""run"":""gemini""},{""id"":35973,""pun"":""Pourquoi les serviettes en papier sont-elles si fatiguées ? Parce qu'elles sont jetables."",""run"":""gemini""},{""id"":82702,""pun"":""Quel est le genre de musique préféré des serviettes de table ? Le pli-hop."",""run"":""gemini""},{""id"":36074,""pun"":""Que fait une serviette quand elle est fatiguée ? Elle fait un petit somme."",""run"":""gemini""},{""id"":74215,""pun"":""Comment appelle-t-on un tissu qui va aux toilettes ? Un essuie-main."",""run"":""gemini""},{""id"":39358,""pun"":""Pourquoi la nappe est-elle toujours calme ? Parce qu'elle a un bon tissu social."",""run"":""gemini""},{""id"":87753,""pun"":""Qu'est-ce qu'une serviette qui a beaucoup de succès ? Une serviette de bain de foule."",""run"":""gemini""},{""id"":94001,""pun"":""Pourquoi la serviette ne répond plus ? Parce qu'elle est en mode avion de papier."",""run"":""gemini""},{""id"":37559,""pun"":""Comment appelle-t-on une petite serviette qui dort ? Une serviette de sieste."",""run"":""gemini""},{""id"":57272,""pun"":""Que dit une serviette qui a fini son travail ? 'J'ai trop de pain sur la planche'."",""run"":""gemini""},{""id"":87938,""pun"":""Où est-ce que les serviettes vont pour prier ? Dans un papier-culte."",""run"":""gemini""},{""id"":48345,""pun"":""Qu'est-ce qu'une serviette de table qui s'en va ? Un essuie-tout."",""run"":""gemini""}]"
3682	"[{""id"":22078,""pun"":""Quel est le spectacle préféré des sorcières ? Le lac des balais."",""run"":""gemini""},{""id"":77206,""pun"":""Pourquoi est-il risqué de manger un sandwich fait par une sorcière ? Parce qu'on ne sait jamais si c'est du jambon de Paris ou du jambon de pas-ri."",""run"":""gemini""},{""id"":32442,""pun"":""Quel est le crustacé le plus magique ? Le homard-cadabra."",""run"":""gemini""},{""id"":58655,""pun"":""Comment les sorcières nettoient-elles le sable ? Avec un aspirateur parce qu'elles en ont marre de ramer avec leur balai."",""run"":""gemini""},{""id"":50783,""pun"":""Que boit une sorcière à la plage ? Un sort-bet au citron."",""run"":""gemini""},{""id"":59128,""pun"":""Pourquoi les sorcières ne vont-elles jamais à la plage en même temps que les rugbymen ? Pour éviter les plaquages."",""run"":""gemini""},{""id"":34366,""pun"":""Comment appelle-t-on une sorcière qui vit sur la plage ? Une ensablée."",""run"":""gemini""},{""id"":67682,""pun"":""Quel est le plat préféré d'une sorcière qui déjeune vite ? Un sandwich au sort-isson."",""run"":""gemini""},{""id"":85181,""pun"":""Qu'est-ce qu'une sorcière qui n'arrive pas à décoller de la plage ? Une traîne-balai."",""run"":""gemini""},{""id"":83366,""pun"":""Où est-ce que les sorcières partent en vacances ? À la mer Méditerranée, car elles adorent les plages de sable... sorcier."",""run"":""gemini""},{""id"":23169,""pun"":""Que fait une sorcière quand elle a fini de manger son sandwich sur la plage ? Elle fait le ménage avec son balai de mer."",""run"":""gemini""},{""id"":89633,""pun"":""Pourquoi les sorcières n'aiment-elles pas le surf ? Parce que leur balai coule de source."",""run"":""gemini""}]"
3683	"[{""id"":45496,""pun"":""Pourquoi le novice préfère-t-il convoquer l'enfer en hiver ? Parce qu'il veut un diable-givre."",""run"":""gemini""},{""id"":31042,""pun"":""Comment appelle-t-on un apprenti démon qui a toujours peur ? Un diable-au-corps."",""run"":""gemini""},{""id"":33477,""pun"":""Pourquoi les démons ne sont-ils jamais perdus ? Parce qu'ils ont un Satan-nav."",""run"":""gemini""},{""id"":55992,""pun"":""Que disent les démons quand ils sont surpris ? Oh mon Dieu !"",""run"":""gemini""},{""id"":21443,""pun"":""Qu'est-ce qu'un démon qui ne finit jamais ses invocations ? Un Satan-pis."",""run"":""gemini""},{""id"":17912,""pun"":""Quel démon déteste le plus faire le ménage ? Lucifer-repasser."",""run"":""gemini""},{""id"":29912,""pun"":""Quel est le démon préféré des bricoleurs du dimanche ? Lucifer-à-souder."",""run"":""gemini""},{""id"":90853,""pun"":""Quel démon est le plus poli pour un débutant ? Satan-gent."",""run"":""gemini""},{""id"":51324,""pun"":""Comment appelle-t-on un diable qui ne travaille que le dimanche ? Un Satan-claus."",""run"":""gemini""},{""id"":85761,""pun"":""Comment les démons gèrent-ils leur budget ? Avec un enfer-mètre."",""run"":""gemini""},{""id"":86705,""pun"":""Monsieur et Madame Epouvante ont un fils. Comment s'appelle-t-il ? Médhi. Parce que Médhi Epouvante."",""run"":""gemini""},{""id"":41174,""pun"":""Comment appelle-t-on un petit démon qui commence juste à pratiquer ? Un diablotin-ateur."",""run"":""gemini""}]"
3684	"[{""id"":17564,""pun"":""Que boivent les ours au petit déjeuner ? Du Russe d'orange."",""run"":""gemini""},{""id"":41092,""pun"":""Pourquoi les ours n'utilisent-ils pas d'ordinateurs ? Parce qu'ils ont peur de la souris."",""run"":""gemini""},{""id"":92355,""pun"":""Quel est le dessert préféré des grizzlis ? La tarte aux myrt-ours."",""run"":""gemini""},{""id"":79748,""pun"":""Quel est le sport préféré des ours ? L'hiber-natation."",""run"":""gemini""},{""id"":75642,""pun"":""Que fait un ours quand il a froid ? Il met son manteau de fourrure."",""run"":""gemini""},{""id"":41965,""pun"":""Où est-ce que les ours gardent leur argent ? Dans une banque de miel."",""run"":""gemini""},{""id"":83166,""pun"":""Comment appelle-t-on un ours qui fait des grillades ? Un barbe-cue-ly."",""run"":""gemini""},{""id"":72147,""pun"":""Comment appelle-t-on un ours qui n'a pas de dents ? Un ours en gélatine."",""run"":""gemini""},{""id"":70987,""pun"":""Comment un ours appelle-t-il sa femme ? Ma grizz-li-berté."",""run"":""gemini""},{""id"":61233,""pun"":""Comment dit-on 'bonjour' à un ours ? On ne lui dit pas, on court !"",""run"":""gemini""},{""id"":62533,""pun"":""Quel est le comble pour un ours polaire ? Avoir un sang-froid de canard."",""run"":""gemini""},{""id"":80007,""pun"":""Quel est le plat préféré des ours ? Le camembert-becue."",""run"":""gemini""}]"
3685	"[{""id"":44278,""pun"":""Comment appelle-t-on un café qui chante tout le temps ? Un café-opéra."",""run"":""gemini""},{""id"":22660,""pun"":""Quel est le café le plus triste ? Le décafé-né."",""run"":""gemini""},{""id"":14584,""pun"":""Comment appelle-t-on un café qui fait du boucan ? Un brou-java."",""run"":""gemini""},{""id"":67021,""pun"":""Comment se quittent deux grains de café qui se disputent ? Ils se disent : On n'est plus moulu ensemble !"",""run"":""gemini""},{""id"":17427,""pun"":""Que boit un informaticien quand il a un bug ? Un Java."",""run"":""gemini""},{""id"":82449,""pun"":""Comment appelle-t-on un café qui va à l'église ? Un caf-abbé."",""run"":""gemini""},{""id"":36600,""pun"":""Quel est le café préféré des musiciens ? L'expresso-niste."",""run"":""gemini""},{""id"":21719,""pun"":""Que dit un grain de café avant d'être écrasé ? J'ai du grain à moudre."",""run"":""gemini""},{""id"":50091,""pun"":""C'est l'histoire d'un café qui se fait arrêter. Il a pris une amende parce qu'il était trop serré."",""run"":""gemini""},{""id"":92522,""pun"":""Comment les baristas font-ils pour construire des routes ? Avec un rouleau-vapeur."",""run"":""gemini""},{""id"":91923,""pun"":""Pourquoi le café est-il toujours en retard ? Parce qu'il n'est pas pressé."",""run"":""gemini""},{""id"":65123,""pun"":""Pourquoi le café est-il bon pour la vue ? Parce qu'il nous donne du peps-y."",""run"":""gemini""}]"
3686	"[{""id"":93770,""pun"":""Pourquoi ne faut-il pas donner de café aux chiens ? Ça les rend 'canin-vif'."",""run"":""gemini""},{""id"":52253,""pun"":""Comment appelle-t-on un chien qui ne s'arrête jamais de grogner ? Un réci-dog."",""run"":""gemini""},{""id"":71639,""pun"":""Pourquoi les chiens policiers sont-ils stressés ? Parce qu'ils ont trop de 'stups-éfiants'."",""run"":""gemini""},{""id"":86387,""pun"":""Un chien qui fait une overdose, c'est un 'toutou-toxique'."",""run"":""gemini""},{""id"":67170,""pun"":""Comment les dalmatiens comptent-ils leurs pilules ? En faisant un bilan de 'tâches'."",""run"":""gemini""},{""id"":39011,""pun"":""Quel est le comble pour un dresseur de chiens accro à la drogue ? Faire une over-dog."",""run"":""gemini""},{""id"":22695,""pun"":""Comment se sent un chien après 100 os ? Il est en 'os-verdose'."",""run"":""gemini""},{""id"":69776,""pun"":""Quel est le chien le plus accro ? Le 'Stup-hound'."",""run"":""gemini""},{""id"":49373,""pun"":""Un dalmatien qui prend trop de vitamines devient un 'dalma-tiens-la-forme'."",""run"":""gemini""},{""id"":40821,""pun"":""Pourquoi les dalmatiens ne peuvent-ils pas cacher leur addiction ? Parce qu'ils ont toujours les points sur les 'i'."",""run"":""gemini""},{""id"":33709,""pun"":""Comment appelle-t-on un chien qui prend trop de médicaments ? Un Dalma-scion."",""run"":""gemini""},{""id"":73987,""pun"":""Comment appelle-t-on un dalmatien qui a trop bu ? Un dalma-tise."",""run"":""gemini""}]"
3687	"[{""id"":86598,""pun"":""Comment appelle-t-on une petite île isolée qui change tout le temps d'avis ? Une île dé-zappée."",""run"":""gemini""},{""id"":90214,""pun"":""Comment choisit-on son programme sur une île lointaine ? Avec une télé-commando."",""run"":""gemini""},{""id"":92255,""pun"":""Pourquoi les plongeurs télécommandent-ils toujours leur dîner ? Parce qu'ils cherchent la zap-pêche."",""run"":""gemini""},{""id"":47264,""pun"":""Qu'est-ce qu'on fait sur une île très reculée ? On essaie de se faire recollé à la civilisation."",""run"":""gemini""},{""id"":84643,""pun"":""L'archipel était si loin que pour changer d'île, il fallait zapper."",""run"":""gemini""},{""id"":97288,""pun"":""Pourquoi l'île était-elle si floue ? Le naufragé n'avait pas la haute définition."",""run"":""gemini""},{""id"":95149,""pun"":""C'est l'histoire d'un homme sur une île de boutons : il n'arrive pas à régler le volume de la mer."",""run"":""gemini""},{""id"":67027,""pun"":""À quoi reconnaît-on un aventurier qui regarde trop la télé ? Il cherche la télé-commande du radeau."",""run"":""gemini""},{""id"":34146,""pun"":""Pourquoi n'y a-t-il pas de télé en plein océan ? Parce qu'on finit toujours par perdre le contrôleur aérien."",""run"":""gemini""},{""id"":34682,""pun"":""Sur une île déserte, si tu n'as pas de réseau, c'est que tu es sur la mauvaise chaîne."",""run"":""gemini""},{""id"":53153,""pun"":""Pourquoi les naufragés sont-ils calmes ? Parce qu'ils ont trouvé le bouton 'pause' sur l'île."",""run"":""gemini""},{""id"":41208,""pun"":""Sur l'île de la Tentation, ils ont perdu la télécommande : maintenant, ils sont tous en mode sauvage."",""run"":""gemini""}]"
3688	"[{""id"":29957,""pun"":""Si un bateau coule à cause d'un encombrement nasal, c'est un barrage de sinus ? Non, c'est un bourrage de crâne."",""run"":""gemini""},{""id"":70484,""pun"":""Quel est le comble pour un médecin marin ? Perdre son sang-froid au large en cherchant le pouls du port."",""run"":""gemini""},{""id"":17820,""pun"":""Comment appelle-t-on un navire qui fait une dépression ? Un paquebot au bout du rouleau de printemps ? Non, un bateau qui a perdu le nord."",""run"":""gemini""},{""id"":77540,""pun"":""Où soigne-t-on les voiliers qui ont de la fièvre ? À la clinique du mât-ladore."",""run"":""gemini""},{""id"":95908,""pun"":""Quel médecin traite les bateaux gonflables ? Le pneumologue."",""run"":""gemini""},{""id"":28084,""pun"":""Pourquoi les bateaux détestent-ils les hôpitaux ? Parce qu'ils ont peur de finir en cale-vitie."",""run"":""gemini""},{""id"":46568,""pun"":""Comment appelle-t-on un navire qui a de l'hypertension ? Un bateau à quai-cardiaque."",""run"":""gemini""},{""id"":26489,""pun"":""Où va un yacht pour se faire opérer ? Au bloc-ponton."",""run"":""gemini""},{""id"":61429,""pun"":""Pourquoi le bateau est-il allé voir le psychologue ? Parce qu'il avait un gros problème d'amarrage-propre."",""run"":""gemini""},{""id"":29719,""pun"":""Que dit un bateau malade à son médecin ? Docteur, j'ai une grosse fuite de sève dans ma coque."",""run"":""gemini""},{""id"":59856,""pun"":""Où est-ce qu'on gare un bateau qui a des problèmes digestifs ? À la jetée-gastrique."",""run"":""gemini""},{""id"":50309,""pun"":""Que prescrit-on à un bateau qui tousse ? Un sirop de jetée."",""run"":""gemini""}]"
3689	"[{""id"":40031,""pun"":""Pourquoi la vache refuse-t-1 elle de donner son lait ? Parce qu'elle est en mode vachement capricieuse."",""run"":""gemini""},{""id"":59091,""pun"":""Comment appelle-t-on une vache qui a fait de grandes études ? Une intellec-tuelle."",""run"":""gemini""},{""id"":32533,""pun"":""Qu'est-ce qu'une vache qui fait du karaté ? Une vache qui donne des coups de sabot à la crème."",""run"":""gemini""},{""id"":91081,""pun"":""Une vache trop choyée ne fait plus 'meuh', elle fait 'moi d'abord'."",""run"":""gemini""},{""id"":71633,""pun"":""Pourquoi la vache riche est-elle aigrie ? Parce qu'elle a tourné sans raison."",""run"":""gemini""},{""id"":81417,""pun"":""Quand une vache veut être traitée comme une star, elle demande un tapis pis."",""run"":""gemini""},{""id"":94032,""pun"":""Une vache gâtée ne donne pas de lait, elle donne sa démission."",""run"":""gemini""},{""id"":83789,""pun"":""Comment appelle-t-on une vache royale ? Sa Meuh-jesté."",""run"":""gemini""},{""id"":70934,""pun"":""Une vache qui a un compte en banque trop rempli est une vache à lait."",""run"":""gemini""},{""id"":99291,""pun"":""Qu'obtient-on d'une vache trop gâtée ? Du lait pourri."",""run"":""gemini""},{""id"":60395,""pun"":""Une vache qui a passé trop de temps au spa fait du lait déshabillé."",""run"":""gemini""},{""id"":51936,""pun"":""Une vache qui reçoit trop de cadeaux finit par poser un lapin à son fermier."",""run"":""gemini""}]"
3690	"[{""id"":83107,""pun"":""Pourquoi les écrivains aiment la tequila ? Parce que ça donne des margarita-le."",""run"":""gemini""},{""id"":51094,""pun"":""C'est l'histoire d'un mec qui écrit en buvant du Ricard... Il fait de la pastis-che."",""run"":""gemini""},{""id"":89947,""pun"":""Que boit-on en lisant Baudelaire ? Du vin de Fleurs du Mal-t."",""run"":""gemini""},{""id"":27737,""pun"":""Quel auteur est toujours ivre ? Boris Vin."",""run"":""gemini""},{""id"":57701,""pun"":""Quel est l'alcool préféré des écrivains ? Le rhum-an."",""run"":""gemini""},{""id"":78040,""pun"":""Quel est l'alcool des dramaturges ? Le drame-buis."",""run"":""gemini""},{""id"":57518,""pun"":""Que boit un auteur de polars ? Un gin-fiction."",""run"":""gemini""},{""id"":49856,""pun"":""Quel écrivain se sert toujours un dernier verre ? Ernest He-ming-way."",""run"":""gemini""},{""id"":90283,""pun"":""Quel livre boit-on à l'apéro ? Un roman à l'eau-de-vie."",""run"":""gemini""},{""id"":25519,""pun"":""Comment appelle-t-on une liqueur inspirée par Victor Hugo ? La Marie-Briz'Art."",""run"":""gemini""},{""id"":14490,""pun"":""Quel est le spiritueux de la science-fiction ? Le Rhum-bot d'Asimov."",""run"":""gemini""},{""id"":33812,""pun"":""Quel est le cocktail des poètes maudits ? L'absinthe de sens."",""run"":""gemini""}]"
3691	"[{""id"":86991,""pun"":""Que dit un citron qui se sent seul ? Je n'ai pas de zestes d'amitié."",""run"":""gemini""},{""id"":37509,""pun"":""Quel est le comble pour un citron ? C'est de se faire presser le dimanche, jour de repos."",""run"":""gemini""},{""id"":13256,""pun"":""Comment appelle-t-11 une orange qui s'est blessée ? Une orange sanguine."",""run"":""gemini""},{""id"":50189,""pun"":""Quel est l'agrume le plus sportif ? Le citron pressé !"",""run"":""gemini""},{""id"":74403,""pun"":""Qu'est-ce qui est jaune et qui court très vite ? Un citron pressé."",""run"":""gemini""},{""id"":29649,""pun"":""Comment s'appelle le docteur des citrons ? Le pépin-diatre."",""run"":""gemini""},{""id"":32935,""pun"":""Que fait un citron quand il est en retard ? Il met les bouchées doubles pour ne pas être pressé."",""run"":""gemini""},{""id"":19739,""pun"":""Pourquoi les agrumes font-ils de la méditation ? Pour trouver leur zeste intérieur."",""run"":""gemini""},{""id"":85286,""pun"":""Quel agrume est toujours de mauvaise humeur ? Le pamplemousse, parce qu'il fait toujours la moue."",""run"":""gemini""},{""id"":91329,""pun"":""Comment est-ce qu'on appelle un citron qui a de la chance ? Un coup de foudre, parce que c'est un flash jaune."",""run"":""gemini""},{""id"":49716,""pun"":""Que donne-t-on à un citron mûr qui a un accident ? Une aide-citron."",""run"":""gemini""},{""id"":30439,""pun"":""Pourquoi les citrons ne sortent jamais sans leur voiture ? Parce qu'ils sont toujours pressés."",""run"":""gemini""}]"
3692	"[{""id"":11943,""pun"":""Le monstre marin est très poli, il dit toujours 'mer-ci'."",""run"":""gemini""},{""id"":91305,""pun"":""Le Kraken est-il rapide ? Oui, il va à toute berzingue-poulpe."",""run"":""gemini""},{""id"":88098,""pun"":""Le Kraken a ouvert un restaurant, c'est un vrai gâte-sauce-pode."",""run"":""gemini""},{""id"":28282,""pun"":""On a demandé au Kraken de se dépêcher, il a répondu : 'Je fais ce que je peu-lpe !'"",""run"":""gemini""},{""id"":45241,""pun"":""Le Kraken ne travaille jamais, il préfère rester dans son encre."",""run"":""gemini""},{""id"":12724,""pun"":""Pourquoi le monstre marin est-il toujours à l'heure ? Parce qu'il a une horloge bi-octopus."",""run"":""gemini""},{""id"":78404,""pun"":""On ne peut pas discuter avec un poulpe, il a trop de bras de fer."",""run"":""gemini""},{""id"":31244,""pun"":""Quel est le sport préféré du Kraken ? Le calamari-thon."",""run"":""gemini""},{""id"":85967,""pun"":""Comment appelle-t-on un calmar qui fait de la musculation ? Un costaud-pode."",""run"":""gemini""},{""id"":97222,""pun"":""Un poulpe qui gagne au loto, c'est la fin des tentacules de se serrer la ceinture."",""run"":""gemini""},{""id"":22089,""pun"":""Pour faire avancer le navire, le capitaine a dit : 'Il faut qu'on kraken un peu la baraque !'"",""run"":""gemini""},{""id"":94201,""pun"":""Qu'est-ce qu'un monstre marin qui écrit des livres ? Un auteur de best-sceller."",""run"":""gemini""}]"
3693	"[{""id"":42528,""pun"":""Quel serpent range le mieux ses vêtements ? La vipère-pentry."",""run"":""gemini""},{""id"":33874,""pun"":""Pourquoi le serpent est-il si mince ? Parce qu'il fait du gainage."",""run"":""gemini""},{""id"":82994,""pun"":""Pourquoi les serpents ne mangent pas de soupe ? Parce qu'ils n'ont pas de bois pour leurs cuillères."",""run"":""gemini""},{""id"":17478,""pun"":""Qu'est-ce qu'un serpent avec un bon maintien ? Un co-bras de fer."",""run"":""gemini""},{""id"":23680,""pun"":""Quel serpent est le plus doué en maths ? Le python de Pythagore."",""run"":""gemini""},{""id"":62020,""pun"":""Quel serpent est le plus solide ? Le cobra-cier."",""run"":""gemini""},{""id"":13994,""pun"":""Comment se disent bonjour les serpents ? Ils se serrent les coudes."",""run"":""gemini""},{""id"":67175,""pun"":""Comment appelle-t-1un serpent qui porte de la lingerie ? Un boa-net C."",""run"":""gemini""},{""id"":31402,""pun"":""Quel est le reptile le plus branché ? Le boa-nheur."",""run"":""gemini""},{""id"":79109,""pun"":""Quel est le serpent le plus propre ? Le boa-nne douche."",""run"":""gemini""},{""id"":80031,""pun"":""Où les serpents gardent-ils leur lingerie ? Dans le tiroir aux boa-tes."",""run"":""gemini""},{""id"":15749,""pun"":""Quel est l'animal le plus poli ? La couleuvre, car elle n'est pas serpent."",""run"":""gemini""}]"
3694	"[{""id"":61975,""pun"":""Pourquoi la lettre n'a-t-elle pas été postée ? Parce qu'elle n'avait pas le bon caractère."",""run"":""gemini""},{""id"":91614,""pun"":""Pourquoi les lettres ne font-elles jamais de sport ? Parce qu'elles ont peur de perdre leur pli."",""run"":""gemini""},{""id"":49927,""pun"":""Comment appelle-t-on un facteur qui raconte n'importe quoi ? Un timbré."",""run"":""gemini""},{""id"":14820,""pun"":""Comment s'appelle le facteur qui n'a plus de timbres ? Un homme sans cachet."",""run"":""gemini""},{""id"":17455,""pun"":""Quel est le comble pour un timbre ? C'est de se faire envoyer paître."",""run"":""gemini""},{""id"":18459,""pun"":""Pourquoi la poste est-elle stressée ? Parce qu'elle a trop de courriers en souffrance."",""run"":""gemini""},{""id"":91014,""pun"":""Le facteur est amoureux d'une enveloppe. Il la trouve très timbrée."",""run"":""gemini""},{""id"":14387,""pun"":""Ma lettre d'amour a été perdue... On me l'a rendue car elle manquait de franchise."",""run"":""gemini""},{""id"":29633,""pun"":""Un timbre demande à un autre : 'Ça va ?'. L'autre répond : 'Je me sens un peu oblitéré'."",""run"":""gemini""},{""id"":52589,""pun"":""Pour que mon post soit validé, je l'ai léché. C'était un peu dur car c'était un écran plat."",""run"":""gemini""},{""id"":46817,""pun"":""Il ne faut pas poster d'insultes : la poste n'aime pas les colis suspects."",""run"":""gemini""},{""id"":94352,""pun"":""On m'a dit de mettre un timbre sur mon profil, mais je n'ai trouvé que de la colle pour les dents."",""run"":""gemini""}]"
3695	"[{""id"":68120,""pun"":""Que porte un nuage en colère ? Un slip en-orage."",""run"":""gemini""},{""id"":86625,""pun"":""Pourquoi l'orage est-il toujours bien habillé ? Parce qu'il a de la foudre dans son froc."",""run"":""gemini""},{""id"":32191,""pun"":""Comment s'habillent les nuages sexy ? En tonnerre de lingerie."",""run"":""gemini""},{""id"":84105,""pun"":""Que porte une maman nuage ? Un sou-tien-ciel."",""run"":""gemini""},{""id"":86823,""pun"":""Qu'est-ce qu'un nuage met sous son pantalon ? Un slip en coton-nimbus."",""run"":""gemini""},{""id"":22687,""pun"":""Quel est le vétement préféré d'un éclair ? Un frou-foudre."",""run"":""gemini""},{""id"":60121,""pun"":""Pourquoi l'orage porte-t-il des vêtements trop courts ? Parce qu'il a fait un saut d'éclair."",""run"":""gemini""},{""id"":10311,""pun"":""Que met un orage sur son lit ? Une é-couette."",""run"":""gemini""},{""id"":64215,""pun"":""Quel est le vétement préféré du tonnerre ? Le bas-fond sonore."",""run"":""gemini""},{""id"":44527,""pun"":""Comment appelle-t-on la lingerie des tempêtes ? Des nuage-nuisettes."",""run"":""gemini""},{""id"":15452,""pun"":""Quel habit porte un nuage pour sortir ? Un imper-néable."",""run"":""gemini""},{""id"":47440,""pun"":""Quel est le sous-vétement le plus bruyant ? Le slip-onnerre."",""run"":""gemini""}]"
3696	"[{""id"":53073,""pun"":""Quel est le piment le plus poétique ? Le chili-vers."",""run"":""gemini""},{""id"":29325,""pun"":""Qu'est-ce qu'un piment qui ne s'arrête jamais de se plaindre ? Un chale-râleur."",""run"":""gemini""},{""id"":61903,""pun"":""Que dit un piment qui veut s'excuser ? Je ne voulais pas que ça pimente entre nous."",""run"":""gemini""},{""id"":19510,""pun"":""Pourquoi le piment est-il si impoli ? Parce qu'il te pique toujours ta place."",""run"":""gemini""},{""id"":22702,""pun"":""Comment appelle-t-on un piment qui est toujours de mauvaise humeur ? Un poivron-chon."",""run"":""gemini""},{""id"":47375,""pun"":""Pourquoi est-ce que le piment ne boit jamais d'alcool ? Parce qu'il finit toujours par se mettre un petit vert dans le nez."",""run"":""gemini""},{""id"":47410,""pun"":""Comment est-ce que le piment surveille ses enfants ? Avec un garde-manger épicé."",""run"":""gemini""},{""id"":60550,""pun"":""Qu'est-ce qu'un piment dans un verre d'eau ? Un piment-lo."",""run"":""gemini""},{""id"":17565,""pun"":""Pourquoi les piments sont-ils de bons musiciens ? Parce qu'ils ont le sens du poivre."",""run"":""gemini""},{""id"":89901,""pun"":""Que fait un piment quand il est en colère ? Il monte sur ses grands poivrons."",""run"":""gemini""},{""id"":88485,""pun"":""Pourquoi le piment a-t-il été arrêté ? Pour avoir causé des coups et piments."",""run"":""gemini""},{""id"":20423,""pun"":""Quel piment est le plus rapide au volant ? Le piment d'accélération."",""run"":""gemini""}]"
3697	"[{""id"":75092,""pun"":""Qu'est-ce qui fait 'Ha, ha, ha, plop' ? Un homme qui se tord de rire."",""run"":""gemini""},{""id"":86183,""pun"":""Un rire qui tue ? Non, juste une blague qui tord le cou aux idées reçues."",""run"":""gemini""},{""id"":43402,""pun"":""Un condamné à mort qui rit à une blague de son bourreau, c'est un humour capital."",""run"":""gemini""},{""id"":71323,""pun"":""Comment appelle-t-on un musicien qui perd la tête en riant ? Un décapite-haine."",""run"":""gemini""},{""id"":94478,""pun"":""Le rire, c'est comme une guillotine : si c'est tranchant, on en perd la tête."",""run"":""gemini""},{""id"":13547,""pun"":""Qu’est-ce qui est drôle et qui finit par terre ? Un fou qui craque."",""run"":""gemini""},{""id"":73906,""pun"":""Pourquoi ne faut-il pas raconter de blagues à Marie-Antoinette ? Parce qu'elle perd vite le fil de l'humour."",""run"":""gemini""},{""id"":29310,""pun"":""C'est un mec qui rit tellement fort qu'il finit par se fendre la poire... littéralement."",""run"":""gemini""},{""id"":10893,""pun"":""Il a ri à gorge déployée, alors forcément, la tête a suivi."",""run"":""gemini""},{""id"":57018,""pun"":""Pourquoi les fantômes ne rient-ils jamais ? Parce qu’ils n'ont pas de corps de rire."",""run"":""gemini""},{""id"":64396,""pun"":""Quel est le comble pour un bourreau ? C'est de perdre la tête à force de rire."",""run"":""gemini""},{""id"":13625,""pun"":""Il riait si fort qu'il s'est détaché des autres... surtout au niveau du cou."",""run"":""gemini""}]"
3698	"[{""id"":79885,""pun"":""Ma voiture est tombée dans l'étang, j'ai dû appeler un coasseur d'assurance."",""run"":""gemini""},{""id"":39675,""pun"":""Pour sortir sa voiture du fossé, la grenouille a dû prendre un abonnement au Tr-ha-cteur."",""run"":""gemini""},{""id"":22571,""pun"":""Le crapaud n'a plus d'essence, il est en panne de coassement."",""run"":""gemini""},{""id"":70144,""pun"":""Un têtard qui conduit une dépanneuse, c'est un remor-queue."",""run"":""gemini""},{""id"":37189,""pun"":""Quand la voiture du crapaud rend l'âme, on dit qu'elle a fait un dernier bond."",""run"":""gemini""},{""id"":37144,""pun"":""Un crapaud qui répare un moteur, c'est un méca-nicien."",""run"":""gemini""},{""id"":55142,""pun"":""Le dépanneur de mares est très efficace : il a toujours un coup de main de maître-nageur."",""run"":""gemini""},{""id"":52964,""pun"":""Le batracien a raté son permis car il passait son temps à sauter les feux."",""run"":""gemini""},{""id"":12829,""pun"":""Pourquoi le crapaud est-il stressé au volant ? Il a peur de finir en purée de pois."",""run"":""gemini""},{""id"":57847,""pun"":""Pourquoi la grenouille est-elle toujours garée illégalement ? Parce qu'elle adore la mise en v-airt."",""run"":""gemini""},{""id"":33323,""pun"":""Comment appelle-t-on une grenouille qui aide les voitures ? Une dé-patt-euse."",""run"":""gemini""},{""id"":18357,""pun"":""Qu'arrive-t-il au crapaud en panne ? Il demande à se faire remor-quai."",""run"":""gemini""}]"
3699	"[{""id"":70410,""pun"":""Un canard est devant une boulangerie. Il demande : 'Avez-vous des rillettes de canard ?' Le boulanger : 'C'est horrible !'. Le canard : 'Non, c'est pour un ami.'"",""run"":""gemini""},{""id"":25131,""pun"":""Quel canard fait du karaté ? Le coin-fu."",""run"":""gemini""},{""id"":17463,""pun"":""Qu'est-ce qu'un canard qui fait de la magie ? Un coin-coin-stidigitateur."",""run"":""gemini""},{""id"":85428,""pun"":""Pourquoi les canards ne font-ils jamais de cadeaux ? Parce qu'ils ont toujours l'air de faire une cane-cadeau."",""run"":""gemini""},{""id"":29345,""pun"":""Où est-ce que les canards vont au cinéma ? Au coin-can."",""run"":""gemini""},{""id"":52765,""pun"":""Quel est le sport préféré des canards ? Le palla-cane."",""run"":""gemini""},{""id"":72057,""pun"":""Pourquoi les canards sont-ils toujours à l'heure ? Parce qu'ils ont un bec-montre."",""run"":""gemini""},{""id"":44488,""pun"":""Quel est le comble pour un canard ? Avoir la chair de poule."",""run"":""gemini""},{""id"":43526,""pun"":""Comment s'appelle le canard qui garde les troupeaux ? Le berger-colvert."",""run"":""gemini""},{""id"":69630,""pun"":""Que dit un canard qui a oublié son portefeuille ? Je me suis fait becqué."",""run"":""gemini""},{""id"":44503,""pun"":""Quel est le point commun entre un canard et une église ? Les deux ont des palmés."",""run"":""gemini""},{""id"":54051,""pun"":""Comment appelle-t-on un canard qui réussit ses examens ? Un canard-doctorat."",""run"":""gemini""}]"
3700	"[{""id"":60222,""pun"":""Que dit un bûcheron à un arbre qui l'embête ? Tu me scies."",""run"":""gemini""},{""id"":68296,""pun"":""Que font deux arbres quand ils se disputent ? Ils règlent leurs comptes de souches."",""run"":""gemini""},{""id"":29751,""pun"":""Quel est le mois préféré des bûcherons ? Sève-tambre."",""run"":""gemini""},{""id"":12468,""pun"":""Pourquoi le bûcheron a-t-il été arrêté ? Pour port d'arbres prohibé."",""run"":""gemini""},{""id"":16085,""pun"":""Quel est le comble pour un bûcheron ? C'est de se porter comme un charme."",""run"":""gemini""},{""id"":47695,""pun"":""Quel mois est propice pour couper du bois sous la pluie ? Essuie-tambre."",""run"":""gemini""},{""id"":74863,""pun"":""Comment appelle-t-on un bûcheron qui n'aime pas marcher ? Un paresseux du bois."",""run"":""gemini""},{""id"":55735,""pun"":""Comment se sent un bûcheron fatigué ? Il est complètement à bout de bois."",""run"":""gemini""},{""id"":78888,""pun"":""Les arbres n'aiment pas les bûcherons car ils finissent toujours par se fendre la poire."",""run"":""gemini""},{""id"":57072,""pun"":""C'est un bûcheron qui va voir son ami : J'ai forcé sur le travail, ça m'a mis au forfait."",""run"":""gemini""},{""id"":90637,""pun"":""Pourquoi les bûcherons ne travaillent pas en ville ? Parce qu'ils ont trop de branches."",""run"":""gemini""},{""id"":90721,""pun"":""Quel est le calendrier préféré des arbres ? Le calendrier déboisé."",""run"":""gemini""}]"
